settlement_date,settlement_period,fuel_type,source,generation_mw
2026-06-06,1,WIND,elexon,5699
2026-06-06,1,WIND,neso,5800.0
2026-06-06,2,WIND,elexon,5746
2026-06-06,2,WIND,neso,5896.0
2026-06-06,3,WIND,elexon,5800
2026-06-06,3,WIND,neso,5946.0
2026-06-06,4,WIND,elexon,5896
2026-06-06,4,WIND,neso,6145.0
2026-06-06,5,WIND,elexon,5946
2026-06-06,5,WIND,neso,6638.0
2026-06-06,6,WIND,elexon,6145
2026-06-06,6,WIND,neso,7301.0
2026-06-06,7,WIND,elexon,6638
2026-06-06,7,WIND,neso,8009.0
2026-06-06,8,WIND,elexon,7301
2026-06-06,8,WIND,neso,8274.0
2026-06-06,9,WIND,elexon,8009
2026-06-06,9,WIND,neso,9247.0
2026-06-06,10,WIND,elexon,8274
2026-06-06,10,WIND,neso,8973.0
2026-06-06,11,WIND,elexon,9247
2026-06-06,11,WIND,neso,8990.0
2026-06-06,12,WIND,elexon,8973
2026-06-06,12,WIND,neso,9921.0
2026-06-06,13,WIND,elexon,8990
2026-06-06,13,WIND,neso,10528.0
2026-06-06,14,WIND,elexon,9921
2026-06-06,14,WIND,neso,10950.0
2026-06-06,15,WIND,elexon,10528
2026-06-06,15,WIND,neso,10930.0
2026-06-06,16,WIND,elexon,10950
2026-06-06,16,WIND,neso,11340.0
2026-06-06,17,WIND,elexon,10930
2026-06-06,17,WIND,neso,11511.0
2026-06-06,18,WIND,elexon,11340
2026-06-06,18,WIND,neso,12076.0
2026-06-06,19,WIND,elexon,11511
2026-06-06,19,WIND,neso,11834.0
2026-06-06,20,WIND,elexon,12076
2026-06-06,20,WIND,neso,12129.0
2026-06-06,21,WIND,elexon,11834
2026-06-06,21,WIND,neso,11688.0
2026-06-06,22,WIND,elexon,12129
2026-06-06,22,WIND,neso,11261.0
2026-06-06,23,WIND,elexon,11688
2026-06-06,23,WIND,neso,10887.0
2026-06-06,24,WIND,elexon,11261
2026-06-06,24,WIND,neso,10442.0
2026-06-06,25,WIND,elexon,10887
2026-06-06,25,WIND,neso,10584.0
2026-06-06,26,WIND,elexon,10442
2026-06-06,26,WIND,neso,10353.0
2026-06-06,27,WIND,elexon,10584
2026-06-06,27,WIND,neso,10426.0
2026-06-06,28,WIND,elexon,10353
2026-06-06,28,WIND,neso,10380.0
2026-06-06,29,WIND,elexon,10426
2026-06-06,29,WIND,neso,9602.0
2026-06-06,30,WIND,elexon,10380
2026-06-06,30,WIND,neso,9133.0
2026-06-06,31,WIND,elexon,9602
2026-06-06,31,WIND,neso,8843.0
2026-06-06,32,WIND,elexon,9133
2026-06-06,32,WIND,neso,8909.0
2026-06-06,33,WIND,elexon,8843
2026-06-06,33,WIND,neso,9040.0
2026-06-06,34,WIND,elexon,8909
2026-06-06,34,WIND,neso,9004.0
2026-06-06,35,WIND,elexon,9040
2026-06-06,35,WIND,neso,9087.0
2026-06-06,36,WIND,elexon,9004
2026-06-06,36,WIND,neso,8975.0
2026-06-06,37,WIND,elexon,9087
2026-06-06,37,WIND,neso,8649.0
2026-06-06,38,WIND,elexon,8975
2026-06-06,38,WIND,neso,8158.0
2026-06-06,39,WIND,elexon,8649
2026-06-06,39,WIND,neso,7831.0
2026-06-06,40,WIND,elexon,8158
2026-06-06,40,WIND,neso,7762.0
2026-06-06,41,WIND,elexon,7831
2026-06-06,41,WIND,neso,7564.0
2026-06-06,42,WIND,elexon,7762
2026-06-06,42,WIND,neso,7506.0
2026-06-06,43,WIND,elexon,7564
2026-06-06,43,WIND,neso,7600.0
2026-06-06,44,WIND,elexon,7506
2026-06-06,44,WIND,neso,7928.0
2026-06-06,45,WIND,elexon,7600
2026-06-06,45,WIND,neso,8396.0
2026-06-06,46,WIND,elexon,7928
2026-06-06,46,WIND,neso,8416.0
2026-06-06,47,WIND,elexon,8396
2026-06-06,47,WIND,neso,8760.0
2026-06-06,48,WIND,elexon,8416
2026-06-06,48,WIND,neso,9424.0
2026-06-07,1,WIND,elexon,8760
2026-06-07,1,WIND,neso,9508.0
2026-06-07,2,WIND,elexon,9424
2026-06-07,2,WIND,neso,9442.0
2026-06-07,3,WIND,elexon,9508
2026-06-07,3,WIND,neso,9678.0
2026-06-07,4,WIND,elexon,9442
2026-06-07,4,WIND,neso,9878.0
2026-06-07,5,WIND,elexon,9678
2026-06-07,5,WIND,neso,10121.0
2026-06-07,6,WIND,elexon,9878
2026-06-07,6,WIND,neso,10523.0
2026-06-07,7,WIND,elexon,10121
2026-06-07,7,WIND,neso,10902.0
2026-06-07,8,WIND,elexon,10523
2026-06-07,8,WIND,neso,10986.0
2026-06-07,9,WIND,elexon,10902
2026-06-07,9,WIND,neso,10705.0
2026-06-07,10,WIND,elexon,10986
2026-06-07,10,WIND,neso,10418.0
2026-06-07,11,WIND,elexon,10705
2026-06-07,11,WIND,neso,10825.0
2026-06-07,12,WIND,elexon,10418
2026-06-07,12,WIND,neso,11046.0
2026-06-07,13,WIND,elexon,10825
2026-06-07,13,WIND,neso,10954.0
2026-06-07,14,WIND,elexon,11046
2026-06-07,14,WIND,neso,10911.0
2026-06-07,15,WIND,elexon,10954
2026-06-07,15,WIND,neso,11076.0
2026-06-07,16,WIND,elexon,10911
2026-06-07,16,WIND,neso,11264.0
2026-06-07,17,WIND,elexon,11076
2026-06-07,17,WIND,neso,11386.0
2026-06-07,18,WIND,elexon,11264
2026-06-07,18,WIND,neso,11912.0
2026-06-07,19,WIND,elexon,11386
2026-06-07,19,WIND,neso,11751.0
2026-06-07,20,WIND,elexon,11912
2026-06-07,20,WIND,neso,11912.0
2026-06-07,21,WIND,elexon,11751
2026-06-07,21,WIND,neso,11835.0
2026-06-07,22,WIND,elexon,11912
2026-06-07,22,WIND,neso,11940.0
2026-06-07,23,WIND,elexon,11835
2026-06-07,23,WIND,neso,11861.0
2026-06-07,24,WIND,elexon,11940
2026-06-07,24,WIND,neso,11947.0
2026-06-07,25,WIND,elexon,11861
2026-06-07,25,WIND,neso,12155.0
2026-06-07,26,WIND,elexon,11947
2026-06-07,26,WIND,neso,12424.0
2026-06-07,27,WIND,elexon,12155
2026-06-07,27,WIND,neso,12150.0
2026-06-07,28,WIND,elexon,12424
2026-06-07,28,WIND,neso,11971.0
2026-06-07,29,WIND,elexon,12150
2026-06-07,29,WIND,neso,12312.0
2026-06-07,30,WIND,elexon,11971
2026-06-07,30,WIND,neso,12553.0
2026-06-07,31,WIND,elexon,12312
2026-06-07,31,WIND,neso,11907.0
2026-06-07,32,WIND,elexon,12553
2026-06-07,32,WIND,neso,11535.0
2026-06-07,33,WIND,elexon,11907
2026-06-07,33,WIND,neso,10307.0
2026-06-07,34,WIND,elexon,11535
2026-06-07,34,WIND,neso,10086.0
2026-06-07,35,WIND,elexon,10307
2026-06-07,35,WIND,neso,10003.0
2026-06-07,36,WIND,elexon,10086
2026-06-07,36,WIND,neso,9827.0
2026-06-07,37,WIND,elexon,10003
2026-06-07,37,WIND,neso,9465.0
2026-06-07,38,WIND,elexon,9827
2026-06-07,38,WIND,neso,8837.0
2026-06-07,39,WIND,elexon,9465
2026-06-07,39,WIND,neso,9043.0
2026-06-07,40,WIND,elexon,8837
2026-06-07,40,WIND,neso,9023.0
2026-06-07,41,WIND,elexon,9043
2026-06-07,41,WIND,neso,8961.0
2026-06-07,42,WIND,elexon,9023
2026-06-07,42,WIND,neso,8627.0
2026-06-07,43,WIND,elexon,8961
2026-06-07,43,WIND,neso,8660.0
2026-06-07,44,WIND,elexon,8627
2026-06-07,44,WIND,neso,9075.0
2026-06-07,45,WIND,elexon,8660
2026-06-07,45,WIND,neso,8959.0
2026-06-07,46,WIND,elexon,9075
2026-06-07,46,WIND,neso,8568.0
2026-06-07,47,WIND,elexon,8959
2026-06-07,47,WIND,neso,8143.0
2026-06-07,48,WIND,elexon,8568
2026-06-07,48,WIND,neso,7785.0
2026-06-08,1,WIND,elexon,8143
2026-06-08,1,WIND,neso,7902.0
2026-06-08,2,WIND,elexon,7785
2026-06-08,2,WIND,neso,7746.0
2026-06-08,3,WIND,elexon,7902
2026-06-08,3,WIND,neso,7264.0
2026-06-08,4,WIND,elexon,7746
2026-06-08,4,WIND,neso,6553.0
2026-06-08,5,WIND,elexon,7264
2026-06-08,5,WIND,neso,6211.0
2026-06-08,6,WIND,elexon,6553
2026-06-08,6,WIND,neso,6402.0
2026-06-08,7,WIND,elexon,6211
2026-06-08,7,WIND,neso,6477.0
2026-06-08,8,WIND,elexon,6402
2026-06-08,8,WIND,neso,6720.0
2026-06-08,9,WIND,elexon,6477
2026-06-08,9,WIND,neso,6764.0
2026-06-08,10,WIND,elexon,6720
2026-06-08,10,WIND,neso,6829.0
2026-06-08,11,WIND,elexon,6764
2026-06-08,11,WIND,neso,7291.0
2026-06-08,12,WIND,elexon,6829
2026-06-08,12,WIND,neso,7470.0
2026-06-08,13,WIND,elexon,7291
2026-06-08,13,WIND,neso,7685.0
2026-06-08,14,WIND,elexon,7470
2026-06-08,14,WIND,neso,7962.0
2026-06-08,15,WIND,elexon,7685
2026-06-08,15,WIND,neso,7838.0
2026-06-08,16,WIND,elexon,7962
2026-06-08,16,WIND,neso,7816.0
2026-06-08,17,WIND,elexon,7838
2026-06-08,17,WIND,neso,7633.0
2026-06-08,18,WIND,elexon,7816
2026-06-08,18,WIND,neso,7225.0
2026-06-08,19,WIND,elexon,7633
2026-06-08,19,WIND,neso,6814.0
2026-06-08,20,WIND,elexon,7225
2026-06-08,20,WIND,neso,6495.0
2026-06-08,21,WIND,elexon,6814
2026-06-08,21,WIND,neso,6679.0
2026-06-08,22,WIND,elexon,6495
2026-06-08,22,WIND,neso,6636.0
2026-06-08,23,WIND,elexon,6679
2026-06-08,23,WIND,neso,6431.0
2026-06-08,24,WIND,elexon,6636
2026-06-08,24,WIND,neso,6340.0
2026-06-08,25,WIND,elexon,6431
2026-06-08,25,WIND,neso,6428.0
2026-06-08,26,WIND,elexon,6340
2026-06-08,26,WIND,neso,6699.0
2026-06-08,27,WIND,elexon,6428
2026-06-08,27,WIND,neso,6303.0
2026-06-08,28,WIND,elexon,6699
2026-06-08,28,WIND,neso,5915.0
2026-06-08,29,WIND,elexon,6303
2026-06-08,29,WIND,neso,5512.0
2026-06-08,30,WIND,elexon,5915
2026-06-08,30,WIND,neso,5618.0
2026-06-08,31,WIND,elexon,5512
2026-06-08,31,WIND,neso,5797.0
2026-06-08,32,WIND,elexon,5618
2026-06-08,32,WIND,neso,5862.0
2026-06-08,33,WIND,elexon,5797
2026-06-08,33,WIND,neso,6204.0
2026-06-08,34,WIND,elexon,5862
2026-06-08,34,WIND,neso,6340.0
2026-06-08,35,WIND,elexon,6204
2026-06-08,35,WIND,neso,5670.0
2026-06-08,36,WIND,elexon,6340
2026-06-08,36,WIND,neso,5504.0
2026-06-08,37,WIND,elexon,5670
2026-06-08,37,WIND,neso,5391.0
2026-06-08,38,WIND,elexon,5504
2026-06-08,38,WIND,neso,5515.0
2026-06-08,39,WIND,elexon,5391
2026-06-08,39,WIND,neso,5492.0
2026-06-08,40,WIND,elexon,5515
2026-06-08,40,WIND,neso,5419.0
2026-06-08,41,WIND,elexon,5492
2026-06-08,41,WIND,neso,5754.0
2026-06-08,42,WIND,elexon,5419
2026-06-08,42,WIND,neso,6154.0
2026-06-08,43,WIND,elexon,5754
2026-06-08,43,WIND,neso,6056.0
2026-06-08,44,WIND,elexon,6154
2026-06-08,44,WIND,neso,5935.0
2026-06-08,45,WIND,elexon,6056
2026-06-08,45,WIND,neso,5874.0
2026-06-08,46,WIND,elexon,5935
2026-06-08,46,WIND,neso,5614.0
2026-06-08,47,WIND,elexon,5874
2026-06-08,47,WIND,neso,5892.0
2026-06-08,48,WIND,elexon,5614
2026-06-08,48,WIND,neso,6240.0
2026-06-09,1,WIND,elexon,5892
2026-06-09,1,WIND,neso,6225.0
2026-06-09,2,WIND,elexon,6240
2026-06-09,2,WIND,neso,6175.0
2026-06-09,3,WIND,elexon,6225
2026-06-09,3,WIND,neso,6232.0
2026-06-09,4,WIND,elexon,6175
2026-06-09,4,WIND,neso,6108.0
2026-06-09,5,WIND,elexon,6232
2026-06-09,5,WIND,neso,6149.0
2026-06-09,6,WIND,elexon,6108
2026-06-09,6,WIND,neso,6147.0
2026-06-09,7,WIND,elexon,6149
2026-06-09,7,WIND,neso,5767.0
2026-06-09,8,WIND,elexon,6147
2026-06-09,8,WIND,neso,6241.0
2026-06-09,9,WIND,elexon,5767
2026-06-09,9,WIND,neso,6691.0
2026-06-09,10,WIND,elexon,6241
2026-06-09,10,WIND,neso,6918.0
2026-06-09,11,WIND,elexon,6691
2026-06-09,11,WIND,neso,6942.0
2026-06-09,12,WIND,elexon,6918
2026-06-09,12,WIND,neso,6878.0
2026-06-09,13,WIND,elexon,6942
2026-06-09,13,WIND,neso,7051.0
2026-06-09,14,WIND,elexon,6878
2026-06-09,14,WIND,neso,7204.0
2026-06-09,15,WIND,elexon,7051
2026-06-09,15,WIND,neso,7465.0
2026-06-09,16,WIND,elexon,7204
2026-06-09,16,WIND,neso,7759.0
2026-06-09,17,WIND,elexon,7465
2026-06-09,17,WIND,neso,8133.0
2026-06-09,18,WIND,elexon,7759
2026-06-09,18,WIND,neso,8642.0
2026-06-09,19,WIND,elexon,8133
2026-06-09,19,WIND,neso,8611.0
2026-06-09,20,WIND,elexon,8642
2026-06-09,20,WIND,neso,8216.0
2026-06-09,21,WIND,elexon,8611
2026-06-09,21,WIND,neso,7790.0
2026-06-09,22,WIND,elexon,8216
2026-06-09,22,WIND,neso,7058.0
2026-06-09,23,WIND,elexon,7790
2026-06-09,23,WIND,neso,6833.0
2026-06-09,24,WIND,elexon,7058
2026-06-09,24,WIND,neso,7214.0
2026-06-09,25,WIND,elexon,6833
2026-06-09,25,WIND,neso,7149.0
2026-06-09,26,WIND,elexon,7214
2026-06-09,26,WIND,neso,6721.0
2026-06-09,27,WIND,elexon,7149
2026-06-09,27,WIND,neso,6571.0
2026-06-09,28,WIND,elexon,6721
2026-06-09,28,WIND,neso,6315.0
2026-06-09,29,WIND,elexon,6571
2026-06-09,29,WIND,neso,6307.0
2026-06-09,30,WIND,elexon,6315
2026-06-09,30,WIND,neso,7101.0
2026-06-09,31,WIND,elexon,6307
2026-06-09,31,WIND,neso,7575.0
2026-06-09,32,WIND,elexon,7101
2026-06-09,32,WIND,neso,7702.0
2026-06-09,33,WIND,elexon,7575
2026-06-09,33,WIND,neso,7707.0
2026-06-09,34,WIND,elexon,7702
2026-06-09,34,WIND,neso,8210.0
2026-06-09,35,WIND,elexon,7707
2026-06-09,35,WIND,neso,8751.0
2026-06-09,36,WIND,elexon,8210
2026-06-09,36,WIND,neso,9014.0
2026-06-09,37,WIND,elexon,8751
2026-06-09,37,WIND,neso,8213.0
2026-06-09,38,WIND,elexon,9014
2026-06-09,38,WIND,neso,7450.0
2026-06-09,39,WIND,elexon,8213
2026-06-09,39,WIND,neso,6662.0
2026-06-09,40,WIND,elexon,7450
2026-06-09,40,WIND,neso,6290.0
2026-06-09,41,WIND,elexon,6662
2026-06-09,41,WIND,neso,6429.0
2026-06-09,42,WIND,elexon,6290
2026-06-09,42,WIND,neso,6230.0
2026-06-09,43,WIND,elexon,6429
2026-06-09,43,WIND,neso,6508.0
2026-06-09,44,WIND,elexon,6230
2026-06-09,44,WIND,neso,6649.0
2026-06-09,45,WIND,elexon,6508
2026-06-09,45,WIND,neso,7142.0
2026-06-09,46,WIND,elexon,6649
2026-06-09,46,WIND,neso,7434.0
2026-06-09,47,WIND,elexon,7142
2026-06-09,47,WIND,neso,7697.0
2026-06-09,48,WIND,elexon,7434
2026-06-09,48,WIND,neso,8024.0
2026-06-10,1,WIND,elexon,7697
2026-06-10,1,WIND,neso,7899.0
2026-06-10,2,WIND,elexon,8024
2026-06-10,2,WIND,neso,7725.0
2026-06-10,3,WIND,elexon,7899
2026-06-10,3,WIND,neso,7904.0
2026-06-10,4,WIND,elexon,7725
2026-06-10,4,WIND,neso,7757.0
2026-06-10,5,WIND,elexon,7904
2026-06-10,5,WIND,neso,7100.0
2026-06-10,6,WIND,elexon,7757
2026-06-10,6,WIND,neso,6547.0
2026-06-10,7,WIND,elexon,7100
2026-06-10,7,WIND,neso,6534.0
2026-06-10,8,WIND,elexon,6547
2026-06-10,8,WIND,neso,6822.0
2026-06-10,9,WIND,elexon,6534
2026-06-10,9,WIND,neso,6238.0
2026-06-10,10,WIND,elexon,6822
2026-06-10,10,WIND,neso,5425.0
2026-06-10,11,WIND,elexon,6238
2026-06-10,11,WIND,neso,4859.0
2026-06-10,12,WIND,elexon,5425
2026-06-10,12,WIND,neso,4535.0
2026-06-10,13,WIND,elexon,4859
2026-06-10,13,WIND,neso,4332.0
2026-06-10,14,WIND,elexon,4535
2026-06-10,14,WIND,neso,4130.0
2026-06-10,15,WIND,elexon,4332
2026-06-10,15,WIND,neso,4138.0
2026-06-10,16,WIND,elexon,4130
2026-06-10,16,WIND,neso,3758.0
2026-06-10,17,WIND,elexon,4138
2026-06-10,17,WIND,neso,3825.0
2026-06-10,18,WIND,elexon,3758
2026-06-10,18,WIND,neso,3877.0
2026-06-10,19,WIND,elexon,3825
2026-06-10,19,WIND,neso,4030.0
2026-06-10,20,WIND,elexon,3877
2026-06-10,20,WIND,neso,4340.0
2026-06-10,21,WIND,elexon,4030
2026-06-10,21,WIND,neso,4407.0
2026-06-10,22,WIND,elexon,4340
2026-06-10,22,WIND,neso,4587.0
2026-06-10,23,WIND,elexon,4407
2026-06-10,23,WIND,neso,4408.0
2026-06-10,24,WIND,elexon,4587
2026-06-10,24,WIND,neso,4506.0
2026-06-10,25,WIND,elexon,4408
2026-06-10,25,WIND,neso,4650.0
2026-06-10,26,WIND,elexon,4506
2026-06-10,26,WIND,neso,4942.0
2026-06-10,27,WIND,elexon,4650
2026-06-10,27,WIND,neso,4913.0
2026-06-10,28,WIND,elexon,4942
2026-06-10,28,WIND,neso,5261.0
2026-06-10,29,WIND,elexon,4913
2026-06-10,29,WIND,neso,4925.0
2026-06-10,30,WIND,elexon,5261
2026-06-10,30,WIND,neso,4823.0
2026-06-10,31,WIND,elexon,4925
2026-06-10,31,WIND,neso,4774.0
2026-06-10,32,WIND,elexon,4823
2026-06-10,32,WIND,neso,4788.0
2026-06-10,33,WIND,elexon,4774
2026-06-10,33,WIND,neso,4794.0
2026-06-10,34,WIND,elexon,4788
2026-06-10,34,WIND,neso,5220.0
2026-06-10,35,WIND,elexon,4794
2026-06-10,35,WIND,neso,5432.0
2026-06-10,36,WIND,elexon,5220
2026-06-10,36,WIND,neso,5234.0
2026-06-10,37,WIND,elexon,5432
2026-06-10,37,WIND,neso,5227.0
2026-06-10,38,WIND,elexon,5234
2026-06-10,38,WIND,neso,4826.0
2026-06-10,39,WIND,elexon,5227
2026-06-10,39,WIND,neso,4656.0
2026-06-10,40,WIND,elexon,4826
2026-06-10,40,WIND,neso,4596.0
2026-06-10,41,WIND,elexon,4656
2026-06-10,41,WIND,neso,4336.0
2026-06-10,42,WIND,elexon,4596
2026-06-10,42,WIND,neso,4258.0
2026-06-10,43,WIND,elexon,4336
2026-06-10,43,WIND,neso,4304.0
2026-06-10,44,WIND,elexon,4258
2026-06-10,44,WIND,neso,4542.0
2026-06-10,45,WIND,elexon,4304
2026-06-10,45,WIND,neso,4642.0
2026-06-10,46,WIND,elexon,4542
2026-06-10,46,WIND,neso,4763.0
2026-06-10,47,WIND,elexon,4642
2026-06-10,47,WIND,neso,4800.0
2026-06-10,48,WIND,elexon,4763
2026-06-10,48,WIND,neso,4898.0
2026-06-11,1,WIND,elexon,4800
2026-06-11,1,WIND,neso,4821.0
2026-06-11,2,WIND,elexon,4898
2026-06-11,2,WIND,neso,4852.0
2026-06-11,3,WIND,elexon,4821
2026-06-11,3,WIND,neso,4740.0
2026-06-11,4,WIND,elexon,4852
2026-06-11,4,WIND,neso,4424.0
2026-06-11,5,WIND,elexon,4740
2026-06-11,5,WIND,neso,4440.0
2026-06-11,6,WIND,elexon,4424
2026-06-11,6,WIND,neso,4834.0
2026-06-11,7,WIND,elexon,4440
2026-06-11,7,WIND,neso,5102.0
2026-06-11,8,WIND,elexon,4834
2026-06-11,8,WIND,neso,5177.0
2026-06-11,9,WIND,elexon,5102
2026-06-11,9,WIND,neso,5182.0
2026-06-11,10,WIND,elexon,5177
2026-06-11,10,WIND,neso,4605.0
2026-06-11,11,WIND,elexon,5182
2026-06-11,11,WIND,neso,4188.0
2026-06-11,12,WIND,elexon,4605
2026-06-11,12,WIND,neso,3943.0
2026-06-11,13,WIND,elexon,4188
2026-06-11,13,WIND,neso,4270.0
2026-06-11,14,WIND,elexon,3943
2026-06-11,14,WIND,neso,4805.0
2026-06-11,15,WIND,elexon,4270
2026-06-11,15,WIND,neso,5521.0
2026-06-11,16,WIND,elexon,4805
2026-06-11,16,WIND,neso,6124.0
2026-06-11,17,WIND,elexon,5521
2026-06-11,17,WIND,neso,6412.0
2026-06-11,18,WIND,elexon,6124
2026-06-11,18,WIND,neso,6550.0
2026-06-11,19,WIND,elexon,6412
2026-06-11,19,WIND,neso,7144.0
2026-06-11,20,WIND,elexon,6550
2026-06-11,20,WIND,neso,7956.0
2026-06-11,21,WIND,elexon,7144
2026-06-11,21,WIND,neso,8989.0
2026-06-11,22,WIND,elexon,7956
2026-06-11,22,WIND,neso,9590.0
2026-06-11,23,WIND,elexon,8989
2026-06-11,23,WIND,neso,10516.0
2026-06-11,24,WIND,elexon,9590
2026-06-11,24,WIND,neso,9955.0
2026-06-11,25,WIND,elexon,10516
2026-06-11,25,WIND,neso,9990.0
2026-06-11,26,WIND,elexon,9955
2026-06-11,26,WIND,neso,10684.0
2026-06-11,27,WIND,elexon,9990
2026-06-11,27,WIND,neso,11202.0
2026-06-11,28,WIND,elexon,10684
2026-06-11,28,WIND,neso,11300.0
2026-06-11,29,WIND,elexon,11202
2026-06-11,29,WIND,neso,11665.0
2026-06-11,30,WIND,elexon,11300
2026-06-11,30,WIND,neso,12098.0
2026-06-11,31,WIND,elexon,11665
2026-06-11,31,WIND,neso,12518.0
2026-06-11,32,WIND,elexon,12098
2026-06-11,32,WIND,neso,12872.0
2026-06-11,33,WIND,elexon,12518
2026-06-11,33,WIND,neso,13185.0
2026-06-11,34,WIND,elexon,12872
2026-06-11,34,WIND,neso,12994.0
2026-06-11,35,WIND,elexon,13185
2026-06-11,35,WIND,neso,12539.0
2026-06-11,36,WIND,elexon,12994
2026-06-11,36,WIND,neso,12414.0
2026-06-11,37,WIND,elexon,12539
2026-06-11,37,WIND,neso,12061.0
2026-06-11,38,WIND,elexon,12414
2026-06-11,38,WIND,neso,11732.0
2026-06-11,39,WIND,elexon,12061
2026-06-11,39,WIND,neso,11479.0
2026-06-11,40,WIND,elexon,11732
2026-06-11,40,WIND,neso,11014.0
2026-06-11,41,WIND,elexon,11479
2026-06-11,41,WIND,neso,11113.0
2026-06-11,42,WIND,elexon,11014
2026-06-11,42,WIND,neso,11527.0
2026-06-11,43,WIND,elexon,11113
2026-06-11,43,WIND,neso,12245.0
2026-06-11,44,WIND,elexon,11527
2026-06-11,44,WIND,neso,12973.0
2026-06-11,45,WIND,elexon,12245
2026-06-11,45,WIND,neso,13370.0
2026-06-11,46,WIND,elexon,12973
2026-06-11,46,WIND,neso,12965.0
2026-06-11,47,WIND,elexon,13370
2026-06-11,47,WIND,neso,13029.0
2026-06-11,48,WIND,elexon,12965
2026-06-11,48,WIND,neso,12693.0
2026-06-12,1,WIND,elexon,13029
2026-06-12,1,WIND,neso,12561.0
2026-06-12,2,WIND,elexon,12693
2026-06-12,2,WIND,neso,12556.0
2026-06-12,3,WIND,elexon,12561
2026-06-12,3,WIND,neso,12579.0
2026-06-12,4,WIND,elexon,12556
2026-06-12,4,WIND,neso,12506.0
2026-06-12,5,WIND,elexon,12579
2026-06-12,5,WIND,neso,12410.0
2026-06-12,6,WIND,elexon,12506
2026-06-12,6,WIND,neso,12353.0
2026-06-12,7,WIND,elexon,12410
2026-06-12,7,WIND,neso,12414.0
2026-06-12,8,WIND,elexon,12353
2026-06-12,8,WIND,neso,12110.0
2026-06-12,9,WIND,elexon,12414
2026-06-12,9,WIND,neso,11750.0
2026-06-12,10,WIND,elexon,12110
2026-06-12,10,WIND,neso,11522.0
2026-06-12,11,WIND,elexon,11750
2026-06-12,11,WIND,neso,11511.0
2026-06-12,12,WIND,elexon,11522
2026-06-12,12,WIND,neso,10647.0
2026-06-12,13,WIND,elexon,11511
2026-06-12,13,WIND,neso,10586.0
2026-06-12,14,WIND,elexon,10647
2026-06-12,14,WIND,neso,9943.0
2026-06-12,15,WIND,elexon,10586
2026-06-12,15,WIND,neso,9429.0
2026-06-12,16,WIND,elexon,9943
2026-06-12,16,WIND,neso,9113.0
2026-06-12,17,WIND,elexon,9429
2026-06-12,17,WIND,neso,9105.0
2026-06-12,18,WIND,elexon,9113
2026-06-12,18,WIND,neso,9739.0
2026-06-12,19,WIND,elexon,9105
2026-06-12,19,WIND,neso,10663.0
2026-06-12,20,WIND,elexon,9739
2026-06-12,20,WIND,neso,10772.0
2026-06-12,21,WIND,elexon,10663
2026-06-12,21,WIND,neso,10903.0
2026-06-12,22,WIND,elexon,10772
2026-06-12,22,WIND,neso,11084.0
2026-06-12,23,WIND,elexon,10903
2026-06-12,23,WIND,neso,11550.0
2026-06-12,24,WIND,elexon,11084
2026-06-12,24,WIND,neso,11958.0
2026-06-12,25,WIND,elexon,11550
2026-06-12,25,WIND,neso,12443.0
2026-06-12,26,WIND,elexon,11958
2026-06-12,26,WIND,neso,12401.0
2026-06-12,27,WIND,elexon,12443
2026-06-12,27,WIND,neso,12079.0
2026-06-12,28,WIND,elexon,12401
2026-06-12,28,WIND,neso,11974.0
2026-06-12,29,WIND,elexon,12079
2026-06-12,29,WIND,neso,12061.0
2026-06-12,30,WIND,elexon,11974
2026-06-12,30,WIND,neso,12356.0
2026-06-12,31,WIND,elexon,12061
2026-06-12,31,WIND,neso,12461.0
2026-06-12,32,WIND,elexon,12356
2026-06-12,32,WIND,neso,12218.0
2026-06-12,33,WIND,elexon,12461
2026-06-12,33,WIND,neso,12812.0
2026-06-12,34,WIND,elexon,12218
2026-06-12,34,WIND,neso,13049.0
2026-06-12,35,WIND,elexon,12812
2026-06-12,35,WIND,neso,13475.0
2026-06-12,36,WIND,elexon,13049
2026-06-12,36,WIND,neso,13848.0
2026-06-12,37,WIND,elexon,13475
2026-06-12,37,WIND,neso,13761.0
2026-06-12,38,WIND,elexon,13848
2026-06-12,38,WIND,neso,12658.0
2026-06-12,39,WIND,elexon,13761
2026-06-12,39,WIND,neso,12442.0
2026-06-12,40,WIND,elexon,12658
2026-06-12,40,WIND,neso,12584.0
2026-06-12,41,WIND,elexon,12442
2026-06-12,41,WIND,neso,12279.0
2026-06-12,42,WIND,elexon,12584
2026-06-12,42,WIND,neso,12242.0
2026-06-12,43,WIND,elexon,12279
2026-06-12,43,WIND,neso,12347.0
2026-06-12,44,WIND,elexon,12242
2026-06-12,44,WIND,neso,12357.0
2026-06-12,45,WIND,elexon,12347
2026-06-12,45,WIND,neso,12643.0
2026-06-12,46,WIND,elexon,12357
2026-06-12,46,WIND,neso,12924.0
2026-06-12,47,WIND,elexon,12643
2026-06-12,47,WIND,neso,13318.0
2026-06-12,48,WIND,elexon,12924
2026-06-12,48,WIND,neso,13330.0
2026-06-13,1,WIND,elexon,13318
2026-06-13,1,WIND,neso,13495.0
2026-06-13,2,WIND,elexon,13330
2026-06-13,2,WIND,neso,13490.0
2026-06-13,3,WIND,elexon,13495
2026-06-13,3,WIND,neso,12850.0
2026-06-13,4,WIND,elexon,13490
2026-06-13,4,WIND,neso,13015.0
2026-06-13,5,WIND,elexon,12850
2026-06-13,5,WIND,neso,14079.0
2026-06-13,6,WIND,elexon,13015
2026-06-13,6,WIND,neso,14321.0
2026-06-13,7,WIND,elexon,14079
2026-06-13,7,WIND,neso,14574.0
2026-06-13,8,WIND,elexon,14321
2026-06-13,8,WIND,neso,14303.0
2026-06-13,9,WIND,elexon,14574
2026-06-13,9,WIND,neso,14027.0
2026-06-13,10,WIND,elexon,14303
2026-06-13,10,WIND,neso,13943.0
2026-06-13,11,WIND,elexon,14027
2026-06-13,11,WIND,neso,13969.0
2026-06-13,12,WIND,elexon,13943
2026-06-13,12,WIND,neso,14313.0
2026-06-13,13,WIND,elexon,13969
2026-06-13,13,WIND,neso,14158.0
2026-06-13,14,WIND,elexon,14313
2026-06-13,14,WIND,neso,14414.0
2026-06-13,15,WIND,elexon,14158
2026-06-13,15,WIND,neso,13364.0
2026-06-13,16,WIND,elexon,14414
2026-06-13,16,WIND,neso,12837.0
2026-06-13,17,WIND,elexon,13364
2026-06-13,17,WIND,neso,11826.0
2026-06-13,18,WIND,elexon,12837
2026-06-13,18,WIND,neso,11221.0
2026-06-13,19,WIND,elexon,11826
2026-06-13,19,WIND,neso,11082.0
2026-06-13,20,WIND,elexon,11221
2026-06-13,20,WIND,neso,11189.0
2026-06-13,21,WIND,elexon,11082
2026-06-13,21,WIND,neso,11152.0
2026-06-13,22,WIND,elexon,11189
2026-06-13,22,WIND,neso,11253.0
2026-06-13,23,WIND,elexon,11152
2026-06-13,23,WIND,neso,10635.0
2026-06-13,24,WIND,elexon,11253
2026-06-13,24,WIND,neso,10494.0
2026-06-13,25,WIND,elexon,10635
2026-06-13,25,WIND,neso,10285.0
2026-06-13,26,WIND,elexon,10494
2026-06-13,26,WIND,neso,9749.0
2026-06-13,27,WIND,elexon,10285
2026-06-13,27,WIND,neso,9218.0
2026-06-13,28,WIND,elexon,9749
2026-06-13,28,WIND,neso,9121.0
2026-06-13,29,WIND,elexon,9218
2026-06-13,29,WIND,neso,8616.0
2026-06-13,30,WIND,elexon,9121
2026-06-13,30,WIND,neso,8583.0
2026-06-13,31,WIND,elexon,8616
2026-06-13,31,WIND,neso,8679.0
2026-06-13,32,WIND,elexon,8583
2026-06-13,32,WIND,neso,8860.0
2026-06-13,33,WIND,elexon,8679
2026-06-13,33,WIND,neso,9828.0
2026-06-13,34,WIND,elexon,8860
2026-06-13,34,WIND,neso,10213.0
2026-06-13,35,WIND,elexon,9828
2026-06-13,35,WIND,neso,10580.0
2026-06-13,36,WIND,elexon,10213
2026-06-13,36,WIND,neso,10932.0
2026-06-13,37,WIND,elexon,10580
2026-06-13,37,WIND,neso,10562.0
2026-06-13,38,WIND,elexon,10932
2026-06-13,38,WIND,neso,10276.0
2026-06-13,39,WIND,elexon,10562
2026-06-13,39,WIND,neso,9830.0
2026-06-13,40,WIND,elexon,10276
2026-06-13,40,WIND,neso,9715.0
2026-06-13,41,WIND,elexon,9830
2026-06-13,41,WIND,neso,9774.0
2026-06-13,42,WIND,elexon,9715
2026-06-13,42,WIND,neso,10204.0
2026-06-13,43,WIND,elexon,9774
2026-06-13,43,WIND,neso,11213.0
2026-06-13,44,WIND,elexon,10204
2026-06-13,44,WIND,neso,11372.0
2026-06-13,45,WIND,elexon,11213
2026-06-13,45,WIND,neso,11243.0
2026-06-13,46,WIND,elexon,11372
2026-06-13,46,WIND,neso,11643.0
2026-06-13,47,WIND,elexon,11243
2026-06-13,47,WIND,neso,10790.0
2026-06-13,48,WIND,elexon,11643
2026-06-13,48,WIND,neso,10537.0
2026-06-14,1,WIND,elexon,10790
2026-06-14,1,WIND,neso,8946.0
2026-06-14,2,WIND,elexon,10537
2026-06-14,2,WIND,neso,8191.0
2026-06-14,3,WIND,elexon,8946
2026-06-14,3,WIND,neso,7746.0
2026-06-14,4,WIND,elexon,8191
2026-06-14,4,WIND,neso,7943.0
2026-06-14,5,WIND,elexon,7746
2026-06-14,5,WIND,neso,7879.0
2026-06-14,6,WIND,elexon,7943
2026-06-14,6,WIND,neso,7753.0
2026-06-14,7,WIND,elexon,7879
2026-06-14,7,WIND,neso,7321.0
2026-06-14,8,WIND,elexon,7753
2026-06-14,8,WIND,neso,6988.0
2026-06-14,9,WIND,elexon,7321
2026-06-14,9,WIND,neso,6760.0
2026-06-14,10,WIND,elexon,6988
2026-06-14,10,WIND,neso,6476.0
2026-06-14,11,WIND,elexon,6760
2026-06-14,11,WIND,neso,6099.0
2026-06-14,12,WIND,elexon,6476
2026-06-14,12,WIND,neso,5542.0
2026-06-14,13,WIND,elexon,6099
2026-06-14,13,WIND,neso,5380.0
2026-06-14,14,WIND,elexon,5542
2026-06-14,14,WIND,neso,5022.0
2026-06-14,15,WIND,elexon,5380
2026-06-14,15,WIND,neso,4713.0
2026-06-14,16,WIND,elexon,5022
2026-06-14,16,WIND,neso,4422.0
2026-06-14,17,WIND,elexon,4713
2026-06-14,17,WIND,neso,4305.0
2026-06-14,18,WIND,elexon,4422
2026-06-14,18,WIND,neso,4265.0
2026-06-14,19,WIND,elexon,4305
2026-06-14,19,WIND,neso,4265.0
2026-06-14,20,WIND,elexon,4265
2026-06-14,20,WIND,neso,4374.0
2026-06-14,21,WIND,elexon,4265
2026-06-14,21,WIND,neso,4278.0
2026-06-14,22,WIND,elexon,4374
2026-06-14,22,WIND,neso,4176.0
2026-06-14,23,WIND,elexon,4278
2026-06-14,23,WIND,neso,4066.0
2026-06-14,24,WIND,elexon,4176
2026-06-14,24,WIND,neso,3839.0
2026-06-14,25,WIND,elexon,4066
2026-06-14,25,WIND,neso,3673.0
2026-06-14,26,WIND,elexon,3839
2026-06-14,26,WIND,neso,3952.0
2026-06-14,27,WIND,elexon,3673
2026-06-14,27,WIND,neso,4035.0
2026-06-14,28,WIND,elexon,3952
2026-06-14,28,WIND,neso,4004.0
2026-06-14,29,WIND,elexon,4035
2026-06-14,29,WIND,neso,3660.0
2026-06-14,30,WIND,elexon,4004
2026-06-14,30,WIND,neso,3584.0
2026-06-14,31,WIND,elexon,3660
2026-06-14,31,WIND,neso,4179.0
2026-06-14,32,WIND,elexon,3584
2026-06-14,32,WIND,neso,4631.0
2026-06-14,33,WIND,elexon,4179
2026-06-14,33,WIND,neso,4486.0
2026-06-14,34,WIND,elexon,4631
2026-06-14,34,WIND,neso,4702.0
2026-06-14,35,WIND,elexon,4486
2026-06-14,35,WIND,neso,4881.0
2026-06-14,36,WIND,elexon,4702
2026-06-14,36,WIND,neso,4683.0
2026-06-14,37,WIND,elexon,4881
2026-06-14,37,WIND,neso,4589.0
2026-06-14,38,WIND,elexon,4683
2026-06-14,38,WIND,neso,4613.0
2026-06-14,39,WIND,elexon,4589
2026-06-14,39,WIND,neso,4602.0
2026-06-14,40,WIND,elexon,4613
2026-06-14,40,WIND,neso,4800.0
2026-06-14,41,WIND,elexon,4602
2026-06-14,41,WIND,neso,4534.0
2026-06-14,42,WIND,elexon,4800
2026-06-14,42,WIND,neso,4196.0
2026-06-14,43,WIND,elexon,4534
2026-06-14,43,WIND,neso,4291.0
2026-06-14,44,WIND,elexon,4196
2026-06-14,44,WIND,neso,4162.0
2026-06-14,45,WIND,elexon,4291
2026-06-14,45,WIND,neso,4278.0
2026-06-14,46,WIND,elexon,4162
2026-06-14,46,WIND,neso,4522.0
2026-06-14,47,WIND,elexon,4278
2026-06-14,47,WIND,neso,4489.0
2026-06-14,48,WIND,elexon,4522
2026-06-14,48,WIND,neso,4636.0
2026-06-15,1,WIND,elexon,4489
2026-06-15,1,WIND,neso,4522.0
2026-06-15,2,WIND,elexon,4636
2026-06-15,2,WIND,neso,4409.0
2026-06-15,3,WIND,elexon,4522
2026-06-15,3,WIND,neso,4198.0
2026-06-15,4,WIND,elexon,4409
2026-06-15,4,WIND,neso,4046.0
2026-06-15,5,WIND,elexon,4198
2026-06-15,5,WIND,neso,4001.0
2026-06-15,6,WIND,elexon,4046
2026-06-15,6,WIND,neso,3916.0
2026-06-15,7,WIND,elexon,4001
2026-06-15,7,WIND,neso,3742.0
2026-06-15,8,WIND,elexon,3916
2026-06-15,8,WIND,neso,3749.0
2026-06-15,9,WIND,elexon,3742
2026-06-15,9,WIND,neso,3799.0
2026-06-15,10,WIND,elexon,3749
2026-06-15,10,WIND,neso,3753.0
2026-06-15,11,WIND,elexon,3799
2026-06-15,11,WIND,neso,3617.0
2026-06-15,12,WIND,elexon,3753
2026-06-15,12,WIND,neso,3402.0
2026-06-15,13,WIND,elexon,3617
2026-06-15,13,WIND,neso,3496.0
2026-06-15,14,WIND,elexon,3402
2026-06-15,14,WIND,neso,3473.0
2026-06-15,15,WIND,elexon,3496
2026-06-15,15,WIND,neso,3294.0
2026-06-15,16,WIND,elexon,3473
2026-06-15,16,WIND,neso,3047.0
2026-06-15,17,WIND,elexon,3294
2026-06-15,17,WIND,neso,2891.0
2026-06-15,18,WIND,elexon,3047
2026-06-15,18,WIND,neso,2714.0
2026-06-15,19,WIND,elexon,2891
2026-06-15,19,WIND,neso,2406.0
2026-06-15,20,WIND,elexon,2714
2026-06-15,20,WIND,neso,2368.0
2026-06-15,21,WIND,elexon,2406
2026-06-15,21,WIND,neso,2316.0
2026-06-15,22,WIND,elexon,2368
2026-06-15,22,WIND,neso,2238.0
2026-06-15,23,WIND,elexon,2316
2026-06-15,23,WIND,neso,2278.0
2026-06-15,24,WIND,elexon,2238
2026-06-15,24,WIND,neso,2188.0
2026-06-15,25,WIND,elexon,2278
2026-06-15,25,WIND,neso,2212.0
2026-06-15,26,WIND,elexon,2188
2026-06-15,26,WIND,neso,2189.0
2026-06-15,27,WIND,elexon,2212
2026-06-15,27,WIND,neso,2073.0
2026-06-15,28,WIND,elexon,2189
2026-06-15,28,WIND,neso,1978.0
2026-06-15,29,WIND,elexon,2073
2026-06-15,29,WIND,neso,2120.0
2026-06-15,30,WIND,elexon,1978
2026-06-15,30,WIND,neso,2152.0
2026-06-15,31,WIND,elexon,2120
2026-06-15,31,WIND,neso,2025.0
2026-06-15,32,WIND,elexon,2152
2026-06-15,32,WIND,neso,2021.0
2026-06-15,33,WIND,elexon,2025
2026-06-15,33,WIND,neso,2227.0
2026-06-15,34,WIND,elexon,2021
2026-06-15,34,WIND,neso,2441.0
2026-06-15,35,WIND,elexon,2227
2026-06-15,35,WIND,neso,2543.0
2026-06-15,36,WIND,elexon,2441
2026-06-15,36,WIND,neso,2759.0
2026-06-15,37,WIND,elexon,2543
2026-06-15,37,WIND,neso,3045.0
2026-06-15,38,WIND,elexon,2759
2026-06-15,38,WIND,neso,3312.0
2026-06-15,39,WIND,elexon,3045
2026-06-15,39,WIND,neso,3520.0
2026-06-15,40,WIND,elexon,3312
2026-06-15,40,WIND,neso,3712.0
2026-06-15,41,WIND,elexon,3520
2026-06-15,41,WIND,neso,3816.0
2026-06-15,42,WIND,elexon,3712
2026-06-15,42,WIND,neso,4163.0
2026-06-15,43,WIND,elexon,3816
2026-06-15,43,WIND,neso,4333.0
2026-06-15,44,WIND,elexon,4163
2026-06-15,44,WIND,neso,4035.0
2026-06-15,45,WIND,elexon,4333
2026-06-15,45,WIND,neso,4028.0
2026-06-15,46,WIND,elexon,4035
2026-06-15,46,WIND,neso,4067.0
2026-06-15,47,WIND,elexon,4028
2026-06-15,47,WIND,neso,3721.0
2026-06-15,48,WIND,elexon,4067
2026-06-15,48,WIND,neso,3458.0
2026-06-16,1,WIND,elexon,3721
2026-06-16,1,WIND,neso,3376.0
2026-06-16,2,WIND,elexon,3458
2026-06-16,2,WIND,neso,2907.0
2026-06-16,3,WIND,elexon,3376
2026-06-16,3,WIND,neso,2773.0
2026-06-16,4,WIND,elexon,2907
2026-06-16,4,WIND,neso,2993.0
2026-06-16,5,WIND,elexon,2773
2026-06-16,5,WIND,neso,2891.0
2026-06-16,6,WIND,elexon,2993
2026-06-16,6,WIND,neso,2617.0
2026-06-16,7,WIND,elexon,2891
2026-06-16,7,WIND,neso,2383.0
2026-06-16,8,WIND,elexon,2617
2026-06-16,8,WIND,neso,2389.0
2026-06-16,9,WIND,elexon,2383
2026-06-16,9,WIND,neso,2449.0
2026-06-16,10,WIND,elexon,2389
2026-06-16,10,WIND,neso,2487.0
2026-06-16,11,WIND,elexon,2449
2026-06-16,11,WIND,neso,2553.0
2026-06-16,12,WIND,elexon,2487
2026-06-16,12,WIND,neso,2505.0
2026-06-16,13,WIND,elexon,2553
2026-06-16,13,WIND,neso,2568.0
2026-06-16,14,WIND,elexon,2505
2026-06-16,14,WIND,neso,2519.0
2026-06-16,15,WIND,elexon,2568
2026-06-16,15,WIND,neso,2464.0
2026-06-16,16,WIND,elexon,2519
2026-06-16,16,WIND,neso,2552.0
2026-06-16,17,WIND,elexon,2464
2026-06-16,17,WIND,neso,2575.0
2026-06-16,18,WIND,elexon,2552
2026-06-16,18,WIND,neso,2804.0
2026-06-16,19,WIND,elexon,2575
2026-06-16,19,WIND,neso,2961.0
2026-06-16,20,WIND,elexon,2804
2026-06-16,20,WIND,neso,3100.0
2026-06-16,21,WIND,elexon,2961
2026-06-16,21,WIND,neso,3220.0
2026-06-16,22,WIND,elexon,3100
2026-06-16,22,WIND,neso,3332.0
2026-06-16,23,WIND,elexon,3220
2026-06-16,23,WIND,neso,3396.0
2026-06-16,24,WIND,elexon,3332
2026-06-16,24,WIND,neso,3371.0
2026-06-16,25,WIND,elexon,3396
2026-06-16,25,WIND,neso,3537.0
2026-06-16,26,WIND,elexon,3371
2026-06-16,26,WIND,neso,3583.0
2026-06-16,27,WIND,elexon,3537
2026-06-16,27,WIND,neso,3859.0
2026-06-16,28,WIND,elexon,3583
2026-06-16,28,WIND,neso,4169.0
2026-06-16,29,WIND,elexon,3859
2026-06-16,29,WIND,neso,4382.0
2026-06-16,30,WIND,elexon,4169
2026-06-16,30,WIND,neso,4620.0
2026-06-16,31,WIND,elexon,4382
2026-06-16,31,WIND,neso,5070.0
2026-06-16,32,WIND,elexon,4620
2026-06-16,32,WIND,neso,5666.0
2026-06-16,33,WIND,elexon,5070
2026-06-16,33,WIND,neso,5892.0
2026-06-16,34,WIND,elexon,5666
2026-06-16,34,WIND,neso,6308.0
2026-06-16,35,WIND,elexon,5892
2026-06-16,35,WIND,neso,6776.0
2026-06-16,36,WIND,elexon,6308
2026-06-16,36,WIND,neso,7127.0
2026-06-16,37,WIND,elexon,6776
2026-06-16,37,WIND,neso,7655.0
2026-06-16,38,WIND,elexon,7127
2026-06-16,38,WIND,neso,8090.0
2026-06-16,39,WIND,elexon,7655
2026-06-16,39,WIND,neso,8452.0
2026-06-16,40,WIND,elexon,8090
2026-06-16,40,WIND,neso,8410.0
2026-06-16,41,WIND,elexon,8452
2026-06-16,41,WIND,neso,8656.0
2026-06-16,42,WIND,elexon,8410
2026-06-16,42,WIND,neso,8776.0
2026-06-16,43,WIND,elexon,8656
2026-06-16,43,WIND,neso,8900.0
2026-06-16,44,WIND,elexon,8776
2026-06-16,44,WIND,neso,8766.0
2026-06-16,45,WIND,elexon,8900
2026-06-16,45,WIND,neso,8492.0
2026-06-16,46,WIND,elexon,8766
2026-06-16,46,WIND,neso,8466.0
2026-06-16,47,WIND,elexon,8492
2026-06-16,47,WIND,neso,7872.0
2026-06-16,48,WIND,elexon,8466
2026-06-16,48,WIND,neso,7308.0
2026-06-17,1,WIND,elexon,7872
2026-06-17,1,WIND,neso,6809.0
2026-06-17,2,WIND,elexon,7308
2026-06-17,2,WIND,neso,6150.0
2026-06-17,3,WIND,elexon,6809
2026-06-17,3,WIND,neso,5610.0
2026-06-17,4,WIND,elexon,6150
2026-06-17,4,WIND,neso,5576.0
2026-06-17,5,WIND,elexon,5610
2026-06-17,5,WIND,neso,5728.0
2026-06-17,6,WIND,elexon,5576
2026-06-17,6,WIND,neso,5893.0
2026-06-17,7,WIND,elexon,5728
2026-06-17,7,WIND,neso,5891.0
2026-06-17,8,WIND,elexon,5893
2026-06-17,8,WIND,neso,6155.0
2026-06-17,9,WIND,elexon,5891
2026-06-17,9,WIND,neso,6339.0
2026-06-17,10,WIND,elexon,6155
2026-06-17,10,WIND,neso,6642.0
2026-06-17,11,WIND,elexon,6339
2026-06-17,11,WIND,neso,7370.0
2026-06-17,12,WIND,elexon,6642
2026-06-17,12,WIND,neso,7801.0
2026-06-17,13,WIND,elexon,7370
2026-06-17,13,WIND,neso,8291.0
2026-06-17,14,WIND,elexon,7801
2026-06-17,14,WIND,neso,8462.0
2026-06-17,15,WIND,elexon,8291
2026-06-17,15,WIND,neso,8409.0
2026-06-17,16,WIND,elexon,8462
2026-06-17,16,WIND,neso,8255.0
2026-06-17,17,WIND,elexon,8409
2026-06-17,17,WIND,neso,7937.0
2026-06-17,18,WIND,elexon,8255
2026-06-17,18,WIND,neso,7956.0
2026-06-17,19,WIND,elexon,7937
2026-06-17,19,WIND,neso,8142.0
2026-06-17,20,WIND,elexon,7956
2026-06-17,20,WIND,neso,8171.0
2026-06-17,21,WIND,elexon,8142
2026-06-17,21,WIND,neso,8259.0
2026-06-17,22,WIND,elexon,8171
2026-06-17,22,WIND,neso,8344.0
2026-06-17,23,WIND,elexon,8259
2026-06-17,23,WIND,neso,8575.0
2026-06-17,24,WIND,elexon,8344
2026-06-17,24,WIND,neso,8677.0
2026-06-17,25,WIND,elexon,8575
2026-06-17,25,WIND,neso,8784.0
2026-06-17,26,WIND,elexon,8677
2026-06-17,26,WIND,neso,9102.0
2026-06-17,27,WIND,elexon,8784
2026-06-17,27,WIND,neso,9162.0
2026-06-17,28,WIND,elexon,9102
2026-06-17,28,WIND,neso,9164.0
2026-06-17,29,WIND,elexon,9162
2026-06-17,29,WIND,neso,9219.0
2026-06-17,30,WIND,elexon,9164
2026-06-17,30,WIND,neso,9372.0
2026-06-17,31,WIND,elexon,9219
2026-06-17,31,WIND,neso,9196.0
2026-06-17,32,WIND,elexon,9372
2026-06-17,32,WIND,neso,9142.0
2026-06-17,33,WIND,elexon,9196
2026-06-17,33,WIND,neso,8877.0
2026-06-17,34,WIND,elexon,9142
2026-06-17,34,WIND,neso,8445.0
2026-06-17,35,WIND,elexon,8877
2026-06-17,35,WIND,neso,7953.0
2026-06-17,36,WIND,elexon,8445
2026-06-17,36,WIND,neso,7518.0
2026-06-17,37,WIND,elexon,7953
2026-06-17,37,WIND,neso,7360.0
2026-06-17,38,WIND,elexon,7518
2026-06-17,38,WIND,neso,7356.0
2026-06-17,39,WIND,elexon,7360
2026-06-17,39,WIND,neso,7166.0
2026-06-17,40,WIND,elexon,7356
2026-06-17,40,WIND,neso,7053.0
2026-06-17,41,WIND,elexon,7166
2026-06-17,41,WIND,neso,6939.0
2026-06-17,42,WIND,elexon,7053
2026-06-17,42,WIND,neso,7086.0
2026-06-17,43,WIND,elexon,6939
2026-06-17,43,WIND,neso,7403.0
2026-06-17,44,WIND,elexon,7086
2026-06-17,44,WIND,neso,7141.0
2026-06-17,45,WIND,elexon,7403
2026-06-17,45,WIND,neso,6846.0
2026-06-17,46,WIND,elexon,7141
2026-06-17,46,WIND,neso,6434.0
2026-06-17,47,WIND,elexon,6846
2026-06-17,47,WIND,neso,6356.0
2026-06-17,48,WIND,elexon,6434
2026-06-17,48,WIND,neso,6191.0
2026-06-18,1,WIND,elexon,6356
2026-06-18,1,WIND,neso,6209.0
2026-06-18,2,WIND,elexon,6191
2026-06-18,2,WIND,neso,6296.0
2026-06-18,3,WIND,elexon,6209
2026-06-18,3,WIND,neso,6336.0
2026-06-18,4,WIND,elexon,6296
2026-06-18,4,WIND,neso,6359.0
2026-06-18,5,WIND,elexon,6336
2026-06-18,5,WIND,neso,6083.0
2026-06-18,6,WIND,elexon,6359
2026-06-18,6,WIND,neso,5334.0
2026-06-18,7,WIND,elexon,6083
2026-06-18,7,WIND,neso,4704.0
2026-06-18,8,WIND,elexon,5334
2026-06-18,8,WIND,neso,4451.0
2026-06-18,9,WIND,elexon,4704
2026-06-18,9,WIND,neso,4238.0
2026-06-18,10,WIND,elexon,4451
2026-06-18,10,WIND,neso,3860.0
2026-06-18,11,WIND,elexon,4238
2026-06-18,11,WIND,neso,3478.0
2026-06-18,12,WIND,elexon,3860
2026-06-18,12,WIND,neso,3482.0
2026-06-18,13,WIND,elexon,3478
2026-06-18,13,WIND,neso,3708.0
2026-06-18,14,WIND,elexon,3482
2026-06-18,14,WIND,neso,3689.0
2026-06-18,15,WIND,elexon,3708
2026-06-18,15,WIND,neso,3791.0
2026-06-18,16,WIND,elexon,3689
2026-06-18,16,WIND,neso,4177.0
2026-06-18,17,WIND,elexon,3791
2026-06-18,17,WIND,neso,4451.0
2026-06-18,18,WIND,elexon,4177
2026-06-18,18,WIND,neso,4806.0
2026-06-18,19,WIND,elexon,4451
2026-06-18,19,WIND,neso,4917.0
2026-06-18,20,WIND,elexon,4806
2026-06-18,20,WIND,neso,4980.0
2026-06-18,21,WIND,elexon,4917
2026-06-18,21,WIND,neso,5400.0
2026-06-18,22,WIND,elexon,4980
2026-06-18,22,WIND,neso,5792.0
2026-06-18,23,WIND,elexon,5400
2026-06-18,23,WIND,neso,5889.0
2026-06-18,24,WIND,elexon,5792
2026-06-18,24,WIND,neso,6095.0
2026-06-18,25,WIND,elexon,5889
2026-06-18,25,WIND,neso,6576.0
2026-06-18,26,WIND,elexon,6095
2026-06-18,26,WIND,neso,6692.0
2026-06-18,27,WIND,elexon,6576
2026-06-18,27,WIND,neso,7308.0
2026-06-18,28,WIND,elexon,6692
2026-06-18,28,WIND,neso,8041.0
2026-06-18,29,WIND,elexon,7308
2026-06-18,29,WIND,neso,8251.0
2026-06-18,30,WIND,elexon,8041
2026-06-18,30,WIND,neso,8693.0
2026-06-18,31,WIND,elexon,8251
2026-06-18,31,WIND,neso,8643.0
2026-06-18,32,WIND,elexon,8693
2026-06-18,32,WIND,neso,8637.0
2026-06-18,33,WIND,elexon,8643
2026-06-18,33,WIND,neso,8858.0
2026-06-18,34,WIND,elexon,8637
2026-06-18,34,WIND,neso,8115.0
2026-06-18,35,WIND,elexon,8858
2026-06-18,35,WIND,neso,7515.0
2026-06-18,36,WIND,elexon,8115
2026-06-18,36,WIND,neso,7127.0
2026-06-18,37,WIND,elexon,7515
2026-06-18,37,WIND,neso,6719.0
2026-06-18,38,WIND,elexon,7127
2026-06-18,38,WIND,neso,6428.0
2026-06-18,39,WIND,elexon,6719
2026-06-18,39,WIND,neso,6380.0
2026-06-18,40,WIND,elexon,6428
2026-06-18,40,WIND,neso,5881.0
2026-06-18,41,WIND,elexon,6380
2026-06-18,41,WIND,neso,5831.0
2026-06-18,42,WIND,elexon,5881
2026-06-18,42,WIND,neso,5773.0
2026-06-18,43,WIND,elexon,5831
2026-06-18,43,WIND,neso,5792.0
2026-06-18,44,WIND,elexon,5773
2026-06-18,44,WIND,neso,6099.0
2026-06-18,45,WIND,elexon,5792
2026-06-18,45,WIND,neso,6863.0
2026-06-18,46,WIND,elexon,6099
2026-06-18,46,WIND,neso,7571.0
2026-06-18,47,WIND,elexon,6863
2026-06-18,47,WIND,neso,8121.0
2026-06-18,48,WIND,elexon,7571
2026-06-18,48,WIND,neso,8481.0
2026-06-19,1,WIND,elexon,8121
2026-06-19,1,WIND,neso,8360.0
2026-06-19,2,WIND,elexon,8481
2026-06-19,2,WIND,neso,8629.0
2026-06-19,3,WIND,elexon,8360
2026-06-19,3,WIND,neso,9091.0
2026-06-19,4,WIND,elexon,8629
2026-06-19,4,WIND,neso,9062.0
2026-06-19,5,WIND,elexon,9091
2026-06-19,5,WIND,neso,8433.0
2026-06-19,6,WIND,elexon,9062
2026-06-19,6,WIND,neso,7844.0
2026-06-19,7,WIND,elexon,8433
2026-06-19,7,WIND,neso,7418.0
2026-06-19,8,WIND,elexon,7844
2026-06-19,8,WIND,neso,7140.0
2026-06-19,9,WIND,elexon,7418
2026-06-19,9,WIND,neso,6829.0
2026-06-19,10,WIND,elexon,7140
2026-06-19,10,WIND,neso,6786.0
2026-06-19,11,WIND,elexon,6829
2026-06-19,11,WIND,neso,6902.0
2026-06-19,12,WIND,elexon,6786
2026-06-19,12,WIND,neso,6895.0
2026-06-19,13,WIND,elexon,6902
2026-06-19,13,WIND,neso,6648.0
2026-06-19,14,WIND,elexon,6895
2026-06-19,14,WIND,neso,6646.0
2026-06-19,15,WIND,elexon,6648
2026-06-19,15,WIND,neso,6452.0
2026-06-19,16,WIND,elexon,6646
2026-06-19,16,WIND,neso,6336.0
2026-06-19,17,WIND,elexon,6452
2026-06-19,17,WIND,neso,6493.0
2026-06-19,18,WIND,elexon,6336
2026-06-19,18,WIND,neso,7070.0
2026-06-19,19,WIND,elexon,6493
2026-06-19,19,WIND,neso,7013.0
2026-06-19,20,WIND,elexon,7070
2026-06-19,20,WIND,neso,7010.0
2026-06-19,21,WIND,elexon,7013
2026-06-19,21,WIND,neso,7660.0
2026-06-19,22,WIND,elexon,7010
2026-06-19,22,WIND,neso,7713.0
2026-06-19,23,WIND,elexon,7660
2026-06-19,23,WIND,neso,7751.0
2026-06-19,24,WIND,elexon,7713
2026-06-19,24,WIND,neso,8042.0
2026-06-19,25,WIND,elexon,7751
2026-06-19,25,WIND,neso,7976.0
2026-06-19,26,WIND,elexon,8042
2026-06-19,26,WIND,neso,8282.0
2026-06-19,27,WIND,elexon,7976
2026-06-19,27,WIND,neso,8323.0
2026-06-19,28,WIND,elexon,8282
2026-06-19,28,WIND,neso,8355.0
2026-06-19,29,WIND,elexon,8323
2026-06-19,29,WIND,neso,8176.0
2026-06-19,30,WIND,elexon,8355
2026-06-19,30,WIND,neso,8502.0
2026-06-19,31,WIND,elexon,8176
2026-06-19,31,WIND,neso,9178.0
2026-06-19,32,WIND,elexon,8502
2026-06-19,32,WIND,neso,9381.0
2026-06-19,33,WIND,elexon,9178
2026-06-19,33,WIND,neso,8965.0
2026-06-19,34,WIND,elexon,9381
2026-06-19,34,WIND,neso,8429.0
2026-06-19,35,WIND,elexon,8965
2026-06-19,35,WIND,neso,8063.0
2026-06-19,36,WIND,elexon,8429
2026-06-19,36,WIND,neso,7717.0
2026-06-19,37,WIND,elexon,8063
2026-06-19,37,WIND,neso,7013.0
2026-06-19,38,WIND,elexon,7717
2026-06-19,38,WIND,neso,6473.0
2026-06-19,39,WIND,elexon,7013
2026-06-19,39,WIND,neso,5947.0
2026-06-19,40,WIND,elexon,6473
2026-06-19,40,WIND,neso,6260.0
2026-06-19,41,WIND,elexon,5947
2026-06-19,41,WIND,neso,6056.0
2026-06-19,42,WIND,elexon,6260
2026-06-19,42,WIND,neso,5522.0
2026-06-19,43,WIND,elexon,6056
2026-06-19,43,WIND,neso,5320.0
2026-06-19,44,WIND,elexon,5522
2026-06-19,44,WIND,neso,5620.0
2026-06-19,45,WIND,elexon,5320
2026-06-19,45,WIND,neso,5595.0
2026-06-19,46,WIND,elexon,5620
2026-06-19,46,WIND,neso,5644.0
2026-06-19,47,WIND,elexon,5595
2026-06-19,47,WIND,neso,5515.0
2026-06-19,48,WIND,elexon,5644
2026-06-19,48,WIND,neso,5200.0
2026-06-20,1,WIND,elexon,5515
2026-06-20,1,WIND,neso,4926.0
2026-06-20,2,WIND,elexon,5200
2026-06-20,2,WIND,neso,4729.0
2026-06-20,3,WIND,elexon,4926
2026-06-20,3,WIND,neso,4383.0
2026-06-20,4,WIND,elexon,4729
2026-06-20,4,WIND,neso,4085.0
2026-06-20,5,WIND,elexon,4383
2026-06-20,5,WIND,neso,4209.0
2026-06-20,6,WIND,elexon,4085
2026-06-20,6,WIND,neso,4441.0
2026-06-20,7,WIND,elexon,4209
2026-06-20,7,WIND,neso,4400.0
2026-06-20,8,WIND,elexon,4441
2026-06-20,8,WIND,neso,4472.0
2026-06-20,9,WIND,elexon,4400
2026-06-20,9,WIND,neso,4349.0
2026-06-20,10,WIND,elexon,4472
2026-06-20,10,WIND,neso,4181.0
2026-06-20,11,WIND,elexon,4349
2026-06-20,11,WIND,neso,4062.0
2026-06-20,12,WIND,elexon,4181
2026-06-20,12,WIND,neso,3918.0
2026-06-20,13,WIND,elexon,4062
2026-06-20,13,WIND,neso,3837.0
2026-06-20,14,WIND,elexon,3918
2026-06-20,14,WIND,neso,3656.0
2026-06-20,15,WIND,elexon,3837
2026-06-20,15,WIND,neso,3462.0
2026-06-20,16,WIND,elexon,3656
2026-06-20,16,WIND,neso,3681.0
2026-06-20,17,WIND,elexon,3462
2026-06-20,17,WIND,neso,4023.0
2026-06-20,18,WIND,elexon,3681
2026-06-20,18,WIND,neso,4076.0
2026-06-20,19,WIND,elexon,4023
2026-06-20,19,WIND,neso,4132.0
2026-06-20,20,WIND,elexon,4076
2026-06-20,20,WIND,neso,4132.0
2026-06-20,21,WIND,elexon,4132
2026-06-20,21,WIND,neso,3861.0
2026-06-20,22,WIND,elexon,4132
2026-06-20,22,WIND,neso,3878.0
2026-06-20,23,WIND,elexon,3861
2026-06-20,23,WIND,neso,4062.0
2026-06-20,24,WIND,elexon,3878
2026-06-20,24,WIND,neso,4285.0
2026-06-20,25,WIND,elexon,4062
2026-06-20,25,WIND,neso,4291.0
2026-06-20,26,WIND,elexon,4285
2026-06-20,26,WIND,neso,4124.0
2026-06-20,27,WIND,elexon,4291
2026-06-20,27,WIND,neso,4119.0
2026-06-20,28,WIND,elexon,4124
2026-06-20,28,WIND,neso,4127.0
2026-06-20,29,WIND,elexon,4119
2026-06-20,29,WIND,neso,3763.0
2026-06-20,30,WIND,elexon,4127
2026-06-20,30,WIND,neso,3587.0
2026-06-20,31,WIND,elexon,3763
2026-06-20,31,WIND,neso,3737.0
2026-06-20,32,WIND,elexon,3587
2026-06-20,32,WIND,neso,3671.0
2026-06-20,33,WIND,elexon,3737
2026-06-20,33,WIND,neso,3583.0
2026-06-20,34,WIND,elexon,3671
2026-06-20,34,WIND,neso,3613.0
2026-06-20,35,WIND,elexon,3583
2026-06-20,35,WIND,neso,3239.0
2026-06-20,36,WIND,elexon,3613
2026-06-20,36,WIND,neso,2938.0
2026-06-20,37,WIND,elexon,3239
2026-06-20,37,WIND,neso,2926.0
2026-06-20,38,WIND,elexon,2938
2026-06-20,38,WIND,neso,2589.0
2026-06-20,39,WIND,elexon,2926
2026-06-20,39,WIND,neso,2327.0
2026-06-20,40,WIND,elexon,2589
2026-06-20,40,WIND,neso,2175.0
2026-06-20,41,WIND,elexon,2327
2026-06-20,41,WIND,neso,2142.0
2026-06-20,42,WIND,elexon,2175
2026-06-20,42,WIND,neso,2236.0
2026-06-20,43,WIND,elexon,2142
2026-06-20,43,WIND,neso,2614.0
2026-06-20,44,WIND,elexon,2236
2026-06-20,44,WIND,neso,2582.0
2026-06-20,45,WIND,elexon,2614
2026-06-20,45,WIND,neso,2486.0
2026-06-20,46,WIND,elexon,2582
2026-06-20,46,WIND,neso,2398.0
2026-06-20,47,WIND,elexon,2486
2026-06-20,47,WIND,neso,2395.0
2026-06-20,48,WIND,elexon,2398
2026-06-20,48,WIND,neso,2258.0
2026-06-21,1,WIND,elexon,2395
2026-06-21,1,WIND,neso,2360.0
2026-06-21,2,WIND,elexon,2258
2026-06-21,2,WIND,neso,2367.0
2026-06-21,3,WIND,elexon,2360
2026-06-21,3,WIND,neso,2340.0
2026-06-21,4,WIND,elexon,2367
2026-06-21,4,WIND,neso,2397.0
2026-06-21,5,WIND,elexon,2340
2026-06-21,5,WIND,neso,2498.0
2026-06-21,6,WIND,elexon,2397
2026-06-21,6,WIND,neso,2483.0
2026-06-21,7,WIND,elexon,2498
2026-06-21,7,WIND,neso,2285.0
2026-06-21,8,WIND,elexon,2483
2026-06-21,8,WIND,neso,2077.0
2026-06-21,9,WIND,elexon,2285
2026-06-21,9,WIND,neso,1936.0
2026-06-21,10,WIND,elexon,2077
2026-06-21,10,WIND,neso,1684.0
2026-06-21,11,WIND,elexon,1936
2026-06-21,11,WIND,neso,1593.0
2026-06-21,12,WIND,elexon,1684
2026-06-21,12,WIND,neso,1546.0
2026-06-21,13,WIND,elexon,1593
2026-06-21,13,WIND,neso,1564.0
2026-06-21,14,WIND,elexon,1546
2026-06-21,14,WIND,neso,1620.0
2026-06-21,15,WIND,elexon,1564
2026-06-21,15,WIND,neso,1718.0
2026-06-21,16,WIND,elexon,1620
2026-06-21,16,WIND,neso,1739.0
2026-06-21,17,WIND,elexon,1718
2026-06-21,17,WIND,neso,1828.0
2026-06-21,18,WIND,elexon,1739
2026-06-21,18,WIND,neso,1916.0
2026-06-21,19,WIND,elexon,1828
2026-06-21,19,WIND,neso,1995.0
2026-06-21,20,WIND,elexon,1916
2026-06-21,20,WIND,neso,2018.0
2026-06-21,21,WIND,elexon,1995
2026-06-21,21,WIND,neso,2019.0
2026-06-21,22,WIND,elexon,2018
2026-06-21,22,WIND,neso,2028.0
2026-06-21,23,WIND,elexon,2019
2026-06-21,23,WIND,neso,2017.0
2026-06-21,24,WIND,elexon,2028
2026-06-21,24,WIND,neso,2045.0
2026-06-21,25,WIND,elexon,2017
2026-06-21,25,WIND,neso,2033.0
2026-06-21,26,WIND,elexon,2045
2026-06-21,26,WIND,neso,2010.0
2026-06-21,27,WIND,elexon,2033
2026-06-21,27,WIND,neso,2003.0
2026-06-21,28,WIND,elexon,2010
2026-06-21,28,WIND,neso,2034.0
2026-06-21,29,WIND,elexon,2003
2026-06-21,29,WIND,neso,1979.0
2026-06-21,30,WIND,elexon,2034
2026-06-21,30,WIND,neso,1984.0
2026-06-21,31,WIND,elexon,1979
2026-06-21,31,WIND,neso,2117.0
2026-06-21,32,WIND,elexon,1984
2026-06-21,32,WIND,neso,2225.0
2026-06-21,33,WIND,elexon,2117
2026-06-21,33,WIND,neso,2341.0
2026-06-21,34,WIND,elexon,2225
2026-06-21,34,WIND,neso,2558.0
2026-06-21,35,WIND,elexon,2341
2026-06-21,35,WIND,neso,2873.0
2026-06-21,36,WIND,elexon,2558
2026-06-21,36,WIND,neso,3091.0
2026-06-21,37,WIND,elexon,2873
2026-06-21,37,WIND,neso,3160.0
2026-06-21,38,WIND,elexon,3091
2026-06-21,38,WIND,neso,3125.0
2026-06-21,39,WIND,elexon,3160
2026-06-21,39,WIND,neso,3081.0
2026-06-21,40,WIND,elexon,3125
2026-06-21,40,WIND,neso,3068.0
2026-06-21,41,WIND,elexon,3081
2026-06-21,41,WIND,neso,3243.0
2026-06-21,42,WIND,elexon,3068
2026-06-21,42,WIND,neso,3446.0
2026-06-21,43,WIND,elexon,3243
2026-06-21,43,WIND,neso,3482.0
2026-06-21,44,WIND,elexon,3446
2026-06-21,44,WIND,neso,3613.0
2026-06-21,45,WIND,elexon,3482
2026-06-21,45,WIND,neso,3852.0
2026-06-21,46,WIND,elexon,3613
2026-06-21,46,WIND,neso,4053.0
2026-06-21,47,WIND,elexon,3852
2026-06-21,47,WIND,neso,4285.0
2026-06-21,48,WIND,elexon,4053
2026-06-21,48,WIND,neso,4508.0
2026-06-22,1,WIND,elexon,4285
2026-06-22,1,WIND,neso,4517.0
2026-06-22,2,WIND,elexon,4508
2026-06-22,2,WIND,neso,4620.0
2026-06-22,3,WIND,elexon,4517
2026-06-22,3,WIND,neso,4953.0
2026-06-22,4,WIND,elexon,4620
2026-06-22,4,WIND,neso,5069.0
2026-06-22,5,WIND,elexon,4953
2026-06-22,5,WIND,neso,5440.0
2026-06-22,6,WIND,elexon,5069
2026-06-22,6,WIND,neso,5591.0
2026-06-22,7,WIND,elexon,5440
2026-06-22,7,WIND,neso,5767.0
2026-06-22,8,WIND,elexon,5591
2026-06-22,8,WIND,neso,5753.0
2026-06-22,9,WIND,elexon,5767
2026-06-22,9,WIND,neso,5800.0
2026-06-22,10,WIND,elexon,5753
2026-06-22,10,WIND,neso,5814.0
2026-06-22,11,WIND,elexon,5800
2026-06-22,11,WIND,neso,5585.0
2026-06-22,12,WIND,elexon,5814
2026-06-22,12,WIND,neso,5557.0
2026-06-22,13,WIND,elexon,5585
2026-06-22,13,WIND,neso,5655.0
2026-06-22,14,WIND,elexon,5557
2026-06-22,14,WIND,neso,5851.0
2026-06-22,15,WIND,elexon,5655
2026-06-22,15,WIND,neso,5773.0
2026-06-22,16,WIND,elexon,5851
2026-06-22,16,WIND,neso,5901.0
2026-06-22,17,WIND,elexon,5773
2026-06-22,17,WIND,neso,5883.0
2026-06-22,18,WIND,elexon,5901
2026-06-22,18,WIND,neso,5982.0
2026-06-22,19,WIND,elexon,5883
2026-06-22,19,WIND,neso,5763.0
2026-06-22,20,WIND,elexon,5982
2026-06-22,20,WIND,neso,5836.0
2026-06-22,21,WIND,elexon,5763
2026-06-22,21,WIND,neso,5810.0
2026-06-22,22,WIND,elexon,5836
2026-06-22,22,WIND,neso,5748.0
2026-06-22,23,WIND,elexon,5810
2026-06-22,23,WIND,neso,5656.0
2026-06-22,24,WIND,elexon,5748
2026-06-22,24,WIND,neso,5554.0
2026-06-22,25,WIND,elexon,5656
2026-06-22,25,WIND,neso,5531.0
2026-06-22,26,WIND,elexon,5554
2026-06-22,26,WIND,neso,5373.0
2026-06-22,27,WIND,elexon,5531
2026-06-22,27,WIND,neso,5157.0
2026-06-22,28,WIND,elexon,5373
2026-06-22,28,WIND,neso,5096.0
2026-06-22,29,WIND,elexon,5157
2026-06-22,29,WIND,neso,5092.0
2026-06-22,30,WIND,elexon,5096
2026-06-22,30,WIND,neso,5074.0
2026-06-22,31,WIND,elexon,5092
2026-06-22,31,WIND,neso,5055.0
2026-06-22,32,WIND,elexon,5074
2026-06-22,32,WIND,neso,5275.0
2026-06-22,33,WIND,elexon,5055
2026-06-22,33,WIND,neso,5457.0
2026-06-22,34,WIND,elexon,5275
2026-06-22,34,WIND,neso,5706.0
2026-06-22,35,WIND,elexon,5457
2026-06-22,35,WIND,neso,5482.0
2026-06-22,36,WIND,elexon,5706
2026-06-22,36,WIND,neso,5337.0
2026-06-22,37,WIND,elexon,5482
2026-06-22,37,WIND,neso,4955.0
2026-06-22,38,WIND,elexon,5337
2026-06-22,38,WIND,neso,4758.0
2026-06-22,39,WIND,elexon,4955
2026-06-22,39,WIND,neso,4850.0
2026-06-22,40,WIND,elexon,4758
2026-06-22,40,WIND,neso,4969.0
2026-06-22,41,WIND,elexon,4850
2026-06-22,41,WIND,neso,5047.0
2026-06-22,42,WIND,elexon,4969
2026-06-22,42,WIND,neso,5004.0
2026-06-22,43,WIND,elexon,5047
2026-06-22,43,WIND,neso,5070.0
2026-06-22,44,WIND,elexon,5004
2026-06-22,44,WIND,neso,5530.0
2026-06-22,45,WIND,elexon,5070
2026-06-22,45,WIND,neso,5920.0
2026-06-22,46,WIND,elexon,5530
2026-06-22,46,WIND,neso,6330.0
2026-06-22,47,WIND,elexon,5920
2026-06-22,47,WIND,neso,6002.0
2026-06-22,48,WIND,elexon,6330
2026-06-22,48,WIND,neso,6055.0
2026-06-23,1,WIND,elexon,6002
2026-06-23,1,WIND,neso,6058.0
2026-06-23,2,WIND,elexon,6055
2026-06-23,2,WIND,neso,5588.0
2026-06-23,3,WIND,elexon,6058
2026-06-23,3,WIND,neso,4874.0
2026-06-23,4,WIND,elexon,5588
2026-06-23,4,WIND,neso,4276.0
2026-06-23,5,WIND,elexon,4874
2026-06-23,5,WIND,neso,3979.0
2026-06-23,6,WIND,elexon,4276
2026-06-23,6,WIND,neso,3875.0
2026-06-23,7,WIND,elexon,3979
2026-06-23,7,WIND,neso,3939.0
2026-06-23,8,WIND,elexon,3875
2026-06-23,8,WIND,neso,4164.0
2026-06-23,9,WIND,elexon,3939
2026-06-23,9,WIND,neso,4076.0
2026-06-23,10,WIND,elexon,4164
2026-06-23,10,WIND,neso,3922.0
2026-06-23,11,WIND,elexon,4076
2026-06-23,11,WIND,neso,3743.0
2026-06-23,12,WIND,elexon,3922
2026-06-23,12,WIND,neso,3885.0
2026-06-23,13,WIND,elexon,3743
2026-06-23,13,WIND,neso,3946.0
2026-06-23,14,WIND,elexon,3885
2026-06-23,14,WIND,neso,3875.0
2026-06-23,15,WIND,elexon,3946
2026-06-23,15,WIND,neso,3774.0
2026-06-23,16,WIND,elexon,3875
2026-06-23,16,WIND,neso,3963.0
2026-06-23,17,WIND,elexon,3774
2026-06-23,17,WIND,neso,3921.0
2026-06-23,18,WIND,elexon,3963
2026-06-23,18,WIND,neso,3953.0
2026-06-23,19,WIND,elexon,3921
2026-06-23,19,WIND,neso,3797.0
2026-06-23,20,WIND,elexon,3953
2026-06-23,20,WIND,neso,3594.0
2026-06-23,21,WIND,elexon,3797
2026-06-23,21,WIND,neso,3630.0
2026-06-23,22,WIND,elexon,3594
2026-06-23,22,WIND,neso,3667.0
2026-06-23,23,WIND,elexon,3630
2026-06-23,23,WIND,neso,4076.0
2026-06-23,24,WIND,elexon,3667
2026-06-23,24,WIND,neso,4040.0
2026-06-23,25,WIND,elexon,4076
2026-06-23,25,WIND,neso,3996.0
2026-06-23,26,WIND,elexon,4040
2026-06-23,26,WIND,neso,4278.0
2026-06-23,27,WIND,elexon,3996
2026-06-23,27,WIND,neso,4379.0
2026-06-23,28,WIND,elexon,4278
2026-06-23,28,WIND,neso,4494.0
2026-06-23,29,WIND,elexon,4379
2026-06-23,29,WIND,neso,4863.0
2026-06-23,30,WIND,elexon,4494
2026-06-23,30,WIND,neso,5305.0
2026-06-23,31,WIND,elexon,4863
2026-06-23,31,WIND,neso,5375.0
2026-06-23,32,WIND,elexon,5305
2026-06-23,32,WIND,neso,5584.0
2026-06-23,33,WIND,elexon,5375
2026-06-23,33,WIND,neso,5557.0
2026-06-23,34,WIND,elexon,5584
2026-06-23,34,WIND,neso,5506.0
2026-06-23,35,WIND,elexon,5557
2026-06-23,35,WIND,neso,5416.0
2026-06-23,36,WIND,elexon,5506
2026-06-23,36,WIND,neso,5301.0
2026-06-23,37,WIND,elexon,5416
2026-06-23,37,WIND,neso,5288.0
2026-06-23,38,WIND,elexon,5301
2026-06-23,38,WIND,neso,5112.0
2026-06-23,39,WIND,elexon,5288
2026-06-23,39,WIND,neso,4908.0
2026-06-23,40,WIND,elexon,5112
2026-06-23,40,WIND,neso,4922.0
2026-06-23,41,WIND,elexon,4908
2026-06-23,41,WIND,neso,5029.0
2026-06-23,42,WIND,elexon,4922
2026-06-23,42,WIND,neso,5248.0
2026-06-23,43,WIND,elexon,5029
2026-06-23,43,WIND,neso,5069.0
2026-06-23,44,WIND,elexon,5248
2026-06-23,44,WIND,neso,4990.0
2026-06-23,45,WIND,elexon,5069
2026-06-23,45,WIND,neso,4907.0
2026-06-23,46,WIND,elexon,4990
2026-06-23,46,WIND,neso,4765.0
2026-06-23,47,WIND,elexon,4907
2026-06-23,47,WIND,neso,4661.0
2026-06-23,48,WIND,elexon,4765
2026-06-23,48,WIND,neso,4603.0
2026-06-24,1,WIND,elexon,4661
2026-06-24,1,WIND,neso,4397.0
2026-06-24,2,WIND,elexon,4603
2026-06-24,2,WIND,neso,4337.0
2026-06-24,3,WIND,elexon,4397
2026-06-24,3,WIND,neso,4125.0
2026-06-24,4,WIND,elexon,4337
2026-06-24,4,WIND,neso,3916.0
2026-06-24,5,WIND,elexon,4125
2026-06-24,5,WIND,neso,3741.0
2026-06-24,6,WIND,elexon,3916
2026-06-24,6,WIND,neso,3530.0
2026-06-24,7,WIND,elexon,3741
2026-06-24,7,WIND,neso,3130.0
2026-06-24,8,WIND,elexon,3530
2026-06-24,8,WIND,neso,2769.0
2026-06-24,9,WIND,elexon,3130
2026-06-24,9,WIND,neso,2567.0
2026-06-24,10,WIND,elexon,2769
2026-06-24,10,WIND,neso,2454.0
2026-06-24,11,WIND,elexon,2567
2026-06-24,11,WIND,neso,2682.0
2026-06-24,12,WIND,elexon,2454
2026-06-24,12,WIND,neso,3066.0
2026-06-24,13,WIND,elexon,2682
2026-06-24,13,WIND,neso,3289.0
2026-06-24,14,WIND,elexon,3066
2026-06-24,14,WIND,neso,3048.0
2026-06-24,15,WIND,elexon,3289
2026-06-24,15,WIND,neso,2760.0
2026-06-24,16,WIND,elexon,3048
2026-06-24,16,WIND,neso,2672.0
2026-06-24,17,WIND,elexon,2760
2026-06-24,17,WIND,neso,2545.0
2026-06-24,18,WIND,elexon,2672
2026-06-24,18,WIND,neso,2695.0
2026-06-24,19,WIND,elexon,2545
2026-06-24,19,WIND,neso,2898.0
2026-06-24,20,WIND,elexon,2695
2026-06-24,20,WIND,neso,2880.0
2026-06-24,21,WIND,elexon,2898
2026-06-24,21,WIND,neso,2882.0
2026-06-24,22,WIND,elexon,2880
2026-06-24,22,WIND,neso,2762.0
2026-06-24,23,WIND,elexon,2882
2026-06-24,23,WIND,neso,2676.0
2026-06-24,24,WIND,elexon,2762
2026-06-24,24,WIND,neso,2661.0
2026-06-24,25,WIND,elexon,2676
2026-06-24,25,WIND,neso,2753.0
2026-06-24,26,WIND,elexon,2661
2026-06-24,26,WIND,neso,2762.0
2026-06-24,27,WIND,elexon,2753
2026-06-24,27,WIND,neso,2763.0
2026-06-24,28,WIND,elexon,2762
2026-06-24,28,WIND,neso,2569.0
2026-06-24,29,WIND,elexon,2763
2026-06-24,29,WIND,neso,2692.0
2026-06-24,30,WIND,elexon,2569
2026-06-24,30,WIND,neso,3146.0
2026-06-24,31,WIND,elexon,2692
2026-06-24,31,WIND,neso,3376.0
2026-06-24,32,WIND,elexon,3146
2026-06-24,32,WIND,neso,3497.0
2026-06-24,33,WIND,elexon,3376
2026-06-24,33,WIND,neso,3440.0
2026-06-24,34,WIND,elexon,3497
2026-06-24,34,WIND,neso,3420.0
2026-06-24,35,WIND,elexon,3440
2026-06-24,35,WIND,neso,3391.0
2026-06-24,36,WIND,elexon,3420
2026-06-24,36,WIND,neso,3237.0
2026-06-24,37,WIND,elexon,3391
2026-06-24,37,WIND,neso,3241.0
2026-06-24,38,WIND,elexon,3237
2026-06-24,38,WIND,neso,3282.0
2026-06-24,39,WIND,elexon,3241
2026-06-24,39,WIND,neso,3264.0
2026-06-24,40,WIND,elexon,3282
2026-06-24,40,WIND,neso,3101.0
2026-06-24,41,WIND,elexon,3264
2026-06-24,41,WIND,neso,2621.0
2026-06-24,42,WIND,elexon,3101
2026-06-24,42,WIND,neso,2443.0
2026-06-24,43,WIND,elexon,2621
2026-06-24,43,WIND,neso,2679.0
2026-06-24,44,WIND,elexon,2443
2026-06-24,44,WIND,neso,2750.0
2026-06-24,45,WIND,elexon,2679
2026-06-24,45,WIND,neso,2487.0
2026-06-24,46,WIND,elexon,2750
2026-06-24,46,WIND,neso,2279.0
2026-06-24,47,WIND,elexon,2487
2026-06-24,47,WIND,neso,2180.0
2026-06-24,48,WIND,elexon,2279
2026-06-24,48,WIND,neso,2141.0
2026-06-25,1,WIND,elexon,2180
2026-06-25,1,WIND,neso,2100.0
2026-06-25,2,WIND,elexon,2141
2026-06-25,2,WIND,neso,2160.0
2026-06-25,3,WIND,elexon,2100
2026-06-25,3,WIND,neso,2134.0
2026-06-25,4,WIND,elexon,2160
2026-06-25,4,WIND,neso,2181.0
2026-06-25,5,WIND,elexon,2134
2026-06-25,5,WIND,neso,2209.0
2026-06-25,6,WIND,elexon,2181
2026-06-25,6,WIND,neso,2211.0
2026-06-25,7,WIND,elexon,2209
2026-06-25,7,WIND,neso,2402.0
2026-06-25,8,WIND,elexon,2211
2026-06-25,8,WIND,neso,2615.0
2026-06-25,9,WIND,elexon,2402
2026-06-25,9,WIND,neso,2869.0
2026-06-25,10,WIND,elexon,2615
2026-06-25,10,WIND,neso,3070.0
2026-06-25,11,WIND,elexon,2869
2026-06-25,11,WIND,neso,3185.0
2026-06-25,12,WIND,elexon,3070
2026-06-25,12,WIND,neso,3288.0
2026-06-25,13,WIND,elexon,3185
2026-06-25,13,WIND,neso,3455.0
2026-06-25,14,WIND,elexon,3288
2026-06-25,14,WIND,neso,3426.0
2026-06-25,15,WIND,elexon,3455
2026-06-25,15,WIND,neso,3531.0
2026-06-25,16,WIND,elexon,3426
2026-06-25,16,WIND,neso,3639.0
2026-06-25,17,WIND,elexon,3531
2026-06-25,17,WIND,neso,3704.0
2026-06-25,18,WIND,elexon,3639
2026-06-25,18,WIND,neso,3657.0
2026-06-25,19,WIND,elexon,3704
2026-06-25,19,WIND,neso,3536.0
2026-06-25,20,WIND,elexon,3657
2026-06-25,20,WIND,neso,3551.0
2026-06-25,21,WIND,elexon,3536
2026-06-25,21,WIND,neso,3535.0
2026-06-25,22,WIND,elexon,3551
2026-06-25,22,WIND,neso,3650.0
2026-06-25,23,WIND,elexon,3535
2026-06-25,23,WIND,neso,3863.0
2026-06-25,24,WIND,elexon,3650
2026-06-25,24,WIND,neso,3973.0
2026-06-25,25,WIND,elexon,3863
2026-06-25,25,WIND,neso,4283.0
2026-06-25,26,WIND,elexon,3973
2026-06-25,26,WIND,neso,4713.0
2026-06-25,27,WIND,elexon,4283
2026-06-25,27,WIND,neso,5451.0
2026-06-25,28,WIND,elexon,4713
2026-06-25,28,WIND,neso,6351.0
2026-06-25,29,WIND,elexon,5451
2026-06-25,29,WIND,neso,7042.0
2026-06-25,30,WIND,elexon,6351
2026-06-25,30,WIND,neso,7680.0
2026-06-25,31,WIND,elexon,7042
2026-06-25,31,WIND,neso,7964.0
2026-06-25,32,WIND,elexon,7680
2026-06-25,32,WIND,neso,8012.0
2026-06-25,33,WIND,elexon,7964
2026-06-25,33,WIND,neso,8697.0
2026-06-25,34,WIND,elexon,8012
2026-06-25,34,WIND,neso,9604.0
2026-06-25,35,WIND,elexon,8697
2026-06-25,35,WIND,neso,10023.0
2026-06-25,36,WIND,elexon,9604
2026-06-25,36,WIND,neso,9995.0
2026-06-25,37,WIND,elexon,10023
2026-06-25,37,WIND,neso,10283.0
2026-06-25,38,WIND,elexon,9995
2026-06-25,38,WIND,neso,10889.0
2026-06-25,39,WIND,elexon,10283
2026-06-25,39,WIND,neso,11058.0
2026-06-25,40,WIND,elexon,10889
2026-06-25,40,WIND,neso,10999.0
2026-06-25,41,WIND,elexon,11058
2026-06-25,41,WIND,neso,11301.0
2026-06-25,42,WIND,elexon,10999
2026-06-25,42,WIND,neso,11377.0
2026-06-25,43,WIND,elexon,11301
2026-06-25,43,WIND,neso,11246.0
2026-06-25,44,WIND,elexon,11377
2026-06-25,44,WIND,neso,11181.0
2026-06-25,45,WIND,elexon,11246
2026-06-25,45,WIND,neso,11028.0
2026-06-25,46,WIND,elexon,11181
2026-06-25,46,WIND,neso,10775.0
2026-06-25,47,WIND,elexon,11028
2026-06-25,47,WIND,neso,10515.0
2026-06-25,48,WIND,elexon,10849
2026-06-25,48,WIND,neso,10246.0
2026-06-26,1,WIND,elexon,10528
2026-06-26,1,WIND,neso,9981.0
2026-06-26,2,WIND,elexon,9953
2026-06-26,2,WIND,neso,9723.0
2026-06-26,3,WIND,elexon,9499
2026-06-26,3,WIND,neso,9466.0
2026-06-26,4,WIND,elexon,9327
2026-06-26,4,WIND,neso,9218.0
2026-06-26,5,WIND,elexon,9129
2026-06-26,5,WIND,neso,8963.0
2026-06-26,6,WIND,elexon,8467
2026-06-26,6,WIND,neso,8699.0
2026-06-26,7,WIND,elexon,7738
2026-06-26,7,WIND,neso,8433.0
2026-06-26,8,WIND,elexon,7227
2026-06-26,8,WIND,neso,8163.0
2026-06-26,9,WIND,elexon,6661
2026-06-26,9,WIND,neso,7888.0
2026-06-26,10,WIND,elexon,5516
2026-06-26,10,WIND,neso,7604.0
2026-06-26,11,WIND,elexon,6258
2026-06-26,11,WIND,neso,7317.0
2026-06-26,12,WIND,elexon,5349
2026-06-26,12,WIND,neso,7041.0
2026-06-26,13,WIND,elexon,5279
2026-06-26,13,WIND,neso,6763.0
2026-06-26,14,WIND,elexon,5349
2026-06-26,14,WIND,neso,6489.0
2026-06-26,15,WIND,elexon,5238
2026-06-26,15,WIND,neso,6207.0
2026-06-26,16,WIND,elexon,5338
2026-06-26,16,WIND,neso,5937.0
2026-06-26,17,WIND,elexon,4999
2026-06-26,17,WIND,neso,5665.0
2026-06-26,18,WIND,elexon,5006
2026-06-26,18,WIND,neso,5401.0
2026-06-26,19,WIND,elexon,4966
2026-06-26,19,WIND,neso,5137.0
2026-06-26,20,WIND,elexon,5375
2026-06-26,20,WIND,neso,4501.0
2026-06-26,21,WIND,elexon,5137
2026-06-26,21,WIND,neso,3469.0
2026-06-26,22,WIND,elexon,4501
2026-06-26,22,WIND,neso,2655.0
2026-06-26,23,WIND,elexon,3469
2026-06-26,23,WIND,neso,2514.0
2026-06-26,24,WIND,elexon,2655
2026-06-26,24,WIND,neso,2693.0
2026-06-26,25,WIND,elexon,2514
2026-06-26,25,WIND,neso,2700.0
2026-06-26,26,WIND,elexon,2693
2026-06-26,26,WIND,neso,3424.0
2026-06-26,27,WIND,elexon,2700
2026-06-26,27,WIND,neso,4466.0
2026-06-26,28,WIND,elexon,3424
2026-06-26,28,WIND,neso,5301.0
2026-06-26,29,WIND,elexon,4466
2026-06-26,29,WIND,neso,5293.0
2026-06-26,30,WIND,elexon,5301
2026-06-26,30,WIND,neso,5410.0
2026-06-26,31,WIND,elexon,5293
2026-06-26,31,WIND,neso,5631.0
2026-06-26,32,WIND,elexon,5410
2026-06-26,32,WIND,neso,5733.0
2026-06-26,33,WIND,elexon,5631
2026-06-26,33,WIND,neso,5936.0
2026-06-26,34,WIND,elexon,5733
2026-06-26,34,WIND,neso,5991.0
2026-06-26,35,WIND,elexon,5936
2026-06-26,35,WIND,neso,6113.0
2026-06-26,36,WIND,elexon,5991
2026-06-26,36,WIND,neso,6198.0
2026-06-26,37,WIND,elexon,6113
2026-06-26,37,WIND,neso,6510.0
2026-06-26,38,WIND,elexon,6198
2026-06-26,38,WIND,neso,6461.0
2026-06-26,39,WIND,elexon,6510
2026-06-26,39,WIND,neso,6896.0
2026-06-26,40,WIND,elexon,6461
2026-06-26,40,WIND,neso,7399.0
2026-06-26,41,WIND,elexon,6896
2026-06-26,41,WIND,neso,7951.0
2026-06-26,42,WIND,elexon,7399
2026-06-26,42,WIND,neso,8189.0
2026-06-26,43,WIND,elexon,7951
2026-06-26,43,WIND,neso,8097.0
2026-06-26,44,WIND,elexon,8189
2026-06-26,44,WIND,neso,8200.0
2026-06-26,45,WIND,elexon,8097
2026-06-26,45,WIND,neso,8084.0
2026-06-26,46,WIND,elexon,8200
2026-06-26,46,WIND,neso,7313.0
2026-06-26,47,WIND,elexon,8084
2026-06-26,47,WIND,neso,7246.0
2026-06-26,48,WIND,elexon,7313
2026-06-26,48,WIND,neso,7368.0
2026-06-27,1,WIND,elexon,7246
2026-06-27,1,WIND,neso,7161.0
2026-06-27,2,WIND,elexon,7368
2026-06-27,2,WIND,neso,6519.0
2026-06-27,3,WIND,elexon,7161
2026-06-27,3,WIND,neso,6009.0
2026-06-27,4,WIND,elexon,6519
2026-06-27,4,WIND,neso,5300.0
2026-06-27,5,WIND,elexon,6009
2026-06-27,5,WIND,neso,4516.0
2026-06-27,6,WIND,elexon,5300
2026-06-27,6,WIND,neso,4269.0
2026-06-27,7,WIND,elexon,4516
2026-06-27,7,WIND,neso,4116.0
2026-06-27,8,WIND,elexon,4269
2026-06-27,8,WIND,neso,3455.0
2026-06-27,9,WIND,elexon,4116
2026-06-27,9,WIND,neso,3225.0
2026-06-27,10,WIND,elexon,3455
2026-06-27,10,WIND,neso,3008.0
2026-06-27,11,WIND,elexon,3225
2026-06-27,11,WIND,neso,2743.0
2026-06-27,12,WIND,elexon,3008
2026-06-27,12,WIND,neso,2863.0
2026-06-27,13,WIND,elexon,2743
2026-06-27,13,WIND,neso,3490.0
2026-06-27,14,WIND,elexon,2863
2026-06-27,14,WIND,neso,3548.0
2026-06-27,15,WIND,elexon,3490
2026-06-27,15,WIND,neso,3581.0
2026-06-27,16,WIND,elexon,3548
2026-06-27,16,WIND,neso,3763.0
2026-06-27,17,WIND,elexon,3581
2026-06-27,17,WIND,neso,4111.0
2026-06-27,18,WIND,elexon,3763
2026-06-27,18,WIND,neso,4802.0
2026-06-27,19,WIND,elexon,4111
2026-06-27,19,WIND,neso,4771.0
2026-06-27,20,WIND,elexon,4802
2026-06-27,20,WIND,neso,4918.0
2026-06-27,21,WIND,elexon,4771
2026-06-27,21,WIND,neso,5272.0
2026-06-27,22,WIND,elexon,4918
2026-06-27,22,WIND,neso,5724.0
2026-06-27,23,WIND,elexon,5272
2026-06-27,23,WIND,neso,5839.0
2026-06-27,24,WIND,elexon,5724
2026-06-27,24,WIND,neso,6116.0
2026-06-27,25,WIND,elexon,5839
2026-06-27,25,WIND,neso,6713.0
2026-06-27,26,WIND,elexon,6116
2026-06-27,26,WIND,neso,7300.0
2026-06-27,27,WIND,elexon,6713
2026-06-27,27,WIND,neso,7703.0
2026-06-27,28,WIND,elexon,7300
2026-06-27,28,WIND,neso,7581.0
2026-06-27,29,WIND,elexon,7703
2026-06-27,29,WIND,neso,7656.0
2026-06-27,30,WIND,elexon,7581
2026-06-27,30,WIND,neso,7332.0
2026-06-27,31,WIND,elexon,7656
2026-06-27,31,WIND,neso,7125.0
2026-06-27,32,WIND,elexon,7332
2026-06-27,32,WIND,neso,6936.0
2026-06-27,33,WIND,elexon,7125
2026-06-27,33,WIND,neso,7046.0
2026-06-27,34,WIND,elexon,6936
2026-06-27,34,WIND,neso,7495.0
2026-06-27,35,WIND,elexon,7046
2026-06-27,35,WIND,neso,7792.0
2026-06-27,36,WIND,elexon,7495
2026-06-27,36,WIND,neso,7585.0
2026-06-27,37,WIND,elexon,7792
2026-06-27,37,WIND,neso,8063.0
2026-06-27,38,WIND,elexon,7585
2026-06-27,38,WIND,neso,8168.0
2026-06-27,39,WIND,elexon,8063
2026-06-27,39,WIND,neso,8036.0
2026-06-27,40,WIND,elexon,8168
2026-06-27,40,WIND,neso,8006.0
2026-06-27,41,WIND,elexon,8036
2026-06-27,41,WIND,neso,8175.0
2026-06-27,42,WIND,elexon,8006
2026-06-27,42,WIND,neso,8308.0
2026-06-27,43,WIND,elexon,8175
2026-06-27,43,WIND,neso,8539.0
2026-06-27,44,WIND,elexon,8308
2026-06-27,44,WIND,neso,9164.0
2026-06-27,45,WIND,elexon,8539
2026-06-27,45,WIND,neso,10059.0
2026-06-27,46,WIND,elexon,9164
2026-06-27,46,WIND,neso,10450.0
2026-06-27,47,WIND,elexon,10059
2026-06-27,47,WIND,neso,10616.0
2026-06-27,48,WIND,elexon,10450
2026-06-27,48,WIND,neso,10505.0
2026-06-28,1,WIND,elexon,10616
2026-06-28,1,WIND,neso,10332.0
2026-06-28,2,WIND,elexon,10505
2026-06-28,2,WIND,neso,9838.0
2026-06-28,3,WIND,elexon,10332
2026-06-28,3,WIND,neso,9623.0
2026-06-28,4,WIND,elexon,9838
2026-06-28,4,WIND,neso,9395.0
2026-06-28,5,WIND,elexon,9623
2026-06-28,5,WIND,neso,9282.0
2026-06-28,6,WIND,elexon,9395
2026-06-28,6,WIND,neso,8730.0
2026-06-28,7,WIND,elexon,9282
2026-06-28,7,WIND,neso,8337.0
2026-06-28,8,WIND,elexon,8730
2026-06-28,8,WIND,neso,8360.0
2026-06-28,9,WIND,elexon,8337
2026-06-28,9,WIND,neso,8237.0
2026-06-28,10,WIND,elexon,8360
2026-06-28,10,WIND,neso,8192.0
2026-06-28,11,WIND,elexon,8237
2026-06-28,11,WIND,neso,8347.0
2026-06-28,12,WIND,elexon,8192
2026-06-28,12,WIND,neso,8320.0
2026-06-28,13,WIND,elexon,8347
2026-06-28,13,WIND,neso,8420.0
2026-06-28,14,WIND,elexon,8320
2026-06-28,14,WIND,neso,8497.0
2026-06-28,15,WIND,elexon,8420
2026-06-28,15,WIND,neso,7975.0
2026-06-28,16,WIND,elexon,8497
2026-06-28,16,WIND,neso,7888.0
2026-06-28,17,WIND,elexon,7975
2026-06-28,17,WIND,neso,8285.0
2026-06-28,18,WIND,elexon,7888
2026-06-28,18,WIND,neso,8769.0
2026-06-28,19,WIND,elexon,8285
2026-06-28,19,WIND,neso,8886.0
2026-06-28,20,WIND,elexon,8769
2026-06-28,20,WIND,neso,9410.0
2026-06-28,21,WIND,elexon,8886
2026-06-28,21,WIND,neso,9077.0
2026-06-28,22,WIND,elexon,9410
2026-06-28,22,WIND,neso,9098.0
2026-06-28,23,WIND,elexon,9077
2026-06-28,23,WIND,neso,9698.0
2026-06-28,24,WIND,elexon,9098
2026-06-28,24,WIND,neso,10049.0
2026-06-28,25,WIND,elexon,9698
2026-06-28,25,WIND,neso,10284.0
2026-06-28,26,WIND,elexon,10049
2026-06-28,26,WIND,neso,9951.0
2026-06-28,27,WIND,elexon,10284
2026-06-28,27,WIND,neso,10027.0
2026-06-28,28,WIND,elexon,9951
2026-06-28,28,WIND,neso,10116.0
2026-06-28,29,WIND,elexon,10027
2026-06-28,29,WIND,neso,9897.0
2026-06-28,30,WIND,elexon,10116
2026-06-28,30,WIND,neso,9858.0
2026-06-28,31,WIND,elexon,9897
2026-06-28,31,WIND,neso,10103.0
2026-06-28,32,WIND,elexon,9858
2026-06-28,32,WIND,neso,9898.0
2026-06-28,33,WIND,elexon,10103
2026-06-28,33,WIND,neso,9573.0
2026-06-28,34,WIND,elexon,9898
2026-06-28,34,WIND,neso,9303.0
2026-06-28,35,WIND,elexon,9573
2026-06-28,35,WIND,neso,8939.0
2026-06-28,36,WIND,elexon,9303
2026-06-28,36,WIND,neso,8691.0
2026-06-28,37,WIND,elexon,8939
2026-06-28,37,WIND,neso,8478.0
2026-06-28,38,WIND,elexon,8691
2026-06-28,38,WIND,neso,8091.0
2026-06-28,39,WIND,elexon,8478
2026-06-28,39,WIND,neso,7604.0
2026-06-28,40,WIND,elexon,8091
2026-06-28,40,WIND,neso,7589.0
2026-06-28,41,WIND,elexon,7604
2026-06-28,41,WIND,neso,7508.0
2026-06-28,42,WIND,elexon,7589
2026-06-28,42,WIND,neso,7397.0
2026-06-28,43,WIND,elexon,7508
2026-06-28,43,WIND,neso,6883.0
2026-06-28,44,WIND,elexon,7397
2026-06-28,44,WIND,neso,6317.0
2026-06-28,45,WIND,elexon,6883
2026-06-28,45,WIND,neso,6366.0
2026-06-28,46,WIND,elexon,6317
2026-06-28,46,WIND,neso,6731.0
2026-06-28,47,WIND,elexon,6366
2026-06-28,47,WIND,neso,6908.0
2026-06-28,48,WIND,elexon,6731
2026-06-28,48,WIND,neso,7087.0
2026-06-29,1,WIND,elexon,6908
2026-06-29,1,WIND,neso,6788.0
2026-06-29,2,WIND,elexon,7087
2026-06-29,2,WIND,neso,6665.0
2026-06-29,3,WIND,elexon,6788
2026-06-29,3,WIND,neso,6568.0
2026-06-29,4,WIND,elexon,6665
2026-06-29,4,WIND,neso,6732.0
2026-06-29,5,WIND,elexon,6568
2026-06-29,5,WIND,neso,6948.0
2026-06-29,6,WIND,elexon,6732
2026-06-29,6,WIND,neso,7433.0
2026-06-29,7,WIND,elexon,6948
2026-06-29,7,WIND,neso,7633.0
2026-06-29,8,WIND,elexon,7433
2026-06-29,8,WIND,neso,7620.0
2026-06-29,9,WIND,elexon,7633
2026-06-29,9,WIND,neso,7571.0
2026-06-29,10,WIND,elexon,7620
2026-06-29,10,WIND,neso,7222.0
2026-06-29,11,WIND,elexon,7571
2026-06-29,11,WIND,neso,6704.0
2026-06-29,12,WIND,elexon,7222
2026-06-29,12,WIND,neso,6201.0
2026-06-29,13,WIND,elexon,6704
2026-06-29,13,WIND,neso,6020.0
2026-06-29,14,WIND,elexon,6201
2026-06-29,14,WIND,neso,6002.0
2026-06-29,15,WIND,elexon,6020
2026-06-29,15,WIND,neso,5704.0
2026-06-29,16,WIND,elexon,6002
2026-06-29,16,WIND,neso,5202.0
2026-06-29,17,WIND,elexon,5704
2026-06-29,17,WIND,neso,4986.0
2026-06-29,18,WIND,elexon,5202
2026-06-29,18,WIND,neso,4824.0
2026-06-29,19,WIND,elexon,4986
2026-06-29,19,WIND,neso,4627.0
2026-06-29,20,WIND,elexon,4824
2026-06-29,20,WIND,neso,4467.0
2026-06-29,21,WIND,elexon,4627
2026-06-29,21,WIND,neso,4242.0
2026-06-29,22,WIND,elexon,4467
2026-06-29,22,WIND,neso,4159.0
2026-06-29,23,WIND,elexon,4242
2026-06-29,23,WIND,neso,4202.0
2026-06-29,24,WIND,elexon,4159
2026-06-29,24,WIND,neso,4240.0
2026-06-29,25,WIND,elexon,4202
2026-06-29,25,WIND,neso,4074.0
2026-06-29,26,WIND,elexon,4240
2026-06-29,26,WIND,neso,3866.0
2026-06-29,27,WIND,elexon,4074
2026-06-29,27,WIND,neso,4172.0
2026-06-29,28,WIND,elexon,3866
2026-06-29,28,WIND,neso,4507.0
2026-06-29,29,WIND,elexon,4172
2026-06-29,29,WIND,neso,4764.0
2026-06-29,30,WIND,elexon,4507
2026-06-29,30,WIND,neso,4684.0
2026-06-29,31,WIND,elexon,4764
2026-06-29,31,WIND,neso,4617.0
2026-06-29,32,WIND,elexon,4684
2026-06-29,32,WIND,neso,4621.0
2026-06-29,33,WIND,elexon,4617
2026-06-29,33,WIND,neso,4448.0
2026-06-29,34,WIND,elexon,4621
2026-06-29,34,WIND,neso,4237.0
2026-06-29,35,WIND,elexon,4448
2026-06-29,35,WIND,neso,4648.0
2026-06-29,36,WIND,elexon,4237
2026-06-29,36,WIND,neso,4464.0
2026-06-29,37,WIND,elexon,4648
2026-06-29,37,WIND,neso,4368.0
2026-06-29,38,WIND,elexon,4464
2026-06-29,38,WIND,neso,4207.0
2026-06-29,39,WIND,elexon,4368
2026-06-29,39,WIND,neso,3984.0
2026-06-29,40,WIND,elexon,4207
2026-06-29,40,WIND,neso,4250.0
2026-06-29,41,WIND,elexon,3984
2026-06-29,41,WIND,neso,3965.0
2026-06-29,42,WIND,elexon,4250
2026-06-29,42,WIND,neso,3979.0
2026-06-29,43,WIND,elexon,3965
2026-06-29,43,WIND,neso,3253.0
2026-06-29,44,WIND,elexon,3979
2026-06-29,44,WIND,neso,3049.0
2026-06-29,45,WIND,elexon,3253
2026-06-29,45,WIND,neso,3007.0
2026-06-29,46,WIND,elexon,3049
2026-06-29,46,WIND,neso,2652.0
2026-06-29,47,WIND,elexon,3007
2026-06-29,47,WIND,neso,2383.0
2026-06-29,48,WIND,elexon,2652
2026-06-29,48,WIND,neso,2196.0
2026-06-30,1,WIND,elexon,2383
2026-06-30,1,WIND,neso,2300.0
2026-06-30,2,WIND,elexon,2196
2026-06-30,2,WIND,neso,2639.0
2026-06-30,3,WIND,elexon,2300
2026-06-30,3,WIND,neso,2707.0
2026-06-30,4,WIND,elexon,2639
2026-06-30,4,WIND,neso,2718.0
2026-06-30,5,WIND,elexon,2707
2026-06-30,5,WIND,neso,2617.0
2026-06-30,6,WIND,elexon,2718
2026-06-30,6,WIND,neso,2709.0
2026-06-30,7,WIND,elexon,2617
2026-06-30,7,WIND,neso,2574.0
2026-06-30,8,WIND,elexon,2709
2026-06-30,8,WIND,neso,2705.0
2026-06-30,9,WIND,elexon,2574
2026-06-30,9,WIND,neso,2644.0
2026-06-30,10,WIND,elexon,2705
2026-06-30,10,WIND,neso,2727.0
2026-06-30,11,WIND,elexon,2644
2026-06-30,11,WIND,neso,2866.0
2026-06-30,12,WIND,elexon,2727
2026-06-30,12,WIND,neso,3018.0
2026-06-30,13,WIND,elexon,2866
2026-06-30,13,WIND,neso,3221.0
2026-06-30,14,WIND,elexon,3018
2026-06-30,14,WIND,neso,2963.0
2026-06-30,15,WIND,elexon,3221
2026-06-30,15,WIND,neso,3021.0
2026-06-30,16,WIND,elexon,2963
2026-06-30,16,WIND,neso,2968.0
2026-06-30,17,WIND,elexon,3021
2026-06-30,17,WIND,neso,3071.0
2026-06-30,18,WIND,elexon,2968
2026-06-30,18,WIND,neso,3407.0
2026-06-30,19,WIND,elexon,3071
2026-06-30,19,WIND,neso,3404.0
2026-06-30,20,WIND,elexon,3407
2026-06-30,20,WIND,neso,3466.0
2026-06-30,21,WIND,elexon,3404
2026-06-30,21,WIND,neso,3381.0
2026-06-30,22,WIND,elexon,3466
2026-06-30,22,WIND,neso,3530.0
2026-06-30,23,WIND,elexon,3381
2026-06-30,23,WIND,neso,3486.0
2026-06-30,24,WIND,elexon,3530
2026-06-30,24,WIND,neso,3423.0
2026-06-30,25,WIND,elexon,3486
2026-06-30,25,WIND,neso,3249.0
2026-06-30,26,WIND,elexon,3423
2026-06-30,26,WIND,neso,3084.0
2026-06-30,27,WIND,elexon,3249
2026-06-30,27,WIND,neso,3079.0
2026-06-30,28,WIND,elexon,3084
2026-06-30,28,WIND,neso,3044.0
2026-06-30,29,WIND,elexon,3079
2026-06-30,29,WIND,neso,3066.0
2026-06-30,30,WIND,elexon,3044
2026-06-30,30,WIND,neso,2734.0
2026-06-30,31,WIND,elexon,3066
2026-06-30,31,WIND,neso,2446.0
2026-06-30,32,WIND,elexon,2734
2026-06-30,32,WIND,neso,2335.0
2026-06-30,33,WIND,elexon,2446
2026-06-30,33,WIND,neso,2361.0
2026-06-30,34,WIND,elexon,2335
2026-06-30,34,WIND,neso,2344.0
2026-06-30,35,WIND,elexon,2361
2026-06-30,35,WIND,neso,2107.0
2026-06-30,36,WIND,elexon,2344
2026-06-30,36,WIND,neso,2200.0
2026-06-30,37,WIND,elexon,2107
2026-06-30,37,WIND,neso,2181.0
2026-06-30,38,WIND,elexon,2200
2026-06-30,38,WIND,neso,2066.0
2026-06-30,39,WIND,elexon,2181
2026-06-30,39,WIND,neso,1957.0
2026-06-30,40,WIND,elexon,2066
2026-06-30,40,WIND,neso,1991.0
2026-06-30,41,WIND,elexon,1957
2026-06-30,41,WIND,neso,2077.0
2026-06-30,42,WIND,elexon,1991
2026-06-30,42,WIND,neso,1919.0
2026-06-30,43,WIND,elexon,2077
2026-06-30,43,WIND,neso,1741.0
2026-06-30,44,WIND,elexon,1919
2026-06-30,44,WIND,neso,1552.0
2026-06-30,45,WIND,elexon,1741
2026-06-30,45,WIND,neso,1296.0
2026-06-30,46,WIND,elexon,1552
2026-06-30,46,WIND,neso,1214.0
2026-06-30,47,WIND,elexon,1296
2026-06-30,47,WIND,neso,1274.0
2026-06-30,48,WIND,elexon,1214
2026-06-30,48,WIND,neso,1269.0
2026-07-01,1,WIND,elexon,1274
2026-07-01,1,WIND,neso,1285.0
2026-07-01,2,WIND,elexon,1269
2026-07-01,2,WIND,neso,1388.0
2026-07-01,3,WIND,elexon,1285
2026-07-01,3,WIND,neso,1311.0
2026-07-01,4,WIND,elexon,1388
2026-07-01,4,WIND,neso,1329.0
2026-07-01,5,WIND,elexon,1311
2026-07-01,5,WIND,neso,1340.0
2026-07-01,6,WIND,elexon,1329
2026-07-01,6,WIND,neso,1282.0
2026-07-01,7,WIND,elexon,1340
2026-07-01,7,WIND,neso,1248.0
2026-07-01,8,WIND,elexon,1282
2026-07-01,8,WIND,neso,1166.0
2026-07-01,9,WIND,elexon,1248
2026-07-01,9,WIND,neso,1130.0
2026-07-01,10,WIND,elexon,1166
2026-07-01,10,WIND,neso,1087.0
2026-07-01,11,WIND,elexon,1130
2026-07-01,11,WIND,neso,1017.0
2026-07-01,12,WIND,elexon,1087
2026-07-01,12,WIND,neso,967.0
2026-07-01,13,WIND,elexon,1017
2026-07-01,13,WIND,neso,872.0
2026-07-01,14,WIND,elexon,967
2026-07-01,14,WIND,neso,802.0
2026-07-01,15,WIND,elexon,872
2026-07-01,15,WIND,neso,667.0
2026-07-01,16,WIND,elexon,802
2026-07-01,16,WIND,neso,548.0
2026-07-01,17,WIND,elexon,667
2026-07-01,17,WIND,neso,540.0
2026-07-01,18,WIND,elexon,548
2026-07-01,18,WIND,neso,533.0
2026-07-01,19,WIND,elexon,540
2026-07-01,19,WIND,neso,560.0
2026-07-01,20,WIND,elexon,533
2026-07-01,20,WIND,neso,561.0
2026-07-01,21,WIND,elexon,560
2026-07-01,21,WIND,neso,561.0
2026-07-01,22,WIND,elexon,561
2026-07-01,22,WIND,neso,677.0
2026-07-01,23,WIND,elexon,561
2026-07-01,23,WIND,neso,911.0
2026-07-01,24,WIND,elexon,677
2026-07-01,24,WIND,neso,1099.0
2026-07-01,25,WIND,elexon,911
2026-07-01,25,WIND,neso,1353.0
2026-07-01,26,WIND,elexon,1099
2026-07-01,26,WIND,neso,1805.0
2026-07-01,27,WIND,elexon,1353
2026-07-01,27,WIND,neso,2301.0
2026-07-01,28,WIND,elexon,1805
2026-07-01,28,WIND,neso,2834.0
2026-07-01,29,WIND,elexon,2301
2026-07-01,29,WIND,neso,3535.0
2026-07-01,30,WIND,elexon,2834
2026-07-01,30,WIND,neso,4196.0
2026-07-01,31,WIND,elexon,3535
2026-07-01,31,WIND,neso,4798.0
2026-07-01,32,WIND,elexon,4196
2026-07-01,32,WIND,neso,5655.0
2026-07-01,33,WIND,elexon,4798
2026-07-01,33,WIND,neso,5926.0
2026-07-01,34,WIND,elexon,5655
2026-07-01,34,WIND,neso,6533.0
2026-07-01,35,WIND,elexon,5926
2026-07-01,35,WIND,neso,7497.0
2026-07-01,36,WIND,elexon,6533
2026-07-01,36,WIND,neso,7760.0
2026-07-01,37,WIND,elexon,7497
2026-07-01,37,WIND,neso,8284.0
2026-07-01,38,WIND,elexon,7760
2026-07-01,38,WIND,neso,8658.0
2026-07-01,39,WIND,elexon,8284
2026-07-01,39,WIND,neso,8884.0
2026-07-01,40,WIND,elexon,8658
2026-07-01,40,WIND,neso,9092.0
2026-07-01,41,WIND,elexon,8884
2026-07-01,41,WIND,neso,8949.0
2026-07-01,42,WIND,elexon,9092
2026-07-01,42,WIND,neso,8638.0
2026-07-01,43,WIND,elexon,8949
2026-07-01,43,WIND,neso,8676.0
2026-07-01,44,WIND,elexon,8638
2026-07-01,44,WIND,neso,9265.0
2026-07-01,45,WIND,elexon,8676
2026-07-01,45,WIND,neso,10342.0
2026-07-01,46,WIND,elexon,9265
2026-07-01,46,WIND,neso,11332.0
2026-07-01,47,WIND,elexon,10342
2026-07-01,47,WIND,neso,12210.0
2026-07-01,48,WIND,elexon,11332
2026-07-01,48,WIND,neso,13154.0
2026-07-02,1,WIND,elexon,12210
2026-07-02,1,WIND,neso,13764.0
2026-07-02,2,WIND,elexon,13154
2026-07-02,2,WIND,neso,13858.0
2026-07-02,3,WIND,elexon,13764
2026-07-02,3,WIND,neso,13941.0
2026-07-02,4,WIND,elexon,13858
2026-07-02,4,WIND,neso,14221.0
2026-07-02,5,WIND,elexon,13941
2026-07-02,5,WIND,neso,14567.0
2026-07-02,6,WIND,elexon,14221
2026-07-02,6,WIND,neso,14290.0
2026-07-02,7,WIND,elexon,14567
2026-07-02,7,WIND,neso,14592.0
2026-07-02,8,WIND,elexon,14290
2026-07-02,8,WIND,neso,14597.0
2026-07-02,9,WIND,elexon,14592
2026-07-02,9,WIND,neso,14525.0
2026-07-02,10,WIND,elexon,14597
2026-07-02,10,WIND,neso,14243.0
2026-07-02,11,WIND,elexon,14525
2026-07-02,11,WIND,neso,14275.0
2026-07-02,12,WIND,elexon,14243
2026-07-02,12,WIND,neso,14469.0
2026-07-02,13,WIND,elexon,14275
2026-07-02,13,WIND,neso,14108.0
2026-07-02,14,WIND,elexon,14469
2026-07-02,14,WIND,neso,14186.0
2026-07-02,15,WIND,elexon,14108
2026-07-02,15,WIND,neso,14300.0
2026-07-02,16,WIND,elexon,14186
2026-07-02,16,WIND,neso,14232.0
2026-07-02,17,WIND,elexon,14300
2026-07-02,17,WIND,neso,14364.0
2026-07-02,18,WIND,elexon,14232
2026-07-02,18,WIND,neso,14456.0
2026-07-02,19,WIND,elexon,14364
2026-07-02,19,WIND,neso,14349.0
2026-07-02,20,WIND,elexon,14456
2026-07-02,20,WIND,neso,14075.0
2026-07-02,21,WIND,elexon,14349
2026-07-02,21,WIND,neso,13818.0
2026-07-02,22,WIND,elexon,14075
2026-07-02,22,WIND,neso,13381.0
2026-07-02,23,WIND,elexon,13818
2026-07-02,23,WIND,neso,13196.0
2026-07-02,24,WIND,elexon,13381
2026-07-02,24,WIND,neso,13210.0
2026-07-02,25,WIND,elexon,13196
2026-07-02,25,WIND,neso,12832.0
2026-07-02,26,WIND,elexon,13210
2026-07-02,26,WIND,neso,12481.0
2026-07-02,27,WIND,elexon,12832
2026-07-02,27,WIND,neso,12063.0
2026-07-02,28,WIND,elexon,12481
2026-07-02,28,WIND,neso,11777.0
2026-07-02,29,WIND,elexon,12063
2026-07-02,29,WIND,neso,11440.0
2026-07-02,30,WIND,elexon,11777
2026-07-02,30,WIND,neso,11587.0
2026-07-02,31,WIND,elexon,11440
2026-07-02,31,WIND,neso,11490.0
2026-07-02,32,WIND,elexon,11587
2026-07-02,32,WIND,neso,10080.0
2026-07-02,33,WIND,elexon,11490
2026-07-02,33,WIND,neso,9648.0
2026-07-02,34,WIND,elexon,10080
2026-07-02,34,WIND,neso,9685.0
2026-07-02,35,WIND,elexon,9648
2026-07-02,35,WIND,neso,9017.0
2026-07-02,36,WIND,elexon,9685
2026-07-02,36,WIND,neso,8749.0
2026-07-02,37,WIND,elexon,9017
2026-07-02,37,WIND,neso,8169.0
2026-07-02,38,WIND,elexon,8749
2026-07-02,38,WIND,neso,7554.0
2026-07-02,39,WIND,elexon,8169
2026-07-02,39,WIND,neso,7033.0
2026-07-02,40,WIND,elexon,7554
2026-07-02,40,WIND,neso,6790.0
2026-07-02,41,WIND,elexon,7033
2026-07-02,41,WIND,neso,7103.0
2026-07-02,42,WIND,elexon,6790
2026-07-02,42,WIND,neso,7288.0
2026-07-02,43,WIND,elexon,7103
2026-07-02,43,WIND,neso,7694.0
2026-07-02,44,WIND,elexon,7288
2026-07-02,44,WIND,neso,7707.0
2026-07-02,45,WIND,elexon,7694
2026-07-02,45,WIND,neso,7486.0
2026-07-02,46,WIND,elexon,7707
2026-07-02,46,WIND,neso,7905.0
2026-07-02,47,WIND,elexon,7486
2026-07-02,47,WIND,neso,7887.0
2026-07-02,48,WIND,elexon,7905
2026-07-02,48,WIND,neso,7877.0
2026-07-03,1,WIND,elexon,7887
2026-07-03,1,WIND,neso,7820.0
2026-07-03,2,WIND,elexon,7877
2026-07-03,2,WIND,neso,7786.0
2026-07-03,3,WIND,elexon,7820
2026-07-03,3,WIND,neso,7823.0
2026-07-03,4,WIND,elexon,7786
2026-07-03,4,WIND,neso,7720.0
2026-07-03,5,WIND,elexon,7823
2026-07-03,5,WIND,neso,7214.0
2026-07-03,6,WIND,elexon,7720
2026-07-03,6,WIND,neso,7065.0
2026-07-03,7,WIND,elexon,7214
2026-07-03,7,WIND,neso,6860.0
2026-07-03,8,WIND,elexon,7065
2026-07-03,8,WIND,neso,6537.0
2026-07-03,9,WIND,elexon,6860
2026-07-03,9,WIND,neso,6297.0
2026-07-03,10,WIND,elexon,6537
2026-07-03,10,WIND,neso,6251.0
2026-07-03,11,WIND,elexon,6297
2026-07-03,11,WIND,neso,6071.0
2026-07-03,12,WIND,elexon,6251
2026-07-03,12,WIND,neso,6139.0
2026-07-03,13,WIND,elexon,6071
2026-07-03,13,WIND,neso,6041.0
2026-07-03,14,WIND,elexon,6139
2026-07-03,14,WIND,neso,5843.0
2026-07-03,15,WIND,elexon,6041
2026-07-03,15,WIND,neso,5820.0
2026-07-03,16,WIND,elexon,5843
2026-07-03,16,WIND,neso,5396.0
2026-07-03,17,WIND,elexon,5820
2026-07-03,17,WIND,neso,5248.0
2026-07-03,18,WIND,elexon,5396
2026-07-03,18,WIND,neso,4913.0
2026-07-03,19,WIND,elexon,5248
2026-07-03,19,WIND,neso,4401.0
2026-07-03,20,WIND,elexon,4913
2026-07-03,20,WIND,neso,4153.0
2026-07-03,21,WIND,elexon,4401
2026-07-03,21,WIND,neso,4231.0
2026-07-03,22,WIND,elexon,4153
2026-07-03,22,WIND,neso,4200.0
2026-07-03,23,WIND,elexon,4231
2026-07-03,23,WIND,neso,4279.0
2026-07-03,24,WIND,elexon,4200
2026-07-03,24,WIND,neso,4277.0
2026-07-03,25,WIND,elexon,4279
2026-07-03,25,WIND,neso,4194.0
2026-07-03,26,WIND,elexon,4277
2026-07-03,26,WIND,neso,4311.0
2026-07-03,27,WIND,elexon,4194
2026-07-03,27,WIND,neso,4249.0
2026-07-03,28,WIND,elexon,4311
2026-07-03,28,WIND,neso,3899.0
2026-07-03,29,WIND,elexon,4249
2026-07-03,29,WIND,neso,3653.0
2026-07-03,30,WIND,elexon,3899
2026-07-03,30,WIND,neso,3752.0
2026-07-03,31,WIND,elexon,3653
2026-07-03,31,WIND,neso,4108.0
2026-07-03,32,WIND,elexon,3752
2026-07-03,32,WIND,neso,4260.0
2026-07-03,33,WIND,elexon,4108
2026-07-03,33,WIND,neso,4749.0
2026-07-03,34,WIND,elexon,4260
2026-07-03,34,WIND,neso,5112.0
2026-07-03,35,WIND,elexon,4749
2026-07-03,35,WIND,neso,5478.0
2026-07-03,36,WIND,elexon,5112
2026-07-03,36,WIND,neso,5812.0
2026-07-03,37,WIND,elexon,5478
2026-07-03,37,WIND,neso,6426.0
2026-07-03,38,WIND,elexon,5812
2026-07-03,38,WIND,neso,6619.0
2026-07-03,39,WIND,elexon,6426
2026-07-03,39,WIND,neso,6473.0
2026-07-03,40,WIND,elexon,6619
2026-07-03,40,WIND,neso,6455.0
2026-07-03,41,WIND,elexon,6473
2026-07-03,41,WIND,neso,6592.0
2026-07-03,42,WIND,elexon,6455
2026-07-03,42,WIND,neso,6745.0
2026-07-03,43,WIND,elexon,6592
2026-07-03,43,WIND,neso,7105.0
2026-07-03,44,WIND,elexon,6745
2026-07-03,44,WIND,neso,7024.0
2026-07-03,45,WIND,elexon,7105
2026-07-03,45,WIND,neso,6797.0
2026-07-03,46,WIND,elexon,7024
2026-07-03,46,WIND,neso,6470.0
2026-07-03,47,WIND,elexon,6797
2026-07-03,47,WIND,neso,6351.0
2026-07-03,48,WIND,elexon,6470
2026-07-03,48,WIND,neso,6766.0
2026-07-04,1,WIND,elexon,6351
2026-07-04,1,WIND,neso,7194.0
2026-07-04,2,WIND,elexon,6766
2026-07-04,2,WIND,neso,7597.0
2026-07-04,3,WIND,elexon,7194
2026-07-04,3,WIND,neso,8264.0
2026-07-04,4,WIND,elexon,7597
2026-07-04,4,WIND,neso,8560.0
2026-07-04,5,WIND,elexon,8264
2026-07-04,5,WIND,neso,8490.0
2026-07-04,6,WIND,elexon,8560
2026-07-04,6,WIND,neso,9070.0
2026-07-04,7,WIND,elexon,8490
2026-07-04,7,WIND,neso,9600.0
2026-07-04,8,WIND,elexon,9070
2026-07-04,8,WIND,neso,10454.0
2026-07-04,9,WIND,elexon,9600
2026-07-04,9,WIND,neso,11148.0
2026-07-04,10,WIND,elexon,10454
2026-07-04,10,WIND,neso,11232.0
2026-07-04,11,WIND,elexon,11148
2026-07-04,11,WIND,neso,10922.0
2026-07-04,12,WIND,elexon,11232
2026-07-04,12,WIND,neso,10777.0
2026-07-04,13,WIND,elexon,10922
2026-07-04,13,WIND,neso,10820.0
2026-07-04,14,WIND,elexon,10777
2026-07-04,14,WIND,neso,11209.0
2026-07-04,15,WIND,elexon,10820
2026-07-04,15,WIND,neso,10994.0
2026-07-04,16,WIND,elexon,11209
2026-07-04,16,WIND,neso,11122.0
2026-07-04,17,WIND,elexon,10994
2026-07-04,17,WIND,neso,11527.0
2026-07-04,18,WIND,elexon,11122
2026-07-04,18,WIND,neso,11832.0
2026-07-04,19,WIND,elexon,11527
2026-07-04,19,WIND,neso,11725.0
2026-07-04,20,WIND,elexon,11832
2026-07-04,20,WIND,neso,11534.0
2026-07-04,21,WIND,elexon,11725
2026-07-04,21,WIND,neso,11290.0
2026-07-04,22,WIND,elexon,11534
2026-07-04,22,WIND,neso,11790.0
2026-07-04,23,WIND,elexon,11290
2026-07-04,23,WIND,neso,12320.0
2026-07-04,24,WIND,elexon,11790
2026-07-04,24,WIND,neso,12615.0
2026-07-04,25,WIND,elexon,12320
2026-07-04,25,WIND,neso,12523.0
2026-07-04,26,WIND,elexon,12615
2026-07-04,26,WIND,neso,12435.0
2026-07-04,27,WIND,elexon,12523
2026-07-04,27,WIND,neso,12510.0
2026-07-04,28,WIND,elexon,12435
2026-07-04,28,WIND,neso,12881.0
2026-07-04,29,WIND,elexon,12510
2026-07-04,29,WIND,neso,12750.0
2026-07-04,30,WIND,elexon,12881
2026-07-04,30,WIND,neso,12549.0
2026-07-04,31,WIND,elexon,12750
2026-07-04,31,WIND,neso,12386.0
2026-07-04,32,WIND,elexon,12549
2026-07-04,32,WIND,neso,12429.0
2026-07-04,33,WIND,elexon,12386
2026-07-04,33,WIND,neso,12374.0
2026-07-04,34,WIND,elexon,12429
2026-07-04,34,WIND,neso,12261.0
2026-07-04,35,WIND,elexon,12374
2026-07-04,35,WIND,neso,11999.0
2026-07-04,36,WIND,elexon,12261
2026-07-04,36,WIND,neso,11580.0
2026-07-04,37,WIND,elexon,11999
2026-07-04,37,WIND,neso,11225.0
2026-07-04,38,WIND,elexon,11580
2026-07-04,38,WIND,neso,10742.0
2026-07-04,39,WIND,elexon,11225
2026-07-04,39,WIND,neso,10441.0
2026-07-04,40,WIND,elexon,10742
2026-07-04,40,WIND,neso,10173.0
2026-07-04,41,WIND,elexon,10441
2026-07-04,41,WIND,neso,9897.0
2026-07-04,42,WIND,elexon,10173
2026-07-04,42,WIND,neso,9707.0
2026-07-04,43,WIND,elexon,9897
2026-07-04,43,WIND,neso,9869.0
2026-07-04,44,WIND,elexon,9707
2026-07-04,44,WIND,neso,10171.0
2026-07-04,45,WIND,elexon,9869
2026-07-04,45,WIND,neso,10571.0
2026-07-04,46,WIND,elexon,10171
2026-07-04,46,WIND,neso,11322.0
2026-07-04,47,WIND,elexon,10571
2026-07-04,47,WIND,neso,11204.0
2026-07-04,48,WIND,elexon,11322
2026-07-04,48,WIND,neso,10764.0
2026-07-05,1,WIND,elexon,11204
2026-07-05,1,WIND,neso,10509.0
2026-07-05,2,WIND,elexon,10764
2026-07-05,2,WIND,neso,10162.0
2026-07-05,3,WIND,elexon,10509
2026-07-05,3,WIND,neso,10042.0
2026-07-05,4,WIND,elexon,10162
2026-07-05,4,WIND,neso,10069.0
2026-07-05,5,WIND,elexon,10042
2026-07-05,5,WIND,neso,9351.0
2026-07-05,6,WIND,elexon,10069
2026-07-05,6,WIND,neso,8812.0
2026-07-05,7,WIND,elexon,9351
2026-07-05,7,WIND,neso,8387.0
2026-07-05,8,WIND,elexon,8812
2026-07-05,8,WIND,neso,7816.0
2026-07-05,9,WIND,elexon,8387
2026-07-05,9,WIND,neso,6984.0
2026-07-05,10,WIND,elexon,7816
2026-07-05,10,WIND,neso,6681.0
2026-07-05,11,WIND,elexon,6984
2026-07-05,11,WIND,neso,6134.0
2026-07-05,12,WIND,elexon,6681
2026-07-05,12,WIND,neso,5837.0
2026-07-05,13,WIND,elexon,6134
2026-07-05,13,WIND,neso,5406.0
2026-07-05,14,WIND,elexon,5837
2026-07-05,14,WIND,neso,4573.0
2026-07-05,15,WIND,elexon,5406
2026-07-05,15,WIND,neso,4491.0
2026-07-05,16,WIND,elexon,4573
2026-07-05,16,WIND,neso,4805.0
2026-07-05,17,WIND,elexon,4491
2026-07-05,17,WIND,neso,4788.0
2026-07-05,18,WIND,elexon,4805
2026-07-05,18,WIND,neso,4454.0
2026-07-05,19,WIND,elexon,4788
2026-07-05,19,WIND,neso,3981.0
2026-07-05,20,WIND,elexon,4454
2026-07-05,20,WIND,neso,3625.0
2026-07-05,21,WIND,elexon,3981
2026-07-05,21,WIND,neso,3327.0
2026-07-05,22,WIND,elexon,3625
2026-07-05,22,WIND,neso,3488.0
2026-07-05,23,WIND,elexon,3327
2026-07-05,23,WIND,neso,3769.0
2026-07-05,24,WIND,elexon,3488
2026-07-05,24,WIND,neso,4483.0
2026-07-05,25,WIND,elexon,3769
2026-07-05,25,WIND,neso,4844.0
2026-07-05,26,WIND,elexon,4483
2026-07-05,26,WIND,neso,5133.0
2026-07-05,27,WIND,elexon,4844
2026-07-05,27,WIND,neso,5542.0
2026-07-05,28,WIND,elexon,5133
2026-07-05,28,WIND,neso,5929.0
2026-07-05,29,WIND,elexon,5542
2026-07-05,29,WIND,neso,6033.0
2026-07-05,30,WIND,elexon,5929
2026-07-05,30,WIND,neso,5428.0
2026-07-05,31,WIND,elexon,6033
2026-07-05,31,WIND,neso,4640.0
2026-07-05,32,WIND,elexon,5428
2026-07-05,32,WIND,neso,4832.0
2026-07-05,33,WIND,elexon,4640
2026-07-05,33,WIND,neso,5297.0
2026-07-05,34,WIND,elexon,4832
2026-07-05,34,WIND,neso,5512.0
2026-07-05,35,WIND,elexon,5297
2026-07-05,35,WIND,neso,5778.0
2026-07-05,36,WIND,elexon,5512
2026-07-05,36,WIND,neso,5875.0
2026-07-05,37,WIND,elexon,5778
2026-07-05,37,WIND,neso,5973.0
2026-07-05,38,WIND,elexon,5875
2026-07-05,38,WIND,neso,5934.0
2026-07-05,39,WIND,elexon,5973
2026-07-05,39,WIND,neso,5766.0
2026-07-05,40,WIND,elexon,5934
2026-07-05,40,WIND,neso,5591.0
2026-07-05,41,WIND,elexon,5766
2026-07-05,41,WIND,neso,5713.0
2026-07-05,42,WIND,elexon,5591
2026-07-05,42,WIND,neso,5976.0
2026-07-05,43,WIND,elexon,5713
2026-07-05,43,WIND,neso,6510.0
2026-07-05,44,WIND,elexon,5976
2026-07-05,44,WIND,neso,7355.0
2026-07-05,45,WIND,elexon,6510
2026-07-05,45,WIND,neso,8155.0
2026-07-05,46,WIND,elexon,7355
2026-07-05,46,WIND,neso,8509.0
2026-07-05,47,WIND,elexon,8155
2026-07-05,47,WIND,neso,8354.0
2026-07-05,48,WIND,elexon,8509
2026-07-05,48,WIND,neso,8146.0
2026-07-06,1,WIND,elexon,8354
2026-07-06,1,WIND,neso,8462.0
2026-07-06,2,WIND,elexon,8146
2026-07-06,2,WIND,neso,8623.0
2026-07-06,3,WIND,elexon,8462
2026-07-06,3,WIND,neso,8709.0
2026-07-06,4,WIND,elexon,8623
2026-07-06,4,WIND,neso,8821.0
2026-07-06,5,WIND,elexon,8709
2026-07-06,5,WIND,neso,9270.0
2026-07-06,6,WIND,elexon,8821
2026-07-06,6,WIND,neso,9952.0
2026-07-06,7,WIND,elexon,9270
2026-07-06,7,WIND,neso,9972.0
2026-07-06,8,WIND,elexon,9952
2026-07-06,8,WIND,neso,10153.0
2026-07-06,9,WIND,elexon,9972
2026-07-06,9,WIND,neso,9980.0
2026-07-06,10,WIND,elexon,10153
2026-07-06,10,WIND,neso,9835.0
2026-07-06,11,WIND,elexon,9980
2026-07-06,11,WIND,neso,10273.0
2026-07-06,12,WIND,elexon,9835
2026-07-06,12,WIND,neso,10444.0
2026-07-06,13,WIND,elexon,10273
2026-07-06,13,WIND,neso,10220.0
2026-07-06,14,WIND,elexon,10444
2026-07-06,14,WIND,neso,10510.0
2026-07-06,15,WIND,elexon,10220
2026-07-06,15,WIND,neso,10558.0
2026-07-06,16,WIND,elexon,10510
2026-07-06,16,WIND,neso,10693.0
2026-07-06,17,WIND,elexon,10558
2026-07-06,17,WIND,neso,10650.0
2026-07-06,18,WIND,elexon,10693
2026-07-06,18,WIND,neso,10699.0
2026-07-06,19,WIND,elexon,10650
2026-07-06,19,WIND,neso,10677.0
2026-07-06,20,WIND,elexon,10699
2026-07-06,20,WIND,neso,10439.0
2026-07-06,21,WIND,elexon,10677
2026-07-06,21,WIND,neso,9965.0
2026-07-06,22,WIND,elexon,10439
2026-07-06,22,WIND,neso,9576.0
2026-07-06,23,WIND,elexon,9965
2026-07-06,23,WIND,neso,9501.0
2026-07-06,24,WIND,elexon,9576
2026-07-06,24,WIND,neso,9576.0
2026-07-06,25,WIND,elexon,9501
2026-07-06,25,WIND,neso,9618.0
2026-07-06,26,WIND,elexon,9576
2026-07-06,26,WIND,neso,9712.0
2026-07-06,27,WIND,elexon,9618
2026-07-06,27,WIND,neso,9823.0
2026-07-06,28,WIND,elexon,9712
2026-07-06,28,WIND,neso,9775.0
2026-07-06,29,WIND,elexon,9823
2026-07-06,29,WIND,neso,9732.0
2026-07-06,30,WIND,elexon,9775
2026-07-06,30,WIND,neso,10254.0
2026-07-06,31,WIND,elexon,9732
2026-07-06,31,WIND,neso,10403.0
2026-07-06,32,WIND,elexon,10254
2026-07-06,32,WIND,neso,10140.0
2026-07-06,33,WIND,elexon,10403
2026-07-06,33,WIND,neso,10115.0
2026-07-06,34,WIND,elexon,10140
2026-07-06,34,WIND,neso,10677.0
2026-07-06,35,WIND,elexon,10115
2026-07-06,35,WIND,neso,10571.0
2026-07-06,36,WIND,elexon,10677
2026-07-06,36,WIND,neso,9950.0
2026-07-06,37,WIND,elexon,10571
2026-07-06,37,WIND,neso,9609.0
2026-07-06,38,WIND,elexon,9950
2026-07-06,38,WIND,neso,9401.0
2026-07-06,39,WIND,elexon,9609
2026-07-06,39,WIND,neso,9698.0
2026-07-06,40,WIND,elexon,9401
2026-07-06,40,WIND,neso,9346.0
2026-07-06,41,WIND,elexon,9698
2026-07-06,41,WIND,neso,8704.0
2026-07-06,42,WIND,elexon,9346
2026-07-06,42,WIND,neso,8389.0
2026-07-06,43,WIND,elexon,8704
2026-07-06,43,WIND,neso,8186.0
2026-07-06,44,WIND,elexon,8389
2026-07-06,44,WIND,neso,8110.0
2026-07-06,45,WIND,elexon,8186
2026-07-06,45,WIND,neso,7893.0
2026-07-06,46,WIND,elexon,8110
2026-07-06,46,WIND,neso,7963.0
2026-07-06,47,WIND,elexon,7893
2026-07-06,47,WIND,neso,8161.0
2026-07-06,48,WIND,elexon,7963
2026-07-06,48,WIND,neso,8256.0
2026-07-07,1,WIND,elexon,8161
2026-07-07,1,WIND,neso,7952.0
2026-07-07,2,WIND,elexon,8256
2026-07-07,2,WIND,neso,8001.0
2026-07-07,3,WIND,elexon,7952
2026-07-07,3,WIND,neso,7863.0
2026-07-07,4,WIND,elexon,8001
2026-07-07,4,WIND,neso,8148.0
2026-07-07,5,WIND,elexon,7863
2026-07-07,5,WIND,neso,8790.0
2026-07-07,6,WIND,elexon,8148
2026-07-07,6,WIND,neso,8766.0
2026-07-07,7,WIND,elexon,8790
2026-07-07,7,WIND,neso,8769.0
2026-07-07,8,WIND,elexon,8766
2026-07-07,8,WIND,neso,8887.0
2026-07-07,9,WIND,elexon,8769
2026-07-07,9,WIND,neso,8781.0
2026-07-07,10,WIND,elexon,8887
2026-07-07,10,WIND,neso,8136.0
2026-07-07,11,WIND,elexon,8781
2026-07-07,11,WIND,neso,7952.0
2026-07-07,12,WIND,elexon,8136
2026-07-07,12,WIND,neso,7783.0
2026-07-07,13,WIND,elexon,8081
2026-07-07,13,WIND,neso,7621.0
2026-07-07,14,WIND,elexon,8277
2026-07-07,14,WIND,neso,7473.0
2026-07-07,15,WIND,elexon,7807
2026-07-07,15,WIND,neso,7318.0
2026-07-07,16,WIND,elexon,7889
2026-07-07,16,WIND,neso,7159.0
2026-07-07,17,WIND,elexon,7765
2026-07-07,17,WIND,neso,7001.0
2026-07-07,18,WIND,elexon,7482
2026-07-07,18,WIND,neso,6858.0
2026-07-07,19,WIND,elexon,7596
2026-07-07,19,WIND,neso,6715.0
2026-07-07,20,WIND,elexon,7885
2026-07-07,20,WIND,neso,6564.0
2026-07-07,21,WIND,elexon,8010
2026-07-07,21,WIND,neso,6433.0
2026-07-07,22,WIND,elexon,5135
2026-07-07,22,WIND,neso,6290.0
2026-07-07,23,WIND,elexon,0
2026-07-07,23,WIND,neso,6160.0
2026-07-07,24,WIND,elexon,0
2026-07-07,24,WIND,neso,6032.0
2026-07-07,25,WIND,elexon,7459
2026-07-07,25,WIND,neso,5911.0
2026-07-07,26,WIND,elexon,6271
2026-07-07,26,WIND,neso,5779.0
2026-07-07,27,WIND,elexon,6344
2026-07-07,27,WIND,neso,5643.0
2026-07-07,28,WIND,elexon,6326
2026-07-07,28,WIND,neso,5504.0
2026-07-07,29,WIND,elexon,6069
2026-07-07,29,WIND,neso,5361.0
2026-07-07,30,WIND,elexon,5968
2026-07-07,30,WIND,neso,5209.0
2026-07-07,31,WIND,elexon,5820
2026-07-07,31,WIND,neso,5057.0
2026-07-07,32,WIND,elexon,5391
2026-07-07,32,WIND,neso,4909.0
2026-07-07,33,WIND,elexon,5141
2026-07-07,33,WIND,neso,4751.0
2026-07-07,34,WIND,elexon,4983
2026-07-07,34,WIND,neso,4464.0
2026-07-07,35,WIND,elexon,4751
2026-07-07,35,WIND,neso,4059.0
2026-07-07,36,WIND,elexon,4464
2026-07-07,36,WIND,neso,4074.0
2026-07-07,37,WIND,elexon,4059
2026-07-07,37,WIND,neso,3999.0
2026-07-07,38,WIND,elexon,4074
2026-07-07,38,WIND,neso,3932.0
2026-07-07,39,WIND,elexon,3999
2026-07-07,39,WIND,neso,3654.0
2026-07-07,40,WIND,elexon,3932
2026-07-07,40,WIND,neso,3360.0
2026-07-07,41,WIND,elexon,3654
2026-07-07,41,WIND,neso,3633.0
2026-07-07,42,WIND,elexon,3360
2026-07-07,42,WIND,neso,3529.0
2026-07-07,43,WIND,elexon,3633
2026-07-07,43,WIND,neso,3304.0
2026-07-07,44,WIND,elexon,3529
2026-07-07,44,WIND,neso,3373.0
2026-07-07,45,WIND,elexon,3304
2026-07-07,45,WIND,neso,3343.0
2026-07-07,46,WIND,elexon,3373
2026-07-07,46,WIND,neso,3180.0
2026-07-07,47,WIND,elexon,3343
2026-07-07,47,WIND,neso,3047.0
2026-07-07,48,WIND,elexon,3180
2026-07-07,48,WIND,neso,3211.0
2026-07-08,1,WIND,elexon,3047
2026-07-08,1,WIND,neso,3346.0
2026-07-08,2,WIND,elexon,3211
2026-07-08,2,WIND,neso,3196.0
2026-07-08,3,WIND,elexon,3346
2026-07-08,3,WIND,neso,3255.0
2026-07-08,4,WIND,elexon,3196
2026-07-08,4,WIND,neso,3258.0
2026-07-08,5,WIND,elexon,3255
2026-07-08,5,WIND,neso,3165.0
2026-07-08,6,WIND,elexon,3258
2026-07-08,6,WIND,neso,3207.0
2026-07-08,7,WIND,elexon,3165
2026-07-08,7,WIND,neso,3382.0
2026-07-08,8,WIND,elexon,3207
2026-07-08,8,WIND,neso,3364.0
2026-07-08,9,WIND,elexon,3382
2026-07-08,9,WIND,neso,3302.0
2026-07-08,10,WIND,elexon,3364
2026-07-08,10,WIND,neso,3104.0
2026-07-08,11,WIND,elexon,3302
2026-07-08,11,WIND,neso,2848.0
2026-07-08,12,WIND,elexon,3104
2026-07-08,12,WIND,neso,2615.0
2026-07-08,13,WIND,elexon,2848
2026-07-08,13,WIND,neso,2204.0
2026-07-08,14,WIND,elexon,2615
2026-07-08,14,WIND,neso,2132.0
2026-07-08,15,WIND,elexon,2204
2026-07-08,15,WIND,neso,2211.0
2026-07-08,16,WIND,elexon,2132
2026-07-08,16,WIND,neso,2095.0
2026-07-08,17,WIND,elexon,2211
2026-07-08,17,WIND,neso,1881.0
2026-07-08,18,WIND,elexon,2095
2026-07-08,18,WIND,neso,1755.0
2026-07-08,19,WIND,elexon,1881
2026-07-08,19,WIND,neso,1657.0
2026-07-08,20,WIND,elexon,1755
2026-07-08,20,WIND,neso,1699.0
2026-07-08,21,WIND,elexon,1657
2026-07-08,21,WIND,neso,1691.0
2026-07-08,22,WIND,elexon,1699
2026-07-08,22,WIND,neso,1665.0
2026-07-08,23,WIND,elexon,1691
2026-07-08,23,WIND,neso,1697.0
2026-07-08,24,WIND,elexon,1665
2026-07-08,24,WIND,neso,1705.0
2026-07-08,25,WIND,elexon,1697
2026-07-08,25,WIND,neso,1754.0
2026-07-08,26,WIND,elexon,1705
2026-07-08,26,WIND,neso,1806.0
2026-07-08,27,WIND,elexon,1754
2026-07-08,27,WIND,neso,1782.0
2026-07-08,28,WIND,elexon,1806
2026-07-08,28,WIND,neso,1759.0
2026-07-08,29,WIND,elexon,1782
2026-07-08,29,WIND,neso,1966.0
2026-07-08,30,WIND,elexon,1759
2026-07-08,30,WIND,neso,1976.0
2026-07-08,31,WIND,elexon,1966
2026-07-08,31,WIND,neso,1945.0
2026-07-08,32,WIND,elexon,1976
2026-07-08,32,WIND,neso,1940.0
2026-07-08,33,WIND,elexon,1945
2026-07-08,33,WIND,neso,1977.0
2026-07-08,34,WIND,elexon,1940
2026-07-08,34,WIND,neso,1926.0
2026-07-08,35,WIND,elexon,1977
2026-07-08,35,WIND,neso,2039.0
2026-07-08,36,WIND,elexon,1926
2026-07-08,36,WIND,neso,2114.0
2026-07-08,37,WIND,elexon,2039
2026-07-08,37,WIND,neso,2064.0
2026-07-08,38,WIND,elexon,2114
2026-07-08,38,WIND,neso,2036.0
2026-07-08,39,WIND,elexon,2064
2026-07-08,39,WIND,neso,2112.0
2026-07-08,40,WIND,elexon,2036
2026-07-08,40,WIND,neso,2137.0
2026-07-08,41,WIND,elexon,2112
2026-07-08,41,WIND,neso,2241.0
2026-07-08,42,WIND,elexon,2137
2026-07-08,42,WIND,neso,2167.0
2026-07-08,43,WIND,elexon,2241
2026-07-08,43,WIND,neso,1764.0
2026-07-08,44,WIND,elexon,2167
2026-07-08,44,WIND,neso,1756.0
2026-07-08,45,WIND,elexon,1764
2026-07-08,45,WIND,neso,1847.0
2026-07-08,46,WIND,elexon,1756
2026-07-08,46,WIND,neso,1944.0
2026-07-08,47,WIND,elexon,1847
2026-07-08,47,WIND,neso,1894.0
2026-07-08,48,WIND,elexon,1944
2026-07-08,48,WIND,neso,1795.0
2026-07-09,1,WIND,elexon,1894
2026-07-09,1,WIND,neso,1674.0
2026-07-09,2,WIND,elexon,1795
2026-07-09,2,WIND,neso,1585.0
2026-07-09,3,WIND,elexon,1674
2026-07-09,3,WIND,neso,1643.0
2026-07-09,4,WIND,elexon,1585
2026-07-09,4,WIND,neso,1429.0
2026-07-09,5,WIND,elexon,1643
2026-07-09,5,WIND,neso,1200.0
2026-07-09,6,WIND,elexon,1429
2026-07-09,6,WIND,neso,1095.0
2026-07-09,7,WIND,elexon,1200
2026-07-09,7,WIND,neso,976.0
2026-07-09,8,WIND,elexon,1095
2026-07-09,8,WIND,neso,954.0
2026-07-09,9,WIND,elexon,976
2026-07-09,9,WIND,neso,942.0
2026-07-09,10,WIND,elexon,954
2026-07-09,10,WIND,neso,1022.0
2026-07-09,11,WIND,elexon,942
2026-07-09,11,WIND,neso,1016.0
2026-07-09,12,WIND,elexon,1022
2026-07-09,12,WIND,neso,1097.0
2026-07-09,13,WIND,elexon,1016
2026-07-09,13,WIND,neso,1134.0
2026-07-09,14,WIND,elexon,1097
2026-07-09,14,WIND,neso,1123.0
2026-07-09,15,WIND,elexon,1134
2026-07-09,15,WIND,neso,1215.0
2026-07-09,16,WIND,elexon,1123
2026-07-09,16,WIND,neso,1319.0
2026-07-09,17,WIND,elexon,1215
2026-07-09,17,WIND,neso,1396.0
2026-07-09,18,WIND,elexon,1319
2026-07-09,18,WIND,neso,1538.0
2026-07-09,19,WIND,elexon,1396
2026-07-09,19,WIND,neso,1558.0
2026-07-09,20,WIND,elexon,1538
2026-07-09,20,WIND,neso,1527.0
2026-07-09,21,WIND,elexon,1558
2026-07-09,21,WIND,neso,1608.0
2026-07-09,22,WIND,elexon,1527
2026-07-09,22,WIND,neso,1708.0
2026-07-09,23,WIND,elexon,1608
2026-07-09,23,WIND,neso,1864.0
2026-07-09,24,WIND,elexon,1708
2026-07-09,24,WIND,neso,2000.0
2026-07-09,25,WIND,elexon,1864
2026-07-09,25,WIND,neso,2028.0
2026-07-09,26,WIND,elexon,2000
2026-07-09,26,WIND,neso,2179.0
2026-07-09,27,WIND,elexon,2028
2026-07-09,27,WIND,neso,2230.0
2026-07-09,28,WIND,elexon,2179
2026-07-09,28,WIND,neso,2227.0
2026-07-09,29,WIND,elexon,2230
2026-07-09,29,WIND,neso,2277.0
2026-07-09,30,WIND,elexon,2227
2026-07-09,30,WIND,neso,2404.0
2026-07-09,31,WIND,elexon,2277
2026-07-09,31,WIND,neso,2490.0
2026-07-09,32,WIND,elexon,2404
2026-07-09,32,WIND,neso,2654.0
2026-07-09,33,WIND,elexon,2490
2026-07-09,33,WIND,neso,2827.0
2026-07-09,34,WIND,elexon,2654
2026-07-09,34,WIND,neso,2960.0
2026-07-09,35,WIND,elexon,2827
2026-07-09,35,WIND,neso,3130.0
2026-07-09,36,WIND,elexon,2960
2026-07-09,36,WIND,neso,3138.0
2026-07-09,37,WIND,elexon,3130
2026-07-09,37,WIND,neso,3017.0
2026-07-09,38,WIND,elexon,3138
2026-07-09,38,WIND,neso,2957.0
2026-07-09,39,WIND,elexon,3017
2026-07-09,39,WIND,neso,2727.0
2026-07-09,40,WIND,elexon,2957
2026-07-09,40,WIND,neso,2561.0
2026-07-09,41,WIND,elexon,2727
2026-07-09,41,WIND,neso,2485.0
2026-07-09,42,WIND,elexon,2561
2026-07-09,42,WIND,neso,2393.0
2026-07-09,43,WIND,elexon,2485
2026-07-09,43,WIND,neso,2383.0
2026-07-09,44,WIND,elexon,2393
2026-07-09,44,WIND,neso,2330.0
2026-07-09,45,WIND,elexon,2383
2026-07-09,45,WIND,neso,2260.0
2026-07-09,46,WIND,elexon,2330
2026-07-09,46,WIND,neso,2119.0
2026-07-09,47,WIND,elexon,2260
2026-07-09,47,WIND,neso,1993.0
2026-07-09,48,WIND,elexon,2119
2026-07-09,48,WIND,neso,1844.0
2026-07-10,1,WIND,elexon,1993
2026-07-10,1,WIND,neso,1715.0
2026-07-10,2,WIND,elexon,1844
2026-07-10,2,WIND,neso,1519.0
2026-07-10,3,WIND,elexon,1715
2026-07-10,3,WIND,neso,1387.0
2026-07-10,4,WIND,elexon,1519
2026-07-10,4,WIND,neso,1355.0
2026-07-10,5,WIND,elexon,1387
2026-07-10,5,WIND,neso,1322.0
2026-07-10,6,WIND,elexon,1355
2026-07-10,6,WIND,neso,1230.0
2026-07-10,7,WIND,elexon,1322
2026-07-10,7,WIND,neso,1144.0
2026-07-10,8,WIND,elexon,1230
2026-07-10,8,WIND,neso,1135.0
2026-07-10,9,WIND,elexon,1144
2026-07-10,9,WIND,neso,1117.0
2026-07-10,10,WIND,elexon,1135
2026-07-10,10,WIND,neso,1124.0
2026-07-10,11,WIND,elexon,1117
2026-07-10,11,WIND,neso,1033.0
2026-07-10,12,WIND,elexon,1124
2026-07-10,12,WIND,neso,1123.0
2026-07-10,13,WIND,elexon,1033
2026-07-10,13,WIND,neso,1417.0
2026-07-10,14,WIND,elexon,1123
2026-07-10,14,WIND,neso,1487.0
2026-07-10,15,WIND,elexon,1417
2026-07-10,15,WIND,neso,1409.0
2026-07-10,16,WIND,elexon,1487
2026-07-10,16,WIND,neso,1350.0
2026-07-10,17,WIND,elexon,1409
2026-07-10,17,WIND,neso,1286.0
2026-07-10,18,WIND,elexon,1350
2026-07-10,18,WIND,neso,1270.0
2026-07-10,19,WIND,elexon,1286
2026-07-10,19,WIND,neso,1207.0
2026-07-10,20,WIND,elexon,1270
2026-07-10,20,WIND,neso,1147.0
2026-07-10,21,WIND,elexon,1207
2026-07-10,21,WIND,neso,1090.0
2026-07-10,22,WIND,elexon,1147
2026-07-10,22,WIND,neso,1073.0
2026-07-10,23,WIND,elexon,1090
2026-07-10,23,WIND,neso,1112.0
2026-07-10,24,WIND,elexon,1073
2026-07-10,24,WIND,neso,1210.0
2026-07-10,25,WIND,elexon,1112
2026-07-10,25,WIND,neso,1501.0
2026-07-10,26,WIND,elexon,1210
2026-07-10,26,WIND,neso,1678.0
2026-07-10,27,WIND,elexon,1501
2026-07-10,27,WIND,neso,1858.0
2026-07-10,28,WIND,elexon,1678
2026-07-10,28,WIND,neso,1884.0
2026-07-10,29,WIND,elexon,1858
2026-07-10,29,WIND,neso,2043.0
2026-07-10,30,WIND,elexon,1884
2026-07-10,30,WIND,neso,2375.0
2026-07-10,31,WIND,elexon,2043
2026-07-10,31,WIND,neso,2686.0
2026-07-10,32,WIND,elexon,2375
2026-07-10,32,WIND,neso,2888.0
2026-07-10,33,WIND,elexon,2686
2026-07-10,33,WIND,neso,3124.0
2026-07-10,34,WIND,elexon,2888
2026-07-10,34,WIND,neso,3387.0
2026-07-10,35,WIND,elexon,3124
2026-07-10,35,WIND,neso,3680.0
2026-07-10,36,WIND,elexon,3387
2026-07-10,36,WIND,neso,3561.0
2026-07-10,37,WIND,elexon,3680
2026-07-10,37,WIND,neso,3457.0
2026-07-10,38,WIND,elexon,3561
2026-07-10,38,WIND,neso,3332.0
2026-07-10,39,WIND,elexon,3457
2026-07-10,39,WIND,neso,3420.0
2026-07-10,40,WIND,elexon,3332
2026-07-10,40,WIND,neso,3776.0
2026-07-10,41,WIND,elexon,3420
2026-07-10,41,WIND,neso,3932.0
2026-07-10,42,WIND,elexon,3776
2026-07-10,42,WIND,neso,4039.0
2026-07-10,43,WIND,elexon,3932
2026-07-10,43,WIND,neso,3799.0
2026-07-10,44,WIND,elexon,4039
2026-07-10,44,WIND,neso,3456.0
2026-07-10,45,WIND,elexon,3799
2026-07-10,45,WIND,neso,3387.0
2026-07-10,46,WIND,elexon,3456
2026-07-10,46,WIND,neso,3505.0
2026-07-10,47,WIND,elexon,3387
2026-07-10,47,WIND,neso,3459.0
2026-07-10,48,WIND,elexon,3505
2026-07-10,48,WIND,neso,3425.0
2026-07-11,1,WIND,elexon,3459
2026-07-11,1,WIND,neso,3328.0
2026-07-11,2,WIND,elexon,3425
2026-07-11,2,WIND,neso,3032.0
2026-07-11,3,WIND,elexon,3328
2026-07-11,3,WIND,neso,2837.0
2026-07-11,4,WIND,elexon,3032
2026-07-11,4,WIND,neso,2761.0
2026-07-11,5,WIND,elexon,2837
2026-07-11,5,WIND,neso,2616.0
2026-07-11,6,WIND,elexon,2761
2026-07-11,6,WIND,neso,2425.0
2026-07-11,7,WIND,elexon,2616
2026-07-11,7,WIND,neso,2268.0
2026-07-11,8,WIND,elexon,2425
2026-07-11,8,WIND,neso,2298.0
2026-07-11,9,WIND,elexon,2268
2026-07-11,9,WIND,neso,2385.0
2026-07-11,10,WIND,elexon,2298
2026-07-11,10,WIND,neso,2564.0
2026-07-11,11,WIND,elexon,2385
2026-07-11,11,WIND,neso,2547.0
2026-07-11,12,WIND,elexon,2564
2026-07-11,12,WIND,neso,2618.0
2026-07-11,13,WIND,elexon,2547
2026-07-11,13,WIND,neso,2820.0
2026-07-11,14,WIND,elexon,2618
2026-07-11,14,WIND,neso,2777.0
2026-07-11,15,WIND,elexon,2820
2026-07-11,15,WIND,neso,2750.0
2026-07-11,16,WIND,elexon,2777
2026-07-11,16,WIND,neso,2724.0
2026-07-11,17,WIND,elexon,2750
2026-07-11,17,WIND,neso,2792.0
2026-07-11,18,WIND,elexon,2724
2026-07-11,18,WIND,neso,2905.0
2026-07-11,19,WIND,elexon,2792
2026-07-11,19,WIND,neso,2868.0
2026-07-11,20,WIND,elexon,2905
2026-07-11,20,WIND,neso,2717.0
2026-07-11,21,WIND,elexon,2868
2026-07-11,21,WIND,neso,2756.0
2026-07-11,22,WIND,elexon,2717
2026-07-11,22,WIND,neso,2717.0
2026-07-11,23,WIND,elexon,2756
2026-07-11,23,WIND,neso,2605.0
2026-07-11,24,WIND,elexon,2717
2026-07-11,24,WIND,neso,2441.0
2026-07-11,25,WIND,elexon,2605
2026-07-11,25,WIND,neso,2326.0
2026-07-11,26,WIND,elexon,2441
2026-07-11,26,WIND,neso,2313.0
2026-07-11,27,WIND,elexon,2326
2026-07-11,27,WIND,neso,2428.0
2026-07-11,28,WIND,elexon,2313
2026-07-11,28,WIND,neso,2685.0
2026-07-11,29,WIND,elexon,2428
2026-07-11,29,WIND,neso,2997.0
2026-07-11,30,WIND,elexon,2685
2026-07-11,30,WIND,neso,3427.0
2026-07-11,31,WIND,elexon,2997
2026-07-11,31,WIND,neso,3853.0
2026-07-11,32,WIND,elexon,3427
2026-07-11,32,WIND,neso,4161.0
2026-07-11,33,WIND,elexon,3853
2026-07-11,33,WIND,neso,4251.0
2026-07-11,34,WIND,elexon,4161
2026-07-11,34,WIND,neso,4462.0
2026-07-11,35,WIND,elexon,4251
2026-07-11,35,WIND,neso,4945.0
2026-07-11,36,WIND,elexon,4462
2026-07-11,36,WIND,neso,5372.0
2026-07-11,37,WIND,elexon,4945
2026-07-11,37,WIND,neso,6018.0
2026-07-11,38,WIND,elexon,5372
2026-07-11,38,WIND,neso,6722.0
2026-07-11,39,WIND,elexon,6018
2026-07-11,39,WIND,neso,7240.0
2026-07-11,40,WIND,elexon,6722
2026-07-11,40,WIND,neso,7300.0
2026-07-11,41,WIND,elexon,7240
2026-07-11,41,WIND,neso,7206.0
2026-07-11,42,WIND,elexon,7300
2026-07-11,42,WIND,neso,7205.0
2026-07-11,43,WIND,elexon,7206
2026-07-11,43,WIND,neso,7294.0
2026-07-11,44,WIND,elexon,7205
2026-07-11,44,WIND,neso,7283.0
2026-07-11,45,WIND,elexon,7294
2026-07-11,45,WIND,neso,7434.0
2026-07-11,46,WIND,elexon,7283
2026-07-11,46,WIND,neso,7258.0
2026-07-11,47,WIND,elexon,7434
2026-07-11,47,WIND,neso,7108.0
2026-07-11,48,WIND,elexon,7258
2026-07-11,48,WIND,neso,7347.0
2026-07-12,1,WIND,elexon,7108
2026-07-12,1,WIND,neso,7084.0
2026-07-12,2,WIND,elexon,7347
2026-07-12,2,WIND,neso,6712.0
2026-07-12,3,WIND,elexon,7084
2026-07-12,3,WIND,neso,6426.0
2026-07-12,4,WIND,elexon,6712
2026-07-12,4,WIND,neso,6106.0
2026-07-12,5,WIND,elexon,6426
2026-07-12,5,WIND,neso,5895.0
2026-07-12,6,WIND,elexon,6106
2026-07-12,6,WIND,neso,5665.0
2026-07-12,7,WIND,elexon,5895
2026-07-12,7,WIND,neso,5638.0
2026-07-12,8,WIND,elexon,5665
2026-07-12,8,WIND,neso,5714.0
2026-07-12,9,WIND,elexon,5638
2026-07-12,9,WIND,neso,5891.0
2026-07-12,10,WIND,elexon,5714
2026-07-12,10,WIND,neso,6030.0
2026-07-12,11,WIND,elexon,5891
2026-07-12,11,WIND,neso,6297.0
2026-07-12,12,WIND,elexon,6030
2026-07-12,12,WIND,neso,6214.0
2026-07-12,13,WIND,elexon,6297
2026-07-12,13,WIND,neso,5746.0
2026-07-12,14,WIND,elexon,6214
2026-07-12,14,WIND,neso,5145.0
2026-07-12,15,WIND,elexon,5746
2026-07-12,15,WIND,neso,4856.0
2026-07-12,16,WIND,elexon,5145
2026-07-12,16,WIND,neso,4571.0
2026-07-12,17,WIND,elexon,4856
2026-07-12,17,WIND,neso,4547.0
2026-07-12,18,WIND,elexon,4571
2026-07-12,18,WIND,neso,4485.0
2026-07-12,19,WIND,elexon,4547
2026-07-12,19,WIND,neso,4963.0
2026-07-12,20,WIND,elexon,4485
2026-07-12,20,WIND,neso,5593.0
2026-07-12,21,WIND,elexon,4963
2026-07-12,21,WIND,neso,5951.0
2026-07-12,22,WIND,elexon,5593
2026-07-12,22,WIND,neso,6055.0
2026-07-12,23,WIND,elexon,5951
2026-07-12,23,WIND,neso,6238.0
2026-07-12,24,WIND,elexon,6055
2026-07-12,24,WIND,neso,6212.0
2026-07-12,25,WIND,elexon,6238
2026-07-12,25,WIND,neso,6215.0
2026-07-12,26,WIND,elexon,6212
2026-07-12,26,WIND,neso,6206.0
2026-07-12,27,WIND,elexon,6215
2026-07-12,27,WIND,neso,6243.0
2026-07-12,28,WIND,elexon,6206
2026-07-12,28,WIND,neso,6139.0
2026-07-12,29,WIND,elexon,6243
2026-07-12,29,WIND,neso,6279.0
2026-07-12,30,WIND,elexon,6139
2026-07-12,30,WIND,neso,6478.0
2026-07-12,31,WIND,elexon,6279
2026-07-12,31,WIND,neso,6869.0
2026-07-12,32,WIND,elexon,6478
2026-07-12,32,WIND,neso,7373.0
2026-07-12,33,WIND,elexon,6869
2026-07-12,33,WIND,neso,7688.0
2026-07-12,34,WIND,elexon,7373
2026-07-12,34,WIND,neso,8296.0
2026-07-12,35,WIND,elexon,7688
2026-07-12,35,WIND,neso,8445.0
2026-07-12,36,WIND,elexon,8296
2026-07-12,36,WIND,neso,8584.0
2026-07-12,37,WIND,elexon,8445
2026-07-12,37,WIND,neso,8557.0
2026-07-12,38,WIND,elexon,8584
2026-07-12,38,WIND,neso,8742.0
2026-07-12,39,WIND,elexon,8557
2026-07-12,39,WIND,neso,8970.0
2026-07-12,40,WIND,elexon,8742
2026-07-12,40,WIND,neso,9087.0
2026-07-12,41,WIND,elexon,8970
2026-07-12,41,WIND,neso,9027.0
2026-07-12,42,WIND,elexon,9087
2026-07-12,42,WIND,neso,8953.0
2026-07-12,43,WIND,elexon,9027
2026-07-12,43,WIND,neso,8933.0
2026-07-12,44,WIND,elexon,8953
2026-07-12,44,WIND,neso,8753.0
2026-07-12,45,WIND,elexon,8933
2026-07-12,45,WIND,neso,8463.0
2026-07-12,46,WIND,elexon,8753
2026-07-12,46,WIND,neso,8087.0
2026-07-12,47,WIND,elexon,8463
2026-07-12,47,WIND,neso,7599.0
2026-07-12,48,WIND,elexon,8087
2026-07-12,48,WIND,neso,7192.0
2026-07-13,1,WIND,elexon,7599
2026-07-13,1,WIND,neso,6782.0
2026-07-13,2,WIND,elexon,7192
2026-07-13,2,WIND,neso,6450.0
2026-07-13,3,WIND,elexon,6782
2026-07-13,3,WIND,neso,6260.0
2026-07-13,4,WIND,elexon,6450
2026-07-13,4,WIND,neso,6027.0
2026-07-13,5,WIND,elexon,6260
2026-07-13,5,WIND,neso,6084.0
2026-07-13,6,WIND,elexon,6027
2026-07-13,6,WIND,neso,6311.0
2026-07-13,7,WIND,elexon,6084
2026-07-13,7,WIND,neso,6497.0
2026-07-13,8,WIND,elexon,6311
2026-07-13,8,WIND,neso,6655.0
2026-07-13,9,WIND,elexon,6497
2026-07-13,9,WIND,neso,6684.0
2026-07-13,10,WIND,elexon,6655
2026-07-13,10,WIND,neso,6709.0
2026-07-13,11,WIND,elexon,6684
2026-07-13,11,WIND,neso,6549.0
2026-07-13,12,WIND,elexon,6709
2026-07-13,12,WIND,neso,6542.0
2026-07-13,13,WIND,elexon,6549
2026-07-13,13,WIND,neso,6362.0
2026-07-13,14,WIND,elexon,6542
2026-07-13,14,WIND,neso,6289.0
2026-07-13,15,WIND,elexon,6362
2026-07-13,15,WIND,neso,6268.0
2026-07-13,16,WIND,elexon,6289
2026-07-13,16,WIND,neso,6468.0
2026-07-13,17,WIND,elexon,6268
2026-07-13,17,WIND,neso,6751.0
2026-07-13,18,WIND,elexon,6468
2026-07-13,18,WIND,neso,6964.0
2026-07-13,19,WIND,elexon,6751
2026-07-13,19,WIND,neso,6943.0
2026-07-13,20,WIND,elexon,6964
2026-07-13,20,WIND,neso,6927.0
2026-07-13,21,WIND,elexon,6943
2026-07-13,21,WIND,neso,6737.0
2026-07-13,22,WIND,elexon,6927
2026-07-13,22,WIND,neso,6628.0
2026-07-13,23,WIND,elexon,6737
2026-07-13,23,WIND,neso,6754.0
2026-07-13,24,WIND,elexon,6628
2026-07-13,24,WIND,neso,6536.0
2026-07-13,25,WIND,elexon,6754
2026-07-13,25,WIND,neso,6269.0
2026-07-13,26,WIND,elexon,6536
2026-07-13,26,WIND,neso,6173.0
2026-07-13,27,WIND,elexon,6269
2026-07-13,27,WIND,neso,6249.0
2026-07-13,28,WIND,elexon,6173
2026-07-13,28,WIND,neso,6215.0
2026-07-13,29,WIND,elexon,6249
2026-07-13,29,WIND,neso,6340.0
2026-07-13,30,WIND,elexon,6215
2026-07-13,30,WIND,neso,6305.0
2026-07-13,31,WIND,elexon,6340
2026-07-13,31,WIND,neso,6627.0
2026-07-13,32,WIND,elexon,6305
2026-07-13,32,WIND,neso,6862.0
2026-07-13,33,WIND,elexon,6627
2026-07-13,33,WIND,neso,6942.0
2026-07-13,34,WIND,elexon,6862
2026-07-13,34,WIND,neso,7263.0
2026-07-13,35,WIND,elexon,6942
2026-07-13,35,WIND,neso,7827.0
2026-07-13,36,WIND,elexon,7263
2026-07-13,36,WIND,neso,8007.0
2026-07-13,37,WIND,elexon,7827
2026-07-13,37,WIND,neso,8146.0
2026-07-13,38,WIND,elexon,8007
2026-07-13,38,WIND,neso,8484.0
2026-07-13,39,WIND,elexon,8146
2026-07-13,39,WIND,neso,8624.0
2026-07-13,40,WIND,elexon,8484
2026-07-13,40,WIND,neso,8772.0
2026-07-13,41,WIND,elexon,8624
2026-07-13,41,WIND,neso,8748.0
2026-07-13,42,WIND,elexon,8772
2026-07-13,42,WIND,neso,8336.0
2026-07-13,43,WIND,elexon,8748
2026-07-13,43,WIND,neso,8056.0
2026-07-13,44,WIND,elexon,8336
2026-07-13,44,WIND,neso,7891.0
2026-07-13,45,WIND,elexon,8056
2026-07-13,45,WIND,neso,7666.0
2026-07-13,46,WIND,elexon,7891
2026-07-13,46,WIND,neso,7421.0
2026-07-13,47,WIND,elexon,7666
2026-07-13,47,WIND,neso,7136.0
2026-07-13,48,WIND,elexon,7421
2026-07-13,48,WIND,neso,6660.0
2026-07-14,1,WIND,elexon,7136
2026-07-14,1,WIND,neso,6371.0
2026-07-14,2,WIND,elexon,6660
2026-07-14,2,WIND,neso,6698.0
2026-07-14,3,WIND,elexon,6371
2026-07-14,3,WIND,neso,6983.0
2026-07-14,4,WIND,elexon,6698
2026-07-14,4,WIND,neso,7079.0
2026-07-14,5,WIND,elexon,6983
2026-07-14,5,WIND,neso,7196.0
2026-07-14,6,WIND,elexon,7079
2026-07-14,6,WIND,neso,7304.0
2026-07-14,7,WIND,elexon,7196
2026-07-14,7,WIND,neso,7438.0
2026-07-14,8,WIND,elexon,7304
2026-07-14,8,WIND,neso,7667.0
2026-07-14,9,WIND,elexon,7438
2026-07-14,9,WIND,neso,7700.0
2026-07-14,10,WIND,elexon,7667
2026-07-14,10,WIND,neso,7569.0
2026-07-14,11,WIND,elexon,7700
2026-07-14,11,WIND,neso,7586.0
2026-07-14,12,WIND,elexon,7569
2026-07-14,12,WIND,neso,7540.0
2026-07-14,13,WIND,elexon,7586
2026-07-14,13,WIND,neso,7529.0
2026-07-14,14,WIND,elexon,7540
2026-07-14,14,WIND,neso,7339.0
2026-07-14,15,WIND,elexon,7529
2026-07-14,15,WIND,neso,7144.0
2026-07-14,16,WIND,elexon,7339
2026-07-14,16,WIND,neso,6968.0
2026-07-14,17,WIND,elexon,7144
2026-07-14,17,WIND,neso,7032.0
2026-07-14,18,WIND,elexon,6968
2026-07-14,18,WIND,neso,6886.0
2026-07-14,19,WIND,elexon,7032
2026-07-14,19,WIND,neso,6562.0
2026-07-14,20,WIND,elexon,6886
2026-07-14,20,WIND,neso,6572.0
2026-07-14,21,WIND,elexon,6562
2026-07-14,21,WIND,neso,6433.0
2026-07-14,22,WIND,elexon,6572
2026-07-14,22,WIND,neso,6404.0
2026-07-14,23,WIND,elexon,6433
2026-07-14,23,WIND,neso,6401.0
2026-07-14,24,WIND,elexon,6404
2026-07-14,24,WIND,neso,6473.0
2026-07-14,25,WIND,elexon,6401
2026-07-14,25,WIND,neso,5908.0
2026-07-14,26,WIND,elexon,6473
2026-07-14,26,WIND,neso,5923.0
2026-07-14,27,WIND,elexon,5908
2026-07-14,27,WIND,neso,5820.0
2026-07-14,28,WIND,elexon,5923
2026-07-14,28,WIND,neso,5640.0
2026-07-14,29,WIND,elexon,5820
2026-07-14,29,WIND,neso,5662.0
2026-07-14,30,WIND,elexon,5640
2026-07-14,30,WIND,neso,5802.0
2026-07-14,31,WIND,elexon,5662
2026-07-14,31,WIND,neso,5744.0
2026-07-14,32,WIND,elexon,5802
2026-07-14,32,WIND,neso,5696.0
2026-07-14,33,WIND,elexon,5744
2026-07-14,33,WIND,neso,5444.0
2026-07-14,34,WIND,elexon,5696
2026-07-14,34,WIND,neso,5376.0
2026-07-14,35,WIND,elexon,5444
2026-07-14,35,WIND,neso,5059.0
2026-07-14,36,WIND,elexon,5376
2026-07-14,36,WIND,neso,5028.0
2026-07-14,37,WIND,elexon,5059
2026-07-14,37,WIND,neso,5110.0
2026-07-14,38,WIND,elexon,5028
2026-07-14,38,WIND,neso,5339.0
2026-07-14,39,WIND,elexon,5110
2026-07-14,39,WIND,neso,5508.0
2026-07-14,40,WIND,elexon,5339
2026-07-14,40,WIND,neso,5680.0
2026-07-14,41,WIND,elexon,5508
2026-07-14,41,WIND,neso,5731.0
2026-07-14,42,WIND,elexon,5680
2026-07-14,42,WIND,neso,5821.0
2026-07-14,43,WIND,elexon,5731
2026-07-14,43,WIND,neso,5716.0
2026-07-14,44,WIND,elexon,5821
2026-07-14,44,WIND,neso,5679.0
2026-07-14,45,WIND,elexon,5716
2026-07-14,45,WIND,neso,5702.0
2026-07-14,46,WIND,elexon,5679
2026-07-14,46,WIND,neso,5409.0
2026-07-14,47,WIND,elexon,5702
2026-07-14,47,WIND,neso,5460.0
2026-07-14,48,WIND,elexon,5409
2026-07-14,48,WIND,neso,5558.0
2026-07-15,1,WIND,elexon,5460
2026-07-15,1,WIND,neso,5338.0
2026-07-15,2,WIND,elexon,5558
2026-07-15,2,WIND,neso,5179.0
2026-07-15,3,WIND,elexon,5338
2026-07-15,3,WIND,neso,4970.0
2026-07-15,4,WIND,elexon,5179
2026-07-15,4,WIND,neso,5062.0
2026-07-15,5,WIND,elexon,4970
2026-07-15,5,WIND,neso,5086.0
2026-07-15,6,WIND,elexon,5062
2026-07-15,6,WIND,neso,5275.0
2026-07-15,7,WIND,elexon,5086
2026-07-15,7,WIND,neso,5164.0
2026-07-15,8,WIND,elexon,5275
2026-07-15,8,WIND,neso,4973.0
2026-07-15,9,WIND,elexon,5164
2026-07-15,9,WIND,neso,4990.0
2026-07-15,10,WIND,elexon,4973
2026-07-15,10,WIND,neso,4761.0
2026-07-15,11,WIND,elexon,4990
2026-07-15,11,WIND,neso,4496.0
2026-07-15,12,WIND,elexon,4761
2026-07-15,12,WIND,neso,4368.0
2026-07-15,13,WIND,elexon,4496
2026-07-15,13,WIND,neso,4211.0
2026-07-15,14,WIND,elexon,4368
2026-07-15,14,WIND,neso,4281.0
2026-07-15,15,WIND,elexon,4211
2026-07-15,15,WIND,neso,4202.0
2026-07-15,16,WIND,elexon,4281
2026-07-15,16,WIND,neso,4064.0
2026-07-15,17,WIND,elexon,4202
2026-07-15,17,WIND,neso,3841.0
2026-07-15,18,WIND,elexon,4064
2026-07-15,18,WIND,neso,3505.0
2026-07-15,19,WIND,elexon,3841
2026-07-15,19,WIND,neso,3880.0
2026-07-15,20,WIND,elexon,3505
2026-07-15,20,WIND,neso,3030.0
2026-07-15,21,WIND,elexon,3880
2026-07-15,21,WIND,neso,3038.0
2026-07-15,22,WIND,elexon,3030
2026-07-15,22,WIND,neso,3017.0
2026-07-15,23,WIND,elexon,3038
2026-07-15,23,WIND,neso,3035.0
2026-07-15,24,WIND,elexon,3017
2026-07-15,24,WIND,neso,2961.0
2026-07-15,25,WIND,elexon,3035
2026-07-15,25,WIND,neso,2900.0
2026-07-15,26,WIND,elexon,2961
2026-07-15,26,WIND,neso,2916.0
2026-07-15,27,WIND,elexon,2900
2026-07-15,27,WIND,neso,3118.0
2026-07-15,28,WIND,elexon,2916
2026-07-15,28,WIND,neso,3277.0
2026-07-15,29,WIND,elexon,3118
2026-07-15,29,WIND,neso,3285.0
2026-07-15,30,WIND,elexon,3277
2026-07-15,30,WIND,neso,3387.0
2026-07-15,31,WIND,elexon,3285
2026-07-15,31,WIND,neso,3473.0
2026-07-15,32,WIND,elexon,3387
2026-07-15,32,WIND,neso,3539.0
2026-07-15,33,WIND,elexon,3473
2026-07-15,33,WIND,neso,3680.0
2026-07-15,34,WIND,elexon,3539
2026-07-15,34,WIND,neso,3924.0
2026-07-15,35,WIND,elexon,3680
2026-07-15,35,WIND,neso,4130.0
2026-07-15,36,WIND,elexon,3924
2026-07-15,36,WIND,neso,4406.0
2026-07-15,37,WIND,elexon,4130
2026-07-15,37,WIND,neso,4511.0
2026-07-15,38,WIND,elexon,4406
2026-07-15,38,WIND,neso,4448.0
2026-07-15,39,WIND,elexon,4511
2026-07-15,39,WIND,neso,4366.0
2026-07-15,40,WIND,elexon,4448
2026-07-15,40,WIND,neso,4371.0
2026-07-15,41,WIND,elexon,4366
2026-07-15,41,WIND,neso,4246.0
2026-07-15,42,WIND,elexon,4371
2026-07-15,42,WIND,neso,4219.0
2026-07-15,43,WIND,elexon,4246
2026-07-15,43,WIND,neso,3994.0
2026-07-15,44,WIND,elexon,4219
2026-07-15,44,WIND,neso,3800.0
2026-07-15,45,WIND,elexon,3994
2026-07-15,45,WIND,neso,3553.0
2026-07-15,46,WIND,elexon,3800
2026-07-15,46,WIND,neso,3308.0
2026-07-15,47,WIND,elexon,3553
2026-07-15,47,WIND,neso,3195.0
2026-07-15,48,WIND,elexon,3308
2026-07-15,48,WIND,neso,3013.0
2026-07-16,1,WIND,elexon,3195
2026-07-16,1,WIND,neso,2948.0
2026-07-16,2,WIND,elexon,3013
2026-07-16,2,WIND,neso,2732.0
2026-07-16,3,WIND,elexon,2948
2026-07-16,3,WIND,neso,2574.0
2026-07-16,4,WIND,elexon,2732
2026-07-16,4,WIND,neso,2532.0
2026-07-16,5,WIND,elexon,2574
2026-07-16,5,WIND,neso,2557.0
2026-07-16,6,WIND,elexon,2532
2026-07-16,6,WIND,neso,2686.0
2026-07-16,7,WIND,elexon,2557
2026-07-16,7,WIND,neso,2815.0
2026-07-16,8,WIND,elexon,2686
2026-07-16,8,WIND,neso,2750.0
2026-07-16,9,WIND,elexon,2815
2026-07-16,9,WIND,neso,2758.0
2026-07-16,10,WIND,elexon,2750
2026-07-16,10,WIND,neso,2747.0
2026-07-16,11,WIND,elexon,2758
2026-07-16,11,WIND,neso,2719.0
2026-07-16,12,WIND,elexon,2747
2026-07-16,12,WIND,neso,2728.0
2026-07-16,13,WIND,elexon,2719
2026-07-16,13,WIND,neso,2710.0
2026-07-16,14,WIND,elexon,2728
2026-07-16,14,WIND,neso,2725.0
2026-07-16,15,WIND,elexon,2710
2026-07-16,15,WIND,neso,2651.0
2026-07-16,16,WIND,elexon,2725
2026-07-16,16,WIND,neso,2574.0
2026-07-16,17,WIND,elexon,2651
2026-07-16,17,WIND,neso,2573.0
2026-07-16,18,WIND,elexon,2574
2026-07-16,18,WIND,neso,2500.0
2026-07-16,19,WIND,elexon,2573
2026-07-16,19,WIND,neso,2470.0
2026-07-16,20,WIND,elexon,2500
2026-07-16,20,WIND,neso,2314.0
2026-07-16,21,WIND,elexon,2470
2026-07-16,21,WIND,neso,2208.0
2026-07-16,22,WIND,elexon,2314
2026-07-16,22,WIND,neso,2133.0
2026-07-16,23,WIND,elexon,2208
2026-07-16,23,WIND,neso,2191.0
2026-07-16,24,WIND,elexon,2133
2026-07-16,24,WIND,neso,2216.0
2026-07-16,25,WIND,elexon,2191
2026-07-16,25,WIND,neso,2280.0
2026-07-16,26,WIND,elexon,2216
2026-07-16,26,WIND,neso,2339.0
2026-07-16,27,WIND,elexon,2280
2026-07-16,27,WIND,neso,2465.0
2026-07-16,28,WIND,elexon,2339
2026-07-16,28,WIND,neso,2613.0
2026-07-16,29,WIND,elexon,2465
2026-07-16,29,WIND,neso,2730.0
2026-07-16,30,WIND,elexon,2613
2026-07-16,30,WIND,neso,2720.0
2026-07-16,31,WIND,elexon,2730
2026-07-16,31,WIND,neso,2709.0
2026-07-16,32,WIND,elexon,2720
2026-07-16,32,WIND,neso,2664.0
2026-07-16,33,WIND,elexon,2709
2026-07-16,33,WIND,neso,2729.0
2026-07-16,34,WIND,elexon,2664
2026-07-16,34,WIND,neso,2702.0
2026-07-16,35,WIND,elexon,2729
2026-07-16,35,WIND,neso,2698.0
2026-07-16,36,WIND,elexon,2702
2026-07-16,36,WIND,neso,2627.0
2026-07-16,37,WIND,elexon,2698
2026-07-16,37,WIND,neso,2734.0
2026-07-16,38,WIND,elexon,2627
2026-07-16,38,WIND,neso,2727.0
2026-07-16,39,WIND,elexon,2734
2026-07-16,39,WIND,neso,2756.0
2026-07-16,40,WIND,elexon,2727
2026-07-16,40,WIND,neso,2871.0
2026-07-16,41,WIND,elexon,2756
2026-07-16,41,WIND,neso,2802.0
2026-07-16,42,WIND,elexon,2871
2026-07-16,42,WIND,neso,2592.0
2026-07-16,43,WIND,elexon,2802
2026-07-16,43,WIND,neso,2638.0
2026-07-16,44,WIND,elexon,2592
2026-07-16,44,WIND,neso,2646.0
2026-07-16,45,WIND,elexon,2638
2026-07-16,45,WIND,neso,2714.0
2026-07-16,46,WIND,elexon,2646
2026-07-16,46,WIND,neso,2813.0
2026-07-16,47,WIND,elexon,2714
2026-07-16,47,WIND,neso,2800.0
2026-07-16,48,WIND,elexon,2813
2026-07-16,48,WIND,neso,2795.0
2026-07-17,1,WIND,elexon,2800
2026-07-17,1,WIND,neso,2692.0
2026-07-17,2,WIND,elexon,2795
2026-07-17,2,WIND,neso,2723.0
2026-07-17,3,WIND,elexon,2692
2026-07-17,3,WIND,neso,2631.0
2026-07-17,4,WIND,elexon,2723
2026-07-17,4,WIND,neso,2656.0
2026-07-17,5,WIND,elexon,2631
2026-07-17,5,WIND,neso,2704.0
2026-07-17,6,WIND,elexon,2656
2026-07-17,6,WIND,neso,2654.0
2026-07-17,7,WIND,elexon,2704
2026-07-17,7,WIND,neso,2725.0
2026-07-17,8,WIND,elexon,2654
2026-07-17,8,WIND,neso,2629.0
2026-07-17,9,WIND,elexon,2725
2026-07-17,9,WIND,neso,2630.0
2026-07-17,10,WIND,elexon,2629
2026-07-17,10,WIND,neso,2777.0
2026-07-17,11,WIND,elexon,2630
2026-07-17,11,WIND,neso,2813.0
2026-07-17,12,WIND,elexon,2777
2026-07-17,12,WIND,neso,2847.0
2026-07-17,13,WIND,elexon,2813
2026-07-17,13,WIND,neso,2865.0
2026-07-17,14,WIND,elexon,2847
2026-07-17,14,WIND,neso,2851.0
2026-07-17,15,WIND,elexon,2865
2026-07-17,15,WIND,neso,2822.0
2026-07-17,16,WIND,elexon,2851
2026-07-17,16,WIND,neso,2534.0
2026-07-17,17,WIND,elexon,2822
2026-07-17,17,WIND,neso,2589.0
2026-07-17,18,WIND,elexon,2534
2026-07-17,18,WIND,neso,2464.0
2026-07-17,19,WIND,elexon,2589
2026-07-17,19,WIND,neso,2155.0
2026-07-17,20,WIND,elexon,2464
2026-07-17,20,WIND,neso,2187.0
2026-07-17,21,WIND,elexon,2155
2026-07-17,21,WIND,neso,2229.0
2026-07-17,22,WIND,elexon,2187
2026-07-17,22,WIND,neso,2289.0
2026-07-17,23,WIND,elexon,2229
2026-07-17,23,WIND,neso,2274.0
2026-07-17,24,WIND,elexon,2289
2026-07-17,24,WIND,neso,2468.0
2026-07-17,25,WIND,elexon,2274
2026-07-17,25,WIND,neso,2721.0
2026-07-17,26,WIND,elexon,2468
2026-07-17,26,WIND,neso,2980.0
2026-07-17,27,WIND,elexon,2721
2026-07-17,27,WIND,neso,2766.0
2026-07-17,28,WIND,elexon,2980
2026-07-17,28,WIND,neso,2523.0
2026-07-17,29,WIND,elexon,2766
2026-07-17,29,WIND,neso,2658.0
2026-07-17,30,WIND,elexon,2523
2026-07-17,30,WIND,neso,2645.0
2026-07-17,31,WIND,elexon,2658
2026-07-17,31,WIND,neso,2752.0
2026-07-17,32,WIND,elexon,2645
2026-07-17,32,WIND,neso,2962.0
2026-07-17,33,WIND,elexon,2752
2026-07-17,33,WIND,neso,3224.0
2026-07-17,34,WIND,elexon,2962
2026-07-17,34,WIND,neso,3536.0
2026-07-17,35,WIND,elexon,3224
2026-07-17,35,WIND,neso,3830.0
2026-07-17,36,WIND,elexon,3536
2026-07-17,36,WIND,neso,4036.0
2026-07-17,37,WIND,elexon,3830
2026-07-17,37,WIND,neso,4408.0
2026-07-17,38,WIND,elexon,4036
2026-07-17,38,WIND,neso,4780.0
2026-07-17,39,WIND,elexon,4408
2026-07-17,39,WIND,neso,5218.0
2026-07-17,40,WIND,elexon,4780
2026-07-17,40,WIND,neso,5464.0
2026-07-17,41,WIND,elexon,5218
2026-07-17,41,WIND,neso,5554.0
2026-07-17,42,WIND,elexon,5464
2026-07-17,42,WIND,neso,5581.0
2026-07-17,43,WIND,elexon,5554
2026-07-17,43,WIND,neso,5514.0
2026-07-17,44,WIND,elexon,5581
2026-07-17,44,WIND,neso,5546.0
2026-07-17,45,WIND,elexon,5514
2026-07-17,45,WIND,neso,5429.0
2026-07-17,46,WIND,elexon,5546
2026-07-17,46,WIND,neso,5173.0
2026-07-17,47,WIND,elexon,5429
2026-07-17,47,WIND,neso,5092.0
2026-07-17,48,WIND,elexon,5173
2026-07-17,48,WIND,neso,4985.0
2026-07-18,1,WIND,elexon,5092
2026-07-18,1,WIND,neso,4795.0
2026-07-18,2,WIND,elexon,4985
2026-07-18,2,WIND,neso,4676.0
2026-07-18,3,WIND,elexon,4795
2026-07-18,3,WIND,neso,4795.0
2026-07-18,4,WIND,elexon,4676
2026-07-18,4,WIND,neso,5228.0
2026-07-18,5,WIND,elexon,4795
2026-07-18,5,WIND,neso,5523.0
2026-07-18,6,WIND,elexon,5228
2026-07-18,6,WIND,neso,5625.0
2026-07-18,7,WIND,elexon,5523
2026-07-18,7,WIND,neso,5860.0
2026-07-18,8,WIND,elexon,5625
2026-07-18,8,WIND,neso,6006.0
2026-07-18,9,WIND,elexon,5860
2026-07-18,9,WIND,neso,6332.0
2026-07-18,10,WIND,elexon,6006
2026-07-18,10,WIND,neso,6504.0
2026-07-18,11,WIND,elexon,6332
2026-07-18,11,WIND,neso,6574.0
2026-07-18,12,WIND,elexon,6504
2026-07-18,12,WIND,neso,6358.0
2026-07-18,13,WIND,elexon,6574
2026-07-18,13,WIND,neso,6289.0
2026-07-18,14,WIND,elexon,6358
2026-07-18,14,WIND,neso,6088.0
2026-07-18,15,WIND,elexon,6289
2026-07-18,15,WIND,neso,6121.0
2026-07-18,16,WIND,elexon,6088
2026-07-18,16,WIND,neso,6487.0
2026-07-18,17,WIND,elexon,6121
2026-07-18,17,WIND,neso,6689.0
2026-07-18,18,WIND,elexon,6487
2026-07-18,18,WIND,neso,6442.0
2026-07-18,19,WIND,elexon,6689
2026-07-18,19,WIND,neso,6576.0
2026-07-18,20,WIND,elexon,6442
2026-07-18,20,WIND,neso,7011.0
2026-07-18,21,WIND,elexon,6576
2026-07-18,21,WIND,neso,6772.0
2026-07-18,22,WIND,elexon,7011
2026-07-18,22,WIND,neso,6542.0
2026-07-18,23,WIND,elexon,6772
2026-07-18,23,WIND,neso,6708.0
2026-07-18,24,WIND,elexon,6542
2026-07-18,24,WIND,neso,7075.0
2026-07-18,25,WIND,elexon,6708
2026-07-18,25,WIND,neso,6963.0
2026-07-18,26,WIND,elexon,7075
2026-07-18,26,WIND,neso,6539.0
2026-07-18,27,WIND,elexon,6963
2026-07-18,27,WIND,neso,6558.0
2026-07-18,28,WIND,elexon,6539
2026-07-18,28,WIND,neso,7015.0
2026-07-18,29,WIND,elexon,6558
2026-07-18,29,WIND,neso,7430.0
2026-07-18,30,WIND,elexon,7015
2026-07-18,30,WIND,neso,7683.0
2026-07-18,31,WIND,elexon,7430
2026-07-18,31,WIND,neso,7363.0
2026-07-18,32,WIND,elexon,7683
2026-07-18,32,WIND,neso,7493.0
2026-07-18,33,WIND,elexon,7363
2026-07-18,33,WIND,neso,8081.0
2026-07-18,34,WIND,elexon,7493
2026-07-18,34,WIND,neso,8666.0
2026-07-18,35,WIND,elexon,8081
2026-07-18,35,WIND,neso,8597.0
2026-07-18,36,WIND,elexon,8666
2026-07-18,36,WIND,neso,8370.0
2026-07-18,37,WIND,elexon,8597
2026-07-18,37,WIND,neso,8058.0
2026-07-18,38,WIND,elexon,8370
2026-07-18,38,WIND,neso,8116.0
2026-07-18,39,WIND,elexon,8058
2026-07-18,39,WIND,neso,7671.0
2026-07-18,40,WIND,elexon,8116
2026-07-18,40,WIND,neso,8231.0
2026-07-18,41,WIND,elexon,7671
2026-07-18,41,WIND,neso,7710.0
2026-07-18,42,WIND,elexon,8231
2026-07-18,42,WIND,neso,7892.0
2026-07-18,43,WIND,elexon,7710
2026-07-18,43,WIND,neso,8365.0
2026-07-18,44,WIND,elexon,7892
2026-07-18,44,WIND,neso,8550.0
2026-07-18,45,WIND,elexon,8365
2026-07-18,45,WIND,neso,8336.0
2026-07-18,46,WIND,elexon,8550
2026-07-18,46,WIND,neso,8228.0
2026-07-18,47,WIND,elexon,8336
2026-07-18,47,WIND,neso,8258.0
2026-07-18,48,WIND,elexon,8228
2026-07-18,48,WIND,neso,8087.0
2026-07-19,1,WIND,elexon,8258
2026-07-19,1,WIND,neso,8281.0
2026-07-19,2,WIND,elexon,8087
2026-07-19,2,WIND,neso,8327.0
2026-07-19,3,WIND,elexon,8281
2026-07-19,3,WIND,neso,8412.0
2026-07-19,4,WIND,elexon,8327
2026-07-19,4,WIND,neso,8526.0
2026-07-19,5,WIND,elexon,8412
2026-07-19,5,WIND,neso,8734.0
2026-07-19,6,WIND,elexon,8526
2026-07-19,6,WIND,neso,8907.0
2026-07-19,7,WIND,elexon,8734
2026-07-19,7,WIND,neso,8667.0
2026-07-19,8,WIND,elexon,8907
2026-07-19,8,WIND,neso,8450.0
2026-07-19,9,WIND,elexon,8667
2026-07-19,9,WIND,neso,7958.0
2026-07-19,10,WIND,elexon,8450
2026-07-19,10,WIND,neso,7494.0
2026-07-19,11,WIND,elexon,7958
2026-07-19,11,WIND,neso,7114.0
2026-07-19,12,WIND,elexon,7494
2026-07-19,12,WIND,neso,6923.0
2026-07-19,13,WIND,elexon,7114
2026-07-19,13,WIND,neso,6400.0
2026-07-19,14,WIND,elexon,6923
2026-07-19,14,WIND,neso,6303.0
2026-07-19,15,WIND,elexon,6400
2026-07-19,15,WIND,neso,5981.0
2026-07-19,16,WIND,elexon,6303
2026-07-19,16,WIND,neso,5804.0
2026-07-19,17,WIND,elexon,5981
2026-07-19,17,WIND,neso,5458.0
2026-07-19,18,WIND,elexon,5804
2026-07-19,18,WIND,neso,5071.0
2026-07-19,19,WIND,elexon,5458
2026-07-19,19,WIND,neso,4664.0
2026-07-19,20,WIND,elexon,5071
2026-07-19,20,WIND,neso,4310.0
2026-07-19,21,WIND,elexon,4664
2026-07-19,21,WIND,neso,4063.0
2026-07-19,22,WIND,elexon,4310
2026-07-19,22,WIND,neso,3729.0
2026-07-19,23,WIND,elexon,4063
2026-07-19,23,WIND,neso,3990.0
2026-07-19,24,WIND,elexon,3729
2026-07-19,24,WIND,neso,4432.0
2026-07-19,25,WIND,elexon,3990
2026-07-19,25,WIND,neso,4614.0
2026-07-19,26,WIND,elexon,4432
2026-07-19,26,WIND,neso,4864.0
2026-07-19,27,WIND,elexon,4614
2026-07-19,27,WIND,neso,4799.0
2026-07-19,28,WIND,elexon,4864
2026-07-19,28,WIND,neso,4416.0
2026-07-19,29,WIND,elexon,4799
2026-07-19,29,WIND,neso,4425.0
2026-07-19,30,WIND,elexon,4416
2026-07-19,30,WIND,neso,4611.0
2026-07-19,31,WIND,elexon,4425
2026-07-19,31,WIND,neso,4697.0
2026-07-19,32,WIND,elexon,4611
2026-07-19,32,WIND,neso,5246.0
2026-07-19,33,WIND,elexon,4697
2026-07-19,33,WIND,neso,5432.0
2026-07-19,34,WIND,elexon,5246
2026-07-19,34,WIND,neso,5782.0
2026-07-19,35,WIND,elexon,5432
2026-07-19,35,WIND,neso,6274.0
2026-07-19,36,WIND,elexon,5782
2026-07-19,36,WIND,neso,6345.0
2026-07-19,37,WIND,elexon,6274
2026-07-19,37,WIND,neso,6254.0
2026-07-19,38,WIND,elexon,6345
2026-07-19,38,WIND,neso,6162.0
2026-07-19,39,WIND,elexon,6254
2026-07-19,39,WIND,neso,5912.0
2026-07-19,40,WIND,elexon,6162
2026-07-19,40,WIND,neso,5775.0
2026-07-19,41,WIND,elexon,5912
2026-07-19,41,WIND,neso,5613.0
2026-07-19,42,WIND,elexon,5775
2026-07-19,42,WIND,neso,5602.0
2026-07-19,43,WIND,elexon,5613
2026-07-19,43,WIND,neso,5261.0
2026-07-19,44,WIND,elexon,5602
2026-07-19,44,WIND,neso,5211.0
2026-07-19,45,WIND,elexon,5261
2026-07-19,45,WIND,neso,5109.0
2026-07-19,46,WIND,elexon,5211
2026-07-19,46,WIND,neso,5153.0
2026-07-19,47,WIND,elexon,5109
2026-07-19,47,WIND,neso,4935.0
2026-07-19,48,WIND,elexon,5153
2026-07-19,48,WIND,neso,4709.0
2026-07-20,1,WIND,elexon,4935
2026-07-20,1,WIND,neso,4814.0
2026-07-20,2,WIND,elexon,4709
2026-07-20,2,WIND,neso,4911.0
2026-07-20,3,WIND,elexon,4814
2026-07-20,3,WIND,neso,4876.0
2026-07-20,4,WIND,elexon,4911
2026-07-20,4,WIND,neso,4767.0
2026-07-20,5,WIND,elexon,4876
2026-07-20,5,WIND,neso,4536.0
2026-07-20,6,WIND,elexon,4767
2026-07-20,6,WIND,neso,4792.0
2026-07-20,7,WIND,elexon,4536
2026-07-20,7,WIND,neso,5054.0
2026-07-20,8,WIND,elexon,4792
2026-07-20,8,WIND,neso,4952.0
2026-07-20,9,WIND,elexon,5054
2026-07-20,9,WIND,neso,4836.0
2026-07-20,10,WIND,elexon,4952
2026-07-20,10,WIND,neso,4448.0
2026-07-20,11,WIND,elexon,4836
2026-07-20,11,WIND,neso,4734.0
2026-07-20,12,WIND,elexon,4448
2026-07-20,12,WIND,neso,4784.0
2026-07-20,13,WIND,elexon,4734
2026-07-20,13,WIND,neso,4459.0
2026-07-20,14,WIND,elexon,4784
2026-07-20,14,WIND,neso,4192.0
2026-07-20,15,WIND,elexon,4459
2026-07-20,15,WIND,neso,3835.0
2026-07-20,16,WIND,elexon,4192
2026-07-20,16,WIND,neso,3464.0
2026-07-20,17,WIND,elexon,3835
2026-07-20,17,WIND,neso,3251.0
2026-07-20,18,WIND,elexon,3464
2026-07-20,18,WIND,neso,3080.0
2026-07-20,19,WIND,elexon,3251
2026-07-20,19,WIND,neso,2836.0
2026-07-20,20,WIND,elexon,3080
2026-07-20,20,WIND,neso,2569.0
2026-07-20,21,WIND,elexon,2836
2026-07-20,21,WIND,neso,2486.0
2026-07-20,22,WIND,elexon,2569
2026-07-20,22,WIND,neso,2443.0
2026-07-20,23,WIND,elexon,2486
2026-07-20,23,WIND,neso,2298.0
2026-07-20,24,WIND,elexon,2443
2026-07-20,24,WIND,neso,2073.0
2026-07-20,25,WIND,elexon,2298
2026-07-20,25,WIND,neso,2192.0
2026-07-20,26,WIND,elexon,2073
2026-07-20,26,WIND,neso,2475.0
2026-07-20,27,WIND,elexon,2192
2026-07-20,27,WIND,neso,2433.0
2026-07-20,28,WIND,elexon,2475
2026-07-20,28,WIND,neso,2254.0
2026-07-20,29,WIND,elexon,2433
2026-07-20,29,WIND,neso,2146.0
2026-07-20,30,WIND,elexon,2254
2026-07-20,30,WIND,neso,2345.0
2026-07-20,31,WIND,elexon,2146
2026-07-20,31,WIND,neso,2566.0
2026-07-20,32,WIND,elexon,2345
2026-07-20,32,WIND,neso,2729.0
2026-07-20,33,WIND,elexon,2566
2026-07-20,33,WIND,neso,2765.0
2026-07-20,34,WIND,elexon,2729
2026-07-20,34,WIND,neso,2796.0
2026-07-20,35,WIND,elexon,2765
2026-07-20,35,WIND,neso,2922.0
2026-07-20,36,WIND,elexon,2796
2026-07-20,36,WIND,neso,3162.0
2026-07-20,37,WIND,elexon,2922
2026-07-20,37,WIND,neso,3410.0
2026-07-20,38,WIND,elexon,3162
2026-07-20,38,WIND,neso,3510.0
2026-07-20,39,WIND,elexon,3410
2026-07-20,39,WIND,neso,3496.0
2026-07-20,40,WIND,elexon,3510
2026-07-20,40,WIND,neso,3421.0
2026-07-20,41,WIND,elexon,3496
2026-07-20,41,WIND,neso,3320.0
2026-07-20,42,WIND,elexon,3421
2026-07-20,42,WIND,neso,3201.0
2026-07-20,43,WIND,elexon,3320
2026-07-20,43,WIND,neso,3075.0
2026-07-20,44,WIND,elexon,3201
2026-07-20,44,WIND,neso,2873.0
2026-07-20,45,WIND,elexon,3075
2026-07-20,45,WIND,neso,2924.0
2026-07-20,46,WIND,elexon,2873
2026-07-20,46,WIND,neso,2852.0
2026-07-20,47,WIND,elexon,2924
2026-07-20,47,WIND,neso,2879.0
2026-07-20,48,WIND,elexon,2852
2026-07-20,48,WIND,neso,2664.0
2026-07-21,1,WIND,elexon,2879
2026-07-21,1,WIND,neso,2318.0
2026-07-21,2,WIND,elexon,2664
2026-07-21,2,WIND,neso,2291.0
2026-07-21,3,WIND,elexon,2318
2026-07-21,3,WIND,neso,2389.0
2026-07-21,4,WIND,elexon,2291
2026-07-21,4,WIND,neso,2371.0
2026-07-21,5,WIND,elexon,2389
2026-07-21,5,WIND,neso,2613.0
2026-07-21,6,WIND,elexon,2371
2026-07-21,6,WIND,neso,2850.0
2026-07-21,7,WIND,elexon,2613
2026-07-21,7,WIND,neso,3014.0
2026-07-21,8,WIND,elexon,2850
2026-07-21,8,WIND,neso,3300.0
2026-07-21,9,WIND,elexon,3014
2026-07-21,9,WIND,neso,3571.0
2026-07-21,10,WIND,elexon,3300
2026-07-21,10,WIND,neso,3677.0
2026-07-21,11,WIND,elexon,3571
2026-07-21,11,WIND,neso,3869.0
2026-07-21,12,WIND,elexon,3677
2026-07-21,12,WIND,neso,3885.0
2026-07-21,13,WIND,elexon,3869
2026-07-21,13,WIND,neso,3815.0
2026-07-21,14,WIND,elexon,3885
2026-07-21,14,WIND,neso,3808.0
2026-07-21,15,WIND,elexon,3815
2026-07-21,15,WIND,neso,3715.0
2026-07-21,16,WIND,elexon,3808
2026-07-21,16,WIND,neso,3560.0
2026-07-21,17,WIND,elexon,3715
2026-07-21,17,WIND,neso,3442.0
2026-07-21,18,WIND,elexon,3560
2026-07-21,18,WIND,neso,3553.0
2026-07-21,19,WIND,elexon,3442
2026-07-21,19,WIND,neso,3577.0
2026-07-21,20,WIND,elexon,3553
2026-07-21,20,WIND,neso,3599.0
2026-07-21,21,WIND,elexon,3577
2026-07-21,21,WIND,neso,3633.0
2026-07-21,22,WIND,elexon,3599
2026-07-21,22,WIND,neso,3852.0
2026-07-21,23,WIND,elexon,3633
2026-07-21,23,WIND,neso,3987.0
2026-07-21,24,WIND,elexon,3852
2026-07-21,24,WIND,neso,3915.0
2026-07-21,25,WIND,elexon,3987
2026-07-21,25,WIND,neso,3832.0
2026-07-21,26,WIND,elexon,3915
2026-07-21,26,WIND,neso,3874.0
2026-07-21,27,WIND,elexon,3832
2026-07-21,27,WIND,neso,4032.0
2026-07-21,28,WIND,elexon,3874
2026-07-21,28,WIND,neso,4264.0
2026-07-21,29,WIND,elexon,4032
2026-07-21,29,WIND,neso,4364.0
2026-07-21,30,WIND,elexon,4264
2026-07-21,30,WIND,neso,4554.0
2026-07-21,31,WIND,elexon,4364
2026-07-21,31,WIND,neso,4892.0
2026-07-21,32,WIND,elexon,4554
2026-07-21,32,WIND,neso,4917.0
2026-07-21,33,WIND,elexon,4892
2026-07-21,33,WIND,neso,4916.0
2026-07-21,34,WIND,elexon,4917
2026-07-21,34,WIND,neso,4937.0
2026-07-21,35,WIND,elexon,4916
2026-07-21,35,WIND,neso,5026.0
2026-07-21,36,WIND,elexon,4937
2026-07-21,36,WIND,neso,5135.0
2026-07-21,37,WIND,elexon,5026
2026-07-21,37,WIND,neso,5177.0
2026-07-21,38,WIND,elexon,5135
2026-07-21,38,WIND,neso,5013.0
2026-07-21,39,WIND,elexon,5177
2026-07-21,39,WIND,neso,5175.0
2026-07-21,40,WIND,elexon,5013
2026-07-21,40,WIND,neso,5370.0
2026-07-21,41,WIND,elexon,5175
2026-07-21,41,WIND,neso,5482.0
2026-07-21,42,WIND,elexon,5370
2026-07-21,42,WIND,neso,5659.0
2026-07-21,43,WIND,elexon,5482
2026-07-21,43,WIND,neso,5751.0
2026-07-21,44,WIND,elexon,5659
2026-07-21,44,WIND,neso,5611.0
2026-07-21,45,WIND,elexon,5751
2026-07-21,45,WIND,neso,5360.0
2026-07-21,46,WIND,elexon,5611
2026-07-21,46,WIND,neso,4954.0
2026-07-21,47,WIND,elexon,5360
2026-07-21,47,WIND,neso,4759.0
2026-07-21,48,WIND,elexon,4954
2026-07-21,48,WIND,neso,4449.0
2026-07-22,1,WIND,elexon,4759
2026-07-22,1,WIND,neso,4184.0
2026-07-22,2,WIND,elexon,4449
2026-07-22,2,WIND,neso,4194.0
2026-07-22,3,WIND,elexon,4184
2026-07-22,3,WIND,neso,4170.0
2026-07-22,4,WIND,elexon,4194
2026-07-22,4,WIND,neso,3996.0
2026-07-22,5,WIND,elexon,4170
2026-07-22,5,WIND,neso,3860.0
2026-07-22,6,WIND,elexon,3996
2026-07-22,6,WIND,neso,3880.0
2026-07-22,7,WIND,elexon,3860
2026-07-22,7,WIND,neso,4092.0
2026-07-22,8,WIND,elexon,3880
2026-07-22,8,WIND,neso,4221.0
2026-07-22,9,WIND,elexon,4092
2026-07-22,9,WIND,neso,3961.0
2026-07-22,10,WIND,elexon,4221
2026-07-22,10,WIND,neso,3908.0
2026-07-22,11,WIND,elexon,3961
2026-07-22,11,WIND,neso,4182.0
2026-07-22,12,WIND,elexon,3908
2026-07-22,12,WIND,neso,4271.0
2026-07-22,13,WIND,elexon,4182
2026-07-22,13,WIND,neso,4622.0
2026-07-22,14,WIND,elexon,4271
2026-07-22,14,WIND,neso,5026.0
2026-07-22,15,WIND,elexon,4622
2026-07-22,15,WIND,neso,5277.0
2026-07-22,16,WIND,elexon,5026
2026-07-22,16,WIND,neso,5137.0
2026-07-22,17,WIND,elexon,5277
2026-07-22,17,WIND,neso,5173.0
2026-07-22,18,WIND,elexon,5137
2026-07-22,18,WIND,neso,4906.0
2026-07-22,19,WIND,elexon,5173
2026-07-22,19,WIND,neso,4510.0
2026-07-22,20,WIND,elexon,4906
2026-07-22,20,WIND,neso,4646.0
2026-07-22,21,WIND,elexon,4510
2026-07-22,21,WIND,neso,4616.0
2026-07-22,22,WIND,elexon,4646
2026-07-22,22,WIND,neso,4372.0
2026-07-22,23,WIND,elexon,4616
2026-07-22,23,WIND,neso,4188.0
2026-07-22,24,WIND,elexon,4372
2026-07-22,24,WIND,neso,3885.0
2026-07-22,25,WIND,elexon,4188
2026-07-22,25,WIND,neso,3819.0
2026-07-22,26,WIND,elexon,3885
2026-07-22,26,WIND,neso,3520.0
2026-07-22,27,WIND,elexon,3819
2026-07-22,27,WIND,neso,3643.0
2026-07-22,28,WIND,elexon,3520
2026-07-22,28,WIND,neso,3878.0
2026-07-22,29,WIND,elexon,3643
2026-07-22,29,WIND,neso,4048.0
2026-07-22,30,WIND,elexon,3878
2026-07-22,30,WIND,neso,4501.0
2026-07-22,31,WIND,elexon,4048
2026-07-22,31,WIND,neso,4837.0
2026-07-22,32,WIND,elexon,4501
2026-07-22,32,WIND,neso,4840.0
2026-07-22,33,WIND,elexon,4837
2026-07-22,33,WIND,neso,5009.0
2026-07-22,34,WIND,elexon,4840
2026-07-22,34,WIND,neso,5156.0
2026-07-22,35,WIND,elexon,5009
2026-07-22,35,WIND,neso,5311.0
2026-07-22,36,WIND,elexon,5156
2026-07-22,36,WIND,neso,5516.0
2026-07-22,37,WIND,elexon,5311
2026-07-22,37,WIND,neso,5287.0
2026-07-22,38,WIND,elexon,5516
2026-07-22,38,WIND,neso,4657.0
2026-07-22,39,WIND,elexon,5287
2026-07-22,39,WIND,neso,4268.0
2026-07-22,40,WIND,elexon,4657
2026-07-22,40,WIND,neso,3813.0
2026-07-22,41,WIND,elexon,4268
2026-07-22,41,WIND,neso,3451.0
2026-07-22,42,WIND,elexon,3813
2026-07-22,42,WIND,neso,3399.0
2026-07-22,43,WIND,elexon,3451
2026-07-22,43,WIND,neso,3314.0
2026-07-22,44,WIND,elexon,3399
2026-07-22,44,WIND,neso,3585.0
2026-07-22,45,WIND,elexon,3314
2026-07-22,45,WIND,neso,3962.0
2026-07-22,46,WIND,elexon,3585
2026-07-22,46,WIND,neso,4322.0
2026-07-22,47,WIND,elexon,3962
2026-07-22,47,WIND,neso,4233.0
2026-07-22,48,WIND,elexon,4322
2026-07-22,48,WIND,neso,3998.0
2026-07-23,1,WIND,elexon,4233
2026-07-23,1,WIND,neso,3796.0
2026-07-23,2,WIND,elexon,3998
2026-07-23,2,WIND,neso,3927.0
2026-07-23,3,WIND,elexon,3796
2026-07-23,3,WIND,neso,4193.0
2026-07-23,4,WIND,elexon,3927
2026-07-23,4,WIND,neso,4288.0
2026-07-23,5,WIND,elexon,4193
2026-07-23,5,WIND,neso,4598.0
2026-07-23,6,WIND,elexon,4288
2026-07-23,6,WIND,neso,5161.0
2026-07-23,7,WIND,elexon,4598
2026-07-23,7,WIND,neso,5445.0
2026-07-23,8,WIND,elexon,5161
2026-07-23,8,WIND,neso,5410.0
2026-07-23,9,WIND,elexon,5445
2026-07-23,9,WIND,neso,5333.0
2026-07-23,10,WIND,elexon,5410
2026-07-23,10,WIND,neso,5373.0
2026-07-23,11,WIND,elexon,5333
2026-07-23,11,WIND,neso,5485.0
2026-07-23,12,WIND,elexon,5373
2026-07-23,12,WIND,neso,5148.0
2026-07-23,13,WIND,elexon,5485
2026-07-23,13,WIND,neso,4708.0
2026-07-23,14,WIND,elexon,5148
2026-07-23,14,WIND,neso,4268.0
2026-07-23,15,WIND,elexon,4708
2026-07-23,15,WIND,neso,3966.0
2026-07-23,16,WIND,elexon,4268
2026-07-23,16,WIND,neso,3624.0
2026-07-23,17,WIND,elexon,3966
2026-07-23,17,WIND,neso,3252.0
2026-07-23,18,WIND,elexon,3624
2026-07-23,18,WIND,neso,3121.0
2026-07-23,19,WIND,elexon,3252
2026-07-23,19,WIND,neso,3194.0
2026-07-23,20,WIND,elexon,3121
2026-07-23,20,WIND,neso,3332.0
2026-07-23,21,WIND,elexon,3194
2026-07-23,21,WIND,neso,3461.0
2026-07-23,22,WIND,elexon,3332
2026-07-23,22,WIND,neso,3548.0
2026-07-23,23,WIND,elexon,3461
2026-07-23,23,WIND,neso,3722.0
2026-07-23,24,WIND,elexon,3548
2026-07-23,24,WIND,neso,3842.0
2026-07-23,25,WIND,elexon,3722
2026-07-23,25,WIND,neso,4108.0
2026-07-23,26,WIND,elexon,3842
2026-07-23,26,WIND,neso,4143.0
2026-07-23,27,WIND,elexon,4108
2026-07-23,27,WIND,neso,4424.0
2026-07-23,28,WIND,elexon,4143
2026-07-23,28,WIND,neso,4808.0
2026-07-23,29,WIND,elexon,4424
2026-07-23,29,WIND,neso,4983.0
2026-07-23,30,WIND,elexon,4808
2026-07-23,30,WIND,neso,5017.0
2026-07-23,31,WIND,elexon,4983
2026-07-23,31,WIND,neso,4983.0
2026-07-23,32,WIND,elexon,5017
2026-07-23,32,WIND,neso,4995.0
2026-07-23,33,WIND,elexon,4983
2026-07-23,33,WIND,neso,5011.0
2026-07-23,34,WIND,elexon,4995
2026-07-23,34,WIND,neso,5065.0
2026-07-23,35,WIND,elexon,5011
2026-07-23,35,WIND,neso,5288.0
2026-07-23,36,WIND,elexon,5065
2026-07-23,36,WIND,neso,5390.0
2026-07-23,37,WIND,elexon,5288
2026-07-23,37,WIND,neso,5277.0
2026-07-23,38,WIND,elexon,5390
2026-07-23,38,WIND,neso,5268.0
2026-07-23,39,WIND,elexon,5277
2026-07-23,39,WIND,neso,5238.0
2026-07-23,40,WIND,elexon,5268
2026-07-23,40,WIND,neso,5098.0
2026-07-23,41,WIND,elexon,5238
2026-07-23,41,WIND,neso,5004.0
2026-07-23,42,WIND,elexon,5098
2026-07-23,42,WIND,neso,5036.0
2026-07-23,43,WIND,elexon,5004
2026-07-23,43,WIND,neso,4977.0
2026-07-23,44,WIND,elexon,5036
2026-07-23,44,WIND,neso,5302.0
2026-07-23,45,WIND,elexon,4977
2026-07-23,45,WIND,neso,5143.0
2026-07-23,46,WIND,elexon,5302
2026-07-23,46,WIND,neso,4715.0
2026-07-23,47,WIND,elexon,5143
2026-07-23,47,WIND,neso,4526.0
2026-07-23,48,WIND,elexon,4715
2026-07-23,48,WIND,neso,4488.0
2026-07-24,1,WIND,elexon,4526
2026-07-24,1,WIND,neso,4422.0
2026-07-24,2,WIND,elexon,4488
2026-07-24,2,WIND,neso,4356.0
2026-07-24,3,WIND,elexon,4422
2026-07-24,3,WIND,neso,4498.0
2026-07-24,4,WIND,elexon,4356
2026-07-24,4,WIND,neso,4417.0
2026-07-24,5,WIND,elexon,4498
2026-07-24,5,WIND,neso,4428.0
2026-07-24,6,WIND,elexon,4417
2026-07-24,6,WIND,neso,4318.0
2026-07-24,7,WIND,elexon,4428
2026-07-24,7,WIND,neso,3955.0
2026-07-24,8,WIND,elexon,4318
2026-07-24,8,WIND,neso,3762.0
2026-07-24,9,WIND,elexon,3955
2026-07-24,9,WIND,neso,3811.0
2026-07-24,10,WIND,elexon,3762
2026-07-24,10,WIND,neso,3857.0
2026-07-24,11,WIND,elexon,3811
2026-07-24,11,WIND,neso,4029.0
2026-07-24,12,WIND,elexon,3857
2026-07-24,12,WIND,neso,4067.0
2026-07-24,13,WIND,elexon,4029
2026-07-24,13,WIND,neso,4136.0
2026-07-24,14,WIND,elexon,4067
2026-07-24,14,WIND,neso,4499.0
2026-07-24,15,WIND,elexon,4136
2026-07-24,15,WIND,neso,4802.0
2026-07-24,16,WIND,elexon,4499
2026-07-24,16,WIND,neso,5200.0
2026-07-24,17,WIND,elexon,4802
2026-07-24,17,WIND,neso,5420.0
2026-07-24,18,WIND,elexon,5200
2026-07-24,18,WIND,neso,5532.0
2026-07-24,19,WIND,elexon,5420
2026-07-24,19,WIND,neso,5781.0
2026-07-24,20,WIND,elexon,5532
2026-07-24,20,WIND,neso,5767.0
2026-07-24,21,WIND,elexon,5781
2026-07-24,21,WIND,neso,5739.0
2026-07-24,22,WIND,elexon,5767
2026-07-24,22,WIND,neso,5994.0
2026-07-24,23,WIND,elexon,5739
2026-07-24,23,WIND,neso,5769.0
2026-07-24,24,WIND,elexon,5994
2026-07-24,24,WIND,neso,6045.0
2026-07-24,25,WIND,elexon,5769
2026-07-24,25,WIND,neso,6088.0
2026-07-24,26,WIND,elexon,6045
2026-07-24,26,WIND,neso,6083.0
2026-07-24,27,WIND,elexon,6088
2026-07-24,27,WIND,neso,5947.0
2026-07-24,28,WIND,elexon,6083
2026-07-24,28,WIND,neso,5894.0
2026-07-24,29,WIND,elexon,5947
2026-07-24,29,WIND,neso,5882.0
2026-07-24,30,WIND,elexon,5894
2026-07-24,30,WIND,neso,5845.0
2026-07-24,31,WIND,elexon,5882
2026-07-24,31,WIND,neso,5784.0
2026-07-24,32,WIND,elexon,5845
2026-07-24,32,WIND,neso,5798.0
2026-07-24,33,WIND,elexon,5784
2026-07-24,33,WIND,neso,5841.0
2026-07-24,34,WIND,elexon,5798
2026-07-24,34,WIND,neso,5986.0
2026-07-24,35,WIND,elexon,5841
2026-07-24,35,WIND,neso,5863.0
2026-07-24,36,WIND,elexon,5986
2026-07-24,36,WIND,neso,5759.0
2026-07-24,37,WIND,elexon,5863
2026-07-24,37,WIND,neso,5606.0
2026-07-24,38,WIND,elexon,5759
2026-07-24,38,WIND,neso,5594.0
2026-07-24,39,WIND,elexon,5606
2026-07-24,39,WIND,neso,6086.0
2026-07-24,40,WIND,elexon,5594
2026-07-24,40,WIND,neso,6516.0
2026-07-24,41,WIND,elexon,6086
2026-07-24,41,WIND,neso,6732.0
2026-07-24,42,WIND,elexon,6516
2026-07-24,42,WIND,neso,6917.0
2026-07-24,43,WIND,elexon,6732
2026-07-24,43,WIND,neso,7137.0
2026-07-24,44,WIND,elexon,6917
2026-07-24,44,WIND,neso,7443.0
2026-07-24,45,WIND,elexon,7137
2026-07-24,45,WIND,neso,7661.0
2026-07-24,46,WIND,elexon,7443
2026-07-24,46,WIND,neso,7581.0
2026-07-24,47,WIND,elexon,7661
2026-07-24,47,WIND,neso,7045.0
2026-07-24,48,WIND,elexon,7581
2026-07-24,48,WIND,neso,6525.0
2026-07-25,1,WIND,elexon,7045
2026-07-25,1,WIND,neso,6418.0
2026-07-25,2,WIND,elexon,6525
2026-07-25,2,WIND,neso,6320.0
2026-07-25,3,WIND,elexon,6418
2026-07-25,3,WIND,neso,6626.0
2026-07-25,4,WIND,elexon,6320
2026-07-25,4,WIND,neso,6600.0
2026-07-25,5,WIND,elexon,6626
2026-07-25,5,WIND,neso,6414.0
2026-07-25,6,WIND,elexon,6600
2026-07-25,6,WIND,neso,6361.0
2026-07-25,7,WIND,elexon,6414
2026-07-25,7,WIND,neso,6064.0
2026-07-25,8,WIND,elexon,6361
2026-07-25,8,WIND,neso,6120.0
2026-07-25,9,WIND,elexon,6064
2026-07-25,9,WIND,neso,6255.0
2026-07-25,10,WIND,elexon,6120
2026-07-25,10,WIND,neso,6516.0
2026-07-25,11,WIND,elexon,6255
2026-07-25,11,WIND,neso,6617.0
2026-07-25,12,WIND,elexon,6516
2026-07-25,12,WIND,neso,7257.0
2026-07-25,13,WIND,elexon,6617
2026-07-25,13,WIND,neso,8057.0
2026-07-25,14,WIND,elexon,7257
2026-07-25,14,WIND,neso,8537.0
2026-07-25,15,WIND,elexon,8057
2026-07-25,15,WIND,neso,8805.0
2026-07-25,16,WIND,elexon,8537
2026-07-25,16,WIND,neso,9074.0
2026-07-25,17,WIND,elexon,8805
2026-07-25,17,WIND,neso,9026.0
2026-07-25,18,WIND,elexon,9074
2026-07-25,18,WIND,neso,10043.0
2026-07-25,19,WIND,elexon,9026
2026-07-25,19,WIND,neso,11077.0
2026-07-25,20,WIND,elexon,10043
2026-07-25,20,WIND,neso,11340.0
2026-07-25,21,WIND,elexon,11077
2026-07-25,21,WIND,neso,11336.0
2026-07-25,22,WIND,elexon,11340
2026-07-25,22,WIND,neso,11482.0
2026-07-25,23,WIND,elexon,11336
2026-07-25,23,WIND,neso,11532.0
2026-07-25,24,WIND,elexon,11482
2026-07-25,24,WIND,neso,11037.0
2026-07-25,25,WIND,elexon,11532
2026-07-25,25,WIND,neso,10852.0
2026-07-25,26,WIND,elexon,11037
2026-07-25,26,WIND,neso,11041.0
2026-07-25,27,WIND,elexon,10852
2026-07-25,27,WIND,neso,11059.0
2026-07-25,28,WIND,elexon,11041
2026-07-25,28,WIND,neso,10944.0
2026-07-25,29,WIND,elexon,11059
2026-07-25,29,WIND,neso,10788.0
2026-07-25,30,WIND,elexon,10944
2026-07-25,30,WIND,neso,10759.0
2026-07-25,31,WIND,elexon,10788
2026-07-25,31,WIND,neso,10956.0
2026-07-25,32,WIND,elexon,10759
2026-07-25,32,WIND,neso,11136.0
2026-07-25,33,WIND,elexon,10956
2026-07-25,33,WIND,neso,11023.0
2026-07-25,34,WIND,elexon,11136
2026-07-25,34,WIND,neso,11359.0
2026-07-25,35,WIND,elexon,11023
2026-07-25,35,WIND,neso,10532.0
2026-07-25,36,WIND,elexon,11359
2026-07-25,36,WIND,neso,9732.0
2026-07-25,37,WIND,elexon,10532
2026-07-25,37,WIND,neso,9491.0
2026-07-25,38,WIND,elexon,9732
2026-07-25,38,WIND,neso,9390.0
2026-07-25,39,WIND,elexon,9491
2026-07-25,39,WIND,neso,8663.0
2026-07-25,40,WIND,elexon,9390
2026-07-25,40,WIND,neso,8470.0
2026-07-25,41,WIND,elexon,8663
2026-07-25,41,WIND,neso,8154.0
2026-07-25,42,WIND,elexon,8470
2026-07-25,42,WIND,neso,7577.0
2026-07-25,43,WIND,elexon,8154
2026-07-25,43,WIND,neso,7317.0
2026-07-25,44,WIND,elexon,7577
2026-07-25,44,WIND,neso,7163.0
2026-07-25,45,WIND,elexon,7317
2026-07-25,45,WIND,neso,6738.0
2026-07-25,46,WIND,elexon,7163
2026-07-25,46,WIND,neso,6510.0
2026-07-25,47,WIND,elexon,6738
2026-07-25,47,WIND,neso,6495.0
2026-07-25,48,WIND,elexon,6510
2026-07-25,48,WIND,neso,6815.0
2026-07-26,1,WIND,elexon,6495
2026-07-26,1,WIND,neso,6341.0
2026-07-26,2,WIND,elexon,6815
2026-07-26,2,WIND,neso,6449.0
2026-07-26,3,WIND,elexon,6341
2026-07-26,3,WIND,neso,7074.0
2026-07-26,4,WIND,elexon,6449
2026-07-26,4,WIND,neso,7044.0
2026-07-26,5,WIND,elexon,7074
2026-07-26,5,WIND,neso,7239.0
2026-07-26,6,WIND,elexon,7044
2026-07-26,6,WIND,neso,7579.0
2026-07-26,7,WIND,elexon,7239
2026-07-26,7,WIND,neso,7528.0
2026-07-26,8,WIND,elexon,7579
2026-07-26,8,WIND,neso,7760.0
2026-07-26,9,WIND,elexon,7528
2026-07-26,9,WIND,neso,8443.0
2026-07-26,10,WIND,elexon,7760
2026-07-26,10,WIND,neso,8964.0
2026-07-26,11,WIND,elexon,8443
2026-07-26,11,WIND,neso,8890.0
2026-07-26,12,WIND,elexon,8964
2026-07-26,12,WIND,neso,8816.0
2026-07-26,13,WIND,elexon,8890
2026-07-26,13,WIND,neso,8851.0
2026-07-26,14,WIND,elexon,8816
2026-07-26,14,WIND,neso,9032.0
2026-07-26,15,WIND,elexon,8851
2026-07-26,15,WIND,neso,9391.0
2026-07-26,16,WIND,elexon,9032
2026-07-26,16,WIND,neso,9590.0
2026-07-26,17,WIND,elexon,9391
2026-07-26,17,WIND,neso,9919.0
2026-07-26,18,WIND,elexon,9590
2026-07-26,18,WIND,neso,10089.0
2026-07-26,19,WIND,elexon,9919
2026-07-26,19,WIND,neso,10178.0
2026-07-26,20,WIND,elexon,10089
2026-07-26,20,WIND,neso,10447.0
2026-07-26,21,WIND,elexon,10178
2026-07-26,21,WIND,neso,10824.0
2026-07-26,22,WIND,elexon,10447
2026-07-26,22,WIND,neso,10452.0
2026-07-26,23,WIND,elexon,10824
2026-07-26,23,WIND,neso,10172.0
2026-07-26,24,WIND,elexon,10452
2026-07-26,24,WIND,neso,10154.0
2026-07-26,25,WIND,elexon,10172
2026-07-26,25,WIND,neso,10269.0
2026-07-26,26,WIND,elexon,10154
2026-07-26,26,WIND,neso,10280.0
2026-07-26,27,WIND,elexon,10269
2026-07-26,27,WIND,neso,10210.0
2026-07-26,28,WIND,elexon,10280
2026-07-26,28,WIND,neso,9729.0
2026-07-26,29,WIND,elexon,10210
2026-07-26,29,WIND,neso,9340.0
2026-07-26,30,WIND,elexon,9729
2026-07-26,30,WIND,neso,9452.0
2026-07-26,31,WIND,elexon,9340
2026-07-26,31,WIND,neso,9005.0
2026-07-26,32,WIND,elexon,9452
2026-07-26,32,WIND,neso,9019.0
2026-07-26,33,WIND,elexon,9005
2026-07-26,33,WIND,neso,8622.0
2026-07-26,34,WIND,elexon,9019
2026-07-26,34,WIND,neso,8483.0
2026-07-26,35,WIND,elexon,8622
2026-07-26,35,WIND,neso,8688.0
2026-07-26,36,WIND,elexon,8483
2026-07-26,36,WIND,neso,8705.0
2026-07-26,37,WIND,elexon,8688
2026-07-26,37,WIND,neso,8541.0
2026-07-26,38,WIND,elexon,8705
2026-07-26,38,WIND,neso,8074.0
2026-07-26,39,WIND,elexon,8541
2026-07-26,39,WIND,neso,7804.0
2026-07-26,40,WIND,elexon,8074
2026-07-26,40,WIND,neso,7701.0
2026-07-26,41,WIND,elexon,7804
2026-07-26,41,WIND,neso,7854.0
2026-07-26,42,WIND,elexon,7701
2026-07-26,42,WIND,neso,7881.0
2026-07-26,43,WIND,elexon,7854
2026-07-26,43,WIND,neso,8188.0
2026-07-26,44,WIND,elexon,7881
2026-07-26,44,WIND,neso,8407.0
2026-07-26,45,WIND,elexon,8188
2026-07-26,45,WIND,neso,8511.0
2026-07-26,46,WIND,elexon,8407
2026-07-26,46,WIND,neso,8676.0
2026-07-26,47,WIND,elexon,8511
2026-07-26,47,WIND,neso,9018.0
2026-07-26,48,WIND,elexon,8676
2026-07-26,48,WIND,neso,9399.0
2026-07-27,1,WIND,elexon,9018
2026-07-27,1,WIND,neso,9306.0
2026-07-27,2,WIND,elexon,9399
2026-07-27,2,WIND,neso,9055.0
2026-07-27,3,WIND,elexon,9306
2026-07-27,3,WIND,neso,8632.0
2026-07-27,4,WIND,elexon,9055
2026-07-27,4,WIND,neso,8389.0
2026-07-27,5,WIND,elexon,8632
2026-07-27,5,WIND,neso,8217.0
2026-07-27,6,WIND,elexon,8389
2026-07-27,6,WIND,neso,8026.0
2026-07-27,7,WIND,elexon,8217
2026-07-27,7,WIND,neso,7919.0
2026-07-27,8,WIND,elexon,8026
2026-07-27,8,WIND,neso,7446.0
2026-07-27,9,WIND,elexon,7919
2026-07-27,9,WIND,neso,6882.0
2026-07-27,10,WIND,elexon,7446
2026-07-27,10,WIND,neso,6560.0
2026-07-27,11,WIND,elexon,6882
2026-07-27,11,WIND,neso,6316.0
2026-07-27,12,WIND,elexon,6560
2026-07-27,12,WIND,neso,6249.0
2026-07-27,13,WIND,elexon,6316
2026-07-27,13,WIND,neso,5645.0
2026-07-27,14,WIND,elexon,6249
2026-07-27,14,WIND,neso,5391.0
2026-07-27,15,WIND,elexon,5645
2026-07-27,15,WIND,neso,5126.0
2026-07-27,16,WIND,elexon,5391
2026-07-27,16,WIND,neso,5067.0
2026-07-27,17,WIND,elexon,5126
2026-07-27,17,WIND,neso,5218.0
2026-07-27,18,WIND,elexon,5067
2026-07-27,18,WIND,neso,5770.0
2026-07-27,19,WIND,elexon,5218
2026-07-27,19,WIND,neso,5902.0
2026-07-27,20,WIND,elexon,5770
2026-07-27,20,WIND,neso,5665.0
2026-07-27,21,WIND,elexon,5902
2026-07-27,21,WIND,neso,5368.0
2026-07-27,22,WIND,elexon,5665
2026-07-27,22,WIND,neso,5564.0
2026-07-27,23,WIND,elexon,5368
2026-07-27,23,WIND,neso,5757.0
2026-07-27,24,WIND,elexon,5564
2026-07-27,24,WIND,neso,5676.0
2026-07-27,25,WIND,elexon,5757
2026-07-27,25,WIND,neso,6301.0
2026-07-27,26,WIND,elexon,5676
2026-07-27,26,WIND,neso,6204.0
2026-07-27,27,WIND,elexon,6301
2026-07-27,27,WIND,neso,5860.0
2026-07-27,28,WIND,elexon,6204
2026-07-27,28,WIND,neso,5635.0
2026-07-27,29,WIND,elexon,5860
2026-07-27,29,WIND,neso,5722.0
2026-07-27,30,WIND,elexon,5635
2026-07-27,30,WIND,neso,5678.0
2026-07-27,31,WIND,elexon,5722
2026-07-27,31,WIND,neso,5349.0
2026-07-27,32,WIND,elexon,5678
2026-07-27,32,WIND,neso,5502.0
2026-07-27,33,WIND,elexon,5349
2026-07-27,33,WIND,neso,5742.0
2026-07-27,34,WIND,elexon,5502
2026-07-27,34,WIND,neso,5167.0
2026-07-27,35,WIND,elexon,5742
2026-07-27,35,WIND,neso,5644.0
2026-07-27,36,WIND,elexon,5167
2026-07-27,36,WIND,neso,6153.0
2026-07-27,37,WIND,elexon,5644
2026-07-27,37,WIND,neso,5842.0
2026-07-27,38,WIND,elexon,6153
2026-07-27,38,WIND,neso,5702.0
2026-07-27,39,WIND,elexon,5842
2026-07-27,39,WIND,neso,5629.0
2026-07-27,40,WIND,elexon,5702
2026-07-27,40,WIND,neso,5327.0
2026-07-27,41,WIND,elexon,5629
2026-07-27,41,WIND,neso,5147.0
2026-07-27,42,WIND,elexon,5327
2026-07-27,42,WIND,neso,4726.0
2026-07-27,43,WIND,elexon,5147
2026-07-27,43,WIND,neso,4291.0
2026-07-27,44,WIND,elexon,4726
2026-07-27,44,WIND,neso,3920.0
2026-07-27,45,WIND,elexon,4291
2026-07-27,45,WIND,neso,3957.0
2026-07-27,46,WIND,elexon,3920
2026-07-27,46,WIND,neso,3894.0
2026-07-27,47,WIND,elexon,3957
2026-07-27,47,WIND,neso,3887.0
2026-07-27,48,WIND,elexon,3894
2026-07-27,48,WIND,neso,3752.0
2026-07-28,1,WIND,elexon,3887
2026-07-28,1,WIND,neso,3556.0
2026-07-28,2,WIND,elexon,3752
2026-07-28,2,WIND,neso,3648.0
2026-07-28,3,WIND,elexon,3556
2026-07-28,3,WIND,neso,4143.0
2026-07-28,4,WIND,elexon,3648
2026-07-28,4,WIND,neso,4067.0
2026-07-28,5,WIND,elexon,4143
2026-07-28,5,WIND,neso,4117.0
2026-07-28,6,WIND,elexon,4067
2026-07-28,6,WIND,neso,4573.0
2026-07-28,7,WIND,elexon,4117
2026-07-28,7,WIND,neso,5064.0
2026-07-28,8,WIND,elexon,4573
2026-07-28,8,WIND,neso,5247.0
2026-07-28,9,WIND,elexon,5064
2026-07-28,9,WIND,neso,5636.0
2026-07-28,10,WIND,elexon,5247
2026-07-28,10,WIND,neso,6268.0
2026-07-28,11,WIND,elexon,5636
2026-07-28,11,WIND,neso,6712.0
2026-07-28,12,WIND,elexon,6268
2026-07-28,12,WIND,neso,7166.0
2026-07-28,13,WIND,elexon,6712
2026-07-28,13,WIND,neso,7816.0
2026-07-28,14,WIND,elexon,7166
2026-07-28,14,WIND,neso,8797.0
2026-07-28,15,WIND,elexon,7816
2026-07-28,15,WIND,neso,9429.0
2026-07-28,16,WIND,elexon,8797
2026-07-28,16,WIND,neso,9577.0
2026-07-28,17,WIND,elexon,9429
2026-07-28,17,WIND,neso,9544.0
2026-07-28,18,WIND,elexon,9577
2026-07-28,18,WIND,neso,9287.0
2026-07-28,19,WIND,elexon,9544
2026-07-28,19,WIND,neso,9278.0
2026-07-28,20,WIND,elexon,9287
2026-07-28,20,WIND,neso,9827.0
2026-07-28,21,WIND,elexon,9278
2026-07-28,21,WIND,neso,9561.0
2026-07-28,22,WIND,elexon,9827
2026-07-28,22,WIND,neso,9667.0
2026-07-28,23,WIND,elexon,9561
2026-07-28,23,WIND,neso,9838.0
2026-07-28,24,WIND,elexon,9667
2026-07-28,24,WIND,neso,9650.0
2026-07-28,25,WIND,elexon,9838
2026-07-28,25,WIND,neso,9445.0
2026-07-28,26,WIND,elexon,9650
2026-07-28,26,WIND,neso,9582.0
2026-07-28,27,WIND,elexon,9445
2026-07-28,27,WIND,neso,9333.0
2026-07-28,28,WIND,elexon,9582
2026-07-28,28,WIND,neso,9455.0
2026-07-28,29,WIND,elexon,9333
2026-07-28,29,WIND,neso,9613.0
2026-07-28,30,WIND,elexon,9455
2026-07-28,30,WIND,neso,9062.0
2026-07-28,31,WIND,elexon,9613
2026-07-28,31,WIND,neso,8801.0
2026-07-28,32,WIND,elexon,9062
2026-07-28,32,WIND,neso,8698.0
2026-07-28,33,WIND,elexon,8801
2026-07-28,33,WIND,neso,8147.0
2026-07-28,34,WIND,elexon,8698
2026-07-28,34,WIND,neso,7964.0
2026-07-28,35,WIND,elexon,8147
2026-07-28,35,WIND,neso,7698.0
2026-07-28,36,WIND,elexon,7964
2026-07-28,36,WIND,neso,7109.0
2026-07-28,37,WIND,elexon,7698
2026-07-28,37,WIND,neso,6740.0
2026-07-28,38,WIND,elexon,7109
2026-07-28,38,WIND,neso,6470.0
2026-07-28,39,WIND,elexon,6740
2026-07-28,39,WIND,neso,6246.0
2026-07-28,40,WIND,elexon,6470
2026-07-28,40,WIND,neso,6686.0
2026-07-28,41,WIND,elexon,6246
2026-07-28,41,WIND,neso,6672.0
2026-07-28,42,WIND,elexon,6686
2026-07-28,42,WIND,neso,6516.0
2026-07-28,43,WIND,elexon,6672
2026-07-28,43,WIND,neso,6586.0
2026-07-28,44,WIND,elexon,6516
2026-07-28,44,WIND,neso,6564.0
2026-07-28,45,WIND,elexon,6586
2026-07-28,45,WIND,neso,6939.0
2026-07-28,46,WIND,elexon,6564
2026-07-28,46,WIND,neso,6645.0
2026-07-28,47,WIND,elexon,6939
2026-07-28,47,WIND,neso,6123.0
2026-07-28,48,WIND,elexon,6645
2026-07-28,48,WIND,neso,5685.0
2026-07-29,1,WIND,elexon,6123
2026-07-29,1,WIND,neso,5481.0
2026-07-29,2,WIND,elexon,5685
2026-07-29,2,WIND,neso,5111.0
2026-07-29,3,WIND,elexon,5481
2026-07-29,3,WIND,neso,4947.0
2026-07-29,4,WIND,elexon,5111
2026-07-29,4,WIND,neso,4919.0
2026-07-29,5,WIND,elexon,4947
2026-07-29,5,WIND,neso,4771.0
2026-07-29,6,WIND,elexon,4919
2026-07-29,6,WIND,neso,4907.0
2026-07-29,7,WIND,elexon,4771
2026-07-29,7,WIND,neso,5224.0
2026-07-29,8,WIND,elexon,4907
2026-07-29,8,WIND,neso,5267.0
2026-07-29,9,WIND,elexon,5224
2026-07-29,9,WIND,neso,5016.0
2026-07-29,10,WIND,elexon,5267
2026-07-29,10,WIND,neso,4757.0
2026-07-29,11,WIND,elexon,5016
2026-07-29,11,WIND,neso,4351.0
2026-07-29,12,WIND,elexon,4757
2026-07-29,12,WIND,neso,4363.0
2026-07-29,13,WIND,elexon,4351
2026-07-29,13,WIND,neso,4387.0
2026-07-29,14,WIND,elexon,4363
2026-07-29,14,WIND,neso,4562.0
2026-07-29,15,WIND,elexon,4387
2026-07-29,15,WIND,neso,4756.0
2026-07-29,16,WIND,elexon,4562
2026-07-29,16,WIND,neso,4775.0
2026-07-29,17,WIND,elexon,4756
2026-07-29,17,WIND,neso,4763.0
2026-07-29,18,WIND,elexon,4775
2026-07-29,18,WIND,neso,4833.0
2026-07-29,19,WIND,elexon,4763
2026-07-29,19,WIND,neso,4691.0
2026-07-29,20,WIND,elexon,4833
2026-07-29,20,WIND,neso,4337.0
2026-07-29,21,WIND,elexon,4691
2026-07-29,21,WIND,neso,4162.0
2026-07-29,22,WIND,elexon,4337
2026-07-29,22,WIND,neso,4258.0
2026-07-29,23,WIND,elexon,4162
2026-07-29,23,WIND,neso,4270.0
2026-07-29,24,WIND,elexon,4258
2026-07-29,24,WIND,neso,4351.0
2026-07-29,25,WIND,elexon,4270
2026-07-29,25,WIND,neso,4115.0
2026-07-29,26,WIND,elexon,4351
2026-07-29,26,WIND,neso,3725.0
2026-07-29,27,WIND,elexon,4115
2026-07-29,27,WIND,neso,3310.0
2026-07-29,28,WIND,elexon,3725
2026-07-29,28,WIND,neso,3124.0
2026-07-29,29,WIND,elexon,3310
2026-07-29,29,WIND,neso,3007.0
2026-07-29,30,WIND,elexon,3124
2026-07-29,30,WIND,neso,3554.0
2026-07-29,31,WIND,elexon,3007
2026-07-29,31,WIND,neso,3831.0
2026-07-29,32,WIND,elexon,3554
2026-07-29,32,WIND,neso,3715.0
2026-07-29,33,WIND,elexon,3831
2026-07-29,33,WIND,neso,3770.0
2026-07-29,34,WIND,elexon,3715
2026-07-29,34,WIND,neso,3777.0
2026-07-29,35,WIND,elexon,3770
2026-07-29,35,WIND,neso,3830.0
2026-07-29,36,WIND,elexon,3777
2026-07-29,36,WIND,neso,3710.0
2026-07-29,37,WIND,elexon,3830
2026-07-29,37,WIND,neso,3688.0
2026-07-29,38,WIND,elexon,3710
2026-07-29,38,WIND,neso,3451.0
2026-07-29,39,WIND,elexon,3688
2026-07-29,39,WIND,neso,3523.0
2026-07-29,40,WIND,elexon,3451
2026-07-29,40,WIND,neso,3557.0
2026-07-29,41,WIND,elexon,3523
2026-07-29,41,WIND,neso,3630.0
2026-07-29,42,WIND,elexon,3557
2026-07-29,42,WIND,neso,3803.0
2026-07-29,43,WIND,elexon,3630
2026-07-29,43,WIND,neso,3799.0
2026-07-29,44,WIND,elexon,3803
2026-07-29,44,WIND,neso,3738.0
2026-07-29,45,WIND,elexon,3799
2026-07-29,45,WIND,neso,3595.0
2026-07-29,46,WIND,elexon,3738
2026-07-29,46,WIND,neso,3501.0
2026-07-29,47,WIND,elexon,3595
2026-07-29,47,WIND,neso,3548.0
2026-07-29,48,WIND,elexon,3501
2026-07-29,48,WIND,neso,3505.0
2026-07-30,1,WIND,elexon,3548
2026-07-30,1,WIND,neso,3127.0
2026-07-30,2,WIND,elexon,3505
2026-07-30,2,WIND,neso,2842.0
2026-07-30,3,WIND,elexon,3127
2026-07-30,3,WIND,neso,2563.0
2026-07-30,4,WIND,elexon,2842
2026-07-30,4,WIND,neso,2430.0
2026-07-30,5,WIND,elexon,2563
2026-07-30,5,WIND,neso,2376.0
2026-07-30,6,WIND,elexon,2430
2026-07-30,6,WIND,neso,2206.0
2026-07-30,7,WIND,elexon,2376
2026-07-30,7,WIND,neso,2305.0
2026-07-30,8,WIND,elexon,2206
2026-07-30,8,WIND,neso,2699.0
2026-07-30,9,WIND,elexon,2305
2026-07-30,9,WIND,neso,2961.0
2026-07-30,10,WIND,elexon,2699
2026-07-30,10,WIND,neso,3191.0
2026-07-30,11,WIND,elexon,2961
2026-07-30,11,WIND,neso,3231.0
2026-07-30,12,WIND,elexon,3191
2026-07-30,12,WIND,neso,3151.0
2026-07-30,13,WIND,elexon,3231
2026-07-30,13,WIND,neso,3330.0
2026-07-30,14,WIND,elexon,3151
2026-07-30,14,WIND,neso,3894.0
2026-07-30,15,WIND,elexon,3330
2026-07-30,15,WIND,neso,4054.0
2026-07-30,16,WIND,elexon,3894
2026-07-30,16,WIND,neso,4275.0
2026-07-30,17,WIND,elexon,4054
2026-07-30,17,WIND,neso,4416.0
2026-07-30,18,WIND,elexon,4275
2026-07-30,18,WIND,neso,4543.0
2026-07-30,19,WIND,elexon,4416
2026-07-30,19,WIND,neso,4688.0
2026-07-30,20,WIND,elexon,4543
2026-07-30,20,WIND,neso,4721.0
2026-07-30,21,WIND,elexon,4688
2026-07-30,21,WIND,neso,4921.0
2026-07-30,22,WIND,elexon,4721
2026-07-30,22,WIND,neso,5017.0
2026-07-30,23,WIND,elexon,4921
2026-07-30,23,WIND,neso,5225.0
2026-07-30,24,WIND,elexon,5017
2026-07-30,24,WIND,neso,5370.0
2026-07-30,25,WIND,elexon,5225
2026-07-30,25,WIND,neso,5587.0
2026-07-30,26,WIND,elexon,5370
2026-07-30,26,WIND,neso,5778.0
2026-07-30,27,WIND,elexon,5587
2026-07-30,27,WIND,neso,6087.0
2026-07-30,28,WIND,elexon,5778
2026-07-30,28,WIND,neso,6091.0
2026-07-30,29,WIND,elexon,6087
2026-07-30,29,WIND,neso,6039.0
2026-07-30,30,WIND,elexon,6091
2026-07-30,30,WIND,neso,5794.0
2026-07-30,31,WIND,elexon,6039
2026-07-30,31,WIND,neso,5155.0
2026-07-30,32,WIND,elexon,5794
2026-07-30,32,WIND,neso,4970.0
2026-07-30,33,WIND,elexon,5155
2026-07-30,33,WIND,neso,4998.0
2026-07-30,34,WIND,elexon,4970
2026-07-30,34,WIND,neso,5305.0
2026-07-30,35,WIND,elexon,4998
2026-07-30,35,WIND,neso,5692.0
2026-07-30,36,WIND,elexon,5305
2026-07-30,36,WIND,neso,5646.0
2026-07-30,37,WIND,elexon,5692
2026-07-30,37,WIND,neso,5290.0
2026-07-30,38,WIND,elexon,5646
2026-07-30,38,WIND,neso,4957.0
2026-07-30,39,WIND,elexon,5290
2026-07-30,39,WIND,neso,4620.0
2026-07-30,40,WIND,elexon,4957
2026-07-30,40,WIND,neso,4500.0
2026-07-30,41,WIND,elexon,4620
2026-07-30,41,WIND,neso,4356.0
2026-07-30,42,WIND,elexon,4500
2026-07-30,42,WIND,neso,4185.0
2026-07-30,43,WIND,elexon,4356
2026-07-30,43,WIND,neso,4156.0
2026-07-30,44,WIND,elexon,4185
2026-07-30,44,WIND,neso,4004.0
2026-07-30,45,WIND,elexon,4156
2026-07-30,45,WIND,neso,4037.0
2026-07-30,46,WIND,elexon,4004
2026-07-30,46,WIND,neso,4014.0
2026-07-30,47,WIND,elexon,4037
2026-07-30,47,WIND,neso,3873.0
2026-07-30,48,WIND,elexon,4014
2026-07-30,48,WIND,neso,4030.0
2026-07-31,1,WIND,elexon,3873
2026-07-31,1,WIND,neso,4159.0
2026-07-31,2,WIND,elexon,4030
2026-07-31,2,WIND,neso,4037.0
2026-07-31,3,WIND,elexon,4159
2026-07-31,3,WIND,neso,3909.0
2026-07-31,4,WIND,elexon,4037
2026-07-31,4,WIND,neso,4023.0
2026-07-31,5,WIND,elexon,3909
2026-07-31,5,WIND,neso,4079.0
2026-07-31,6,WIND,elexon,4023
2026-07-31,6,WIND,neso,4181.0
2026-07-31,7,WIND,elexon,4079
2026-07-31,7,WIND,neso,3972.0
2026-07-31,8,WIND,elexon,4181
2026-07-31,8,WIND,neso,3703.0
2026-07-31,9,WIND,elexon,3972
2026-07-31,9,WIND,neso,3574.0
2026-07-31,10,WIND,elexon,3703
2026-07-31,10,WIND,neso,3447.0
2026-07-31,11,WIND,elexon,3574
2026-07-31,11,WIND,neso,3323.0
2026-07-31,12,WIND,elexon,3447
2026-07-31,12,WIND,neso,3173.0
2026-07-31,13,WIND,elexon,3323
2026-07-31,13,WIND,neso,3353.0
2026-07-31,14,WIND,elexon,3173
2026-07-31,14,WIND,neso,3549.0
2026-07-31,15,WIND,elexon,3353
2026-07-31,15,WIND,neso,3570.0
2026-07-31,16,WIND,elexon,3549
2026-07-31,16,WIND,neso,3553.0
2026-07-31,17,WIND,elexon,3570
2026-07-31,17,WIND,neso,3434.0
2026-07-31,18,WIND,elexon,3553
2026-07-31,18,WIND,neso,3533.0
2026-07-31,19,WIND,elexon,3434
2026-07-31,19,WIND,neso,3545.0
2026-07-31,20,WIND,elexon,3533
2026-07-31,20,WIND,neso,3498.0
2026-07-31,21,WIND,elexon,3545
2026-07-31,21,WIND,neso,3489.0
2026-07-31,22,WIND,elexon,3498
2026-07-31,22,WIND,neso,3490.0
2026-07-31,23,WIND,elexon,3489
2026-07-31,23,WIND,neso,3427.0
2026-07-31,24,WIND,elexon,3490
2026-07-31,24,WIND,neso,3534.0
2026-07-31,25,WIND,elexon,3427
2026-07-31,25,WIND,neso,3737.0
2026-07-31,26,WIND,elexon,3534
2026-07-31,26,WIND,neso,3949.0
2026-07-31,27,WIND,elexon,3737
2026-07-31,27,WIND,neso,4176.0
2026-07-31,28,WIND,elexon,3949
2026-07-31,28,WIND,neso,4471.0
2026-07-31,29,WIND,elexon,4176
2026-07-31,29,WIND,neso,4654.0
2026-07-31,30,WIND,elexon,4471
2026-07-31,30,WIND,neso,4538.0
2026-07-31,31,WIND,elexon,4654
2026-07-31,31,WIND,neso,4338.0
2026-07-31,32,WIND,elexon,4538
2026-07-31,32,WIND,neso,4219.0
2026-07-31,33,WIND,elexon,4338
2026-07-31,33,WIND,neso,4438.0
2026-07-31,34,WIND,elexon,4219
2026-07-31,34,WIND,neso,4405.0
2026-07-31,35,WIND,elexon,4438
2026-07-31,35,WIND,neso,4692.0
2026-07-31,36,WIND,elexon,4405
2026-07-31,36,WIND,neso,5101.0
2026-07-31,37,WIND,elexon,4692
2026-07-31,37,WIND,neso,5073.0
2026-07-31,38,WIND,elexon,5101
2026-07-31,38,WIND,neso,4932.0
2026-07-31,39,WIND,elexon,5073
2026-07-31,39,WIND,neso,4683.0
2026-07-31,40,WIND,elexon,4932
2026-07-31,40,WIND,neso,4803.0
2026-07-31,41,WIND,elexon,4683
2026-07-31,41,WIND,neso,4648.0
2026-07-31,42,WIND,elexon,4803
2026-07-31,42,WIND,neso,4604.0
2026-07-31,43,WIND,elexon,4648
2026-07-31,43,WIND,neso,4777.0
2026-07-31,44,WIND,elexon,4604
2026-07-31,44,WIND,neso,4976.0
2026-07-31,45,WIND,elexon,4777
2026-07-31,45,WIND,neso,4822.0
2026-07-31,46,WIND,elexon,4976
2026-07-31,46,WIND,neso,4810.0
2026-07-31,47,WIND,elexon,4822
2026-07-31,47,WIND,neso,4865.0
2026-07-31,48,WIND,elexon,4810
2026-07-31,48,WIND,neso,4913.0
2026-08-01,1,WIND,elexon,4865
2026-08-01,1,WIND,neso,4530.0
2026-08-01,2,WIND,elexon,4913
2026-08-01,2,WIND,neso,4448.0
2026-08-01,3,WIND,elexon,4530
2026-08-01,3,WIND,neso,4240.0
2026-08-01,4,WIND,elexon,4448
2026-08-01,4,WIND,neso,4517.0
2026-08-01,5,WIND,elexon,4240
2026-08-01,5,WIND,neso,4893.0
2026-08-01,6,WIND,elexon,4517
2026-08-01,6,WIND,neso,4784.0
2026-08-01,7,WIND,elexon,4893
2026-08-01,7,WIND,neso,4845.0
2026-08-01,8,WIND,elexon,4784
2026-08-01,8,WIND,neso,4819.0
2026-08-01,9,WIND,elexon,4845
2026-08-01,9,WIND,neso,4689.0
2026-08-01,10,WIND,elexon,4819
2026-08-01,10,WIND,neso,4668.0
2026-08-01,11,WIND,elexon,4689
2026-08-01,11,WIND,neso,4789.0
2026-08-01,12,WIND,elexon,4668
2026-08-01,12,WIND,neso,4698.0
2026-08-01,13,WIND,elexon,4789
2026-08-01,13,WIND,neso,4766.0
2026-08-01,14,WIND,elexon,4698
2026-08-01,14,WIND,neso,4673.0
2026-08-01,15,WIND,elexon,4766
2026-08-01,15,WIND,neso,4819.0
2026-08-01,16,WIND,elexon,4673
2026-08-01,16,WIND,neso,4991.0
2026-08-01,17,WIND,elexon,4819
2026-08-01,17,WIND,neso,4937.0
2026-08-01,18,WIND,elexon,4991
2026-08-01,18,WIND,neso,5034.0
2026-08-01,19,WIND,elexon,4937
2026-08-01,19,WIND,neso,5141.0
2026-08-01,20,WIND,elexon,5034
2026-08-01,20,WIND,neso,5292.0
2026-08-01,21,WIND,elexon,5141
2026-08-01,21,WIND,neso,5361.0
2026-08-01,22,WIND,elexon,5292
2026-08-01,22,WIND,neso,5614.0
2026-08-01,23,WIND,elexon,5361
2026-08-01,23,WIND,neso,5673.0
2026-08-01,24,WIND,elexon,5614
2026-08-01,24,WIND,neso,5809.0
2026-08-01,25,WIND,elexon,5673
2026-08-01,25,WIND,neso,5971.0
2026-08-01,26,WIND,elexon,5809
2026-08-01,26,WIND,neso,5656.0
2026-08-01,27,WIND,elexon,5971
2026-08-01,27,WIND,neso,5430.0
2026-08-01,28,WIND,elexon,5656
2026-08-01,28,WIND,neso,5422.0
2026-08-01,29,WIND,elexon,5430
2026-08-01,29,WIND,neso,5324.0
2026-08-01,30,WIND,elexon,5422
2026-08-01,30,WIND,neso,5038.0
2026-08-01,31,WIND,elexon,5324
2026-08-01,31,WIND,neso,5000.0
2026-08-01,32,WIND,elexon,5038
2026-08-01,32,WIND,neso,5352.0
2026-08-01,33,WIND,elexon,5000
2026-08-01,33,WIND,neso,5111.0
2026-08-01,34,WIND,elexon,5352
2026-08-01,34,WIND,neso,5007.0
2026-08-01,35,WIND,elexon,5111
2026-08-01,35,WIND,neso,5087.0
2026-08-01,36,WIND,elexon,5007
2026-08-01,36,WIND,neso,4867.0
2026-08-01,37,WIND,elexon,5087
2026-08-01,37,WIND,neso,5055.0
2026-08-01,38,WIND,elexon,4867
2026-08-01,38,WIND,neso,4898.0
2026-08-01,39,WIND,elexon,5055
2026-08-01,39,WIND,neso,4755.0
2026-08-01,40,WIND,elexon,4898
2026-08-01,40,WIND,neso,4789.0
2026-08-01,41,WIND,elexon,4755
2026-08-01,41,WIND,neso,4354.0
2026-08-01,42,WIND,elexon,4789
2026-08-01,42,WIND,neso,4305.0
2026-08-01,43,WIND,elexon,4354
2026-08-01,43,WIND,neso,4326.0
2026-08-01,44,WIND,elexon,4305
2026-08-01,44,WIND,neso,4016.0
2026-08-01,45,WIND,elexon,4326
2026-08-01,45,WIND,neso,3838.0
2026-08-01,46,WIND,elexon,4016
2026-08-01,46,WIND,neso,3444.0
2026-08-01,47,WIND,elexon,3838
2026-08-01,47,WIND,neso,3119.0
2026-08-01,48,WIND,elexon,3444
2026-08-01,48,WIND,neso,2951.0
2026-08-02,1,WIND,elexon,3119
2026-08-02,1,WIND,neso,2800.0
2026-08-02,2,WIND,elexon,2951
2026-08-02,2,WIND,neso,2740.0
2026-08-02,3,WIND,elexon,2800
2026-08-02,3,WIND,neso,2637.0
2026-08-02,4,WIND,elexon,2740
2026-08-02,4,WIND,neso,2521.0
2026-08-02,5,WIND,elexon,2637
2026-08-02,5,WIND,neso,2428.0
2026-08-02,6,WIND,elexon,2521
2026-08-02,6,WIND,neso,2482.0
2026-08-02,7,WIND,elexon,2428
2026-08-02,7,WIND,neso,2261.0
2026-08-02,8,WIND,elexon,2482
2026-08-02,8,WIND,neso,2076.0
2026-08-02,9,WIND,elexon,2261
2026-08-02,9,WIND,neso,1997.0
2026-08-02,10,WIND,elexon,2076
2026-08-02,10,WIND,neso,1958.0
2026-08-02,11,WIND,elexon,1997
2026-08-02,11,WIND,neso,1771.0
2026-08-02,12,WIND,elexon,1958
2026-08-02,12,WIND,neso,1424.0
2026-08-02,13,WIND,elexon,1771
2026-08-02,13,WIND,neso,1202.0
2026-08-02,14,WIND,elexon,1424
2026-08-02,14,WIND,neso,1034.0
2026-08-02,15,WIND,elexon,1202
2026-08-02,15,WIND,neso,1042.0
2026-08-02,16,WIND,elexon,1034
2026-08-02,16,WIND,neso,922.0
2026-08-02,17,WIND,elexon,1042
2026-08-02,17,WIND,neso,850.0
2026-08-02,18,WIND,elexon,922
2026-08-02,18,WIND,neso,796.0
2026-08-02,19,WIND,elexon,850
2026-08-02,19,WIND,neso,788.0
2026-08-02,20,WIND,elexon,796
2026-08-02,20,WIND,neso,806.0
2026-08-02,21,WIND,elexon,788
2026-08-02,21,WIND,neso,858.0
2026-08-02,22,WIND,elexon,806
2026-08-02,22,WIND,neso,904.0
2026-08-02,23,WIND,elexon,858
2026-08-02,23,WIND,neso,972.0
2026-08-02,24,WIND,elexon,904
2026-08-02,24,WIND,neso,1026.0
2026-08-02,25,WIND,elexon,972
2026-08-02,25,WIND,neso,1098.0
2026-08-02,26,WIND,elexon,1026
2026-08-02,26,WIND,neso,1152.0
2026-08-02,27,WIND,elexon,1098
2026-08-02,27,WIND,neso,1251.0
2026-08-02,28,WIND,elexon,1152
2026-08-02,28,WIND,neso,1295.0
2026-08-02,29,WIND,elexon,1251
2026-08-02,29,WIND,neso,1511.0
2026-08-02,30,WIND,elexon,1295
2026-08-02,30,WIND,neso,1750.0
2026-08-02,31,WIND,elexon,1511
2026-08-02,31,WIND,neso,1876.0
2026-08-02,32,WIND,elexon,1750
2026-08-02,32,WIND,neso,1996.0
2026-08-02,33,WIND,elexon,1876
2026-08-02,33,WIND,neso,2115.0
2026-08-02,34,WIND,elexon,1996
2026-08-02,34,WIND,neso,2438.0
2026-08-02,35,WIND,elexon,2115
2026-08-02,35,WIND,neso,2633.0
2026-08-02,36,WIND,elexon,2438
2026-08-02,36,WIND,neso,2964.0
2026-08-02,37,WIND,elexon,2633
2026-08-02,37,WIND,neso,3139.0
2026-08-02,38,WIND,elexon,2964
2026-08-02,38,WIND,neso,3202.0
2026-08-02,39,WIND,elexon,3139
2026-08-02,39,WIND,neso,3235.0
2026-08-02,40,WIND,elexon,3202
2026-08-02,40,WIND,neso,3269.0
2026-08-02,41,WIND,elexon,3235
2026-08-02,41,WIND,neso,3373.0
2026-08-02,42,WIND,elexon,3269
2026-08-02,42,WIND,neso,3541.0
2026-08-02,43,WIND,elexon,3373
2026-08-02,43,WIND,neso,3688.0
2026-08-02,44,WIND,elexon,3541
2026-08-02,44,WIND,neso,3836.0
2026-08-02,45,WIND,elexon,3688
2026-08-02,45,WIND,neso,3985.0
2026-08-02,46,WIND,elexon,3836
2026-08-02,46,WIND,neso,4076.0
2026-08-02,47,WIND,elexon,3985
2026-08-02,47,WIND,neso,4091.0
2026-08-02,48,WIND,elexon,4076
2026-08-02,48,WIND,neso,4255.0
2026-08-03,1,WIND,elexon,4091
2026-08-03,1,WIND,neso,4324.0
2026-08-03,2,WIND,elexon,4255
2026-08-03,2,WIND,neso,4278.0
2026-08-03,3,WIND,elexon,4324
2026-08-03,3,WIND,neso,4249.0
2026-08-03,4,WIND,elexon,4278
2026-08-03,4,WIND,neso,4373.0
2026-08-03,5,WIND,elexon,4249
2026-08-03,5,WIND,neso,4649.0
2026-08-03,6,WIND,elexon,4373
2026-08-03,6,WIND,neso,4735.0
2026-08-03,7,WIND,elexon,4649
2026-08-03,7,WIND,neso,4692.0
2026-08-03,8,WIND,elexon,4735
2026-08-03,8,WIND,neso,4552.0
2026-08-03,9,WIND,elexon,4692
2026-08-03,9,WIND,neso,4481.0
2026-08-03,10,WIND,elexon,4552
2026-08-03,10,WIND,neso,4573.0
2026-08-03,11,WIND,elexon,4481
2026-08-03,11,WIND,neso,4470.0
2026-08-03,12,WIND,elexon,4573
2026-08-03,12,WIND,neso,4645.0
2026-08-03,13,WIND,elexon,4470
2026-08-03,13,WIND,neso,4588.0
2026-08-03,14,WIND,elexon,4645
2026-08-03,14,WIND,neso,4724.0
2026-08-03,15,WIND,elexon,4588
2026-08-03,15,WIND,neso,4865.0
2026-08-03,16,WIND,elexon,4724
2026-08-03,16,WIND,neso,5022.0
2026-08-03,17,WIND,elexon,4865
2026-08-03,17,WIND,neso,5088.0
2026-08-03,18,WIND,elexon,5022
2026-08-03,18,WIND,neso,5127.0
2026-08-03,19,WIND,elexon,5088
2026-08-03,19,WIND,neso,5202.0
2026-08-03,20,WIND,elexon,5127
2026-08-03,20,WIND,neso,5349.0
2026-08-03,21,WIND,elexon,5202
2026-08-03,21,WIND,neso,5675.0
2026-08-03,22,WIND,elexon,5349
2026-08-03,22,WIND,neso,5886.0
2026-08-03,23,WIND,elexon,5675
2026-08-03,23,WIND,neso,5904.0
2026-08-03,24,WIND,elexon,5886
2026-08-03,24,WIND,neso,6263.0
2026-08-03,25,WIND,elexon,5904
2026-08-03,25,WIND,neso,6647.0
2026-08-03,26,WIND,elexon,6263
2026-08-03,26,WIND,neso,6755.0
2026-08-03,27,WIND,elexon,6647
2026-08-03,27,WIND,neso,6810.0
2026-08-03,28,WIND,elexon,6755
2026-08-03,28,WIND,neso,6888.0
2026-08-03,29,WIND,elexon,6810
2026-08-03,29,WIND,neso,6779.0
2026-08-03,30,WIND,elexon,6888
2026-08-03,30,WIND,neso,6690.0
2026-08-03,31,WIND,elexon,6779
2026-08-03,31,WIND,neso,6593.0
2026-08-03,32,WIND,elexon,6690
2026-08-03,32,WIND,neso,6530.0
2026-08-03,33,WIND,elexon,6593
2026-08-03,33,WIND,neso,6642.0
2026-08-03,34,WIND,elexon,6530
2026-08-03,34,WIND,neso,6916.0
2026-08-03,35,WIND,elexon,6642
2026-08-03,35,WIND,neso,7380.0
2026-08-03,36,WIND,elexon,6916
2026-08-03,36,WIND,neso,7312.0
2026-08-03,37,WIND,elexon,7380
2026-08-03,37,WIND,neso,6941.0
2026-08-03,38,WIND,elexon,7312
2026-08-03,38,WIND,neso,7063.0
2026-08-03,39,WIND,elexon,6941
2026-08-03,39,WIND,neso,6663.0
2026-08-03,40,WIND,elexon,7063
2026-08-03,40,WIND,neso,6687.0
2026-08-03,41,WIND,elexon,6663
2026-08-03,41,WIND,neso,6899.0
2026-08-03,42,WIND,elexon,6687
2026-08-03,42,WIND,neso,7179.0
2026-08-03,43,WIND,elexon,6899
2026-08-03,43,WIND,neso,6863.0
2026-08-03,44,WIND,elexon,7179
2026-08-03,44,WIND,neso,6521.0
2026-08-03,45,WIND,elexon,6863
2026-08-03,45,WIND,neso,6471.0
2026-08-03,46,WIND,elexon,6521
2026-08-03,46,WIND,neso,6555.0
2026-08-03,47,WIND,elexon,6471
2026-08-03,47,WIND,neso,6688.0
2026-08-03,48,WIND,elexon,6555
2026-08-03,48,WIND,neso,6303.0
2026-08-04,1,WIND,elexon,6688
2026-08-04,1,WIND,neso,6103.0
2026-08-04,2,WIND,elexon,6303
2026-08-04,2,WIND,neso,5870.0
2026-08-04,3,WIND,elexon,6103
2026-08-04,3,WIND,neso,5935.0
2026-08-04,4,WIND,elexon,5870
2026-08-04,4,WIND,neso,5943.0
2026-08-04,5,WIND,elexon,5935
2026-08-04,5,WIND,neso,6441.0
2026-08-04,6,WIND,elexon,5943
2026-08-04,6,WIND,neso,6287.0
2026-08-04,7,WIND,elexon,6441
2026-08-04,7,WIND,neso,5763.0
2026-08-04,8,WIND,elexon,6287
2026-08-04,8,WIND,neso,5180.0
2026-08-04,9,WIND,elexon,5763
2026-08-04,9,WIND,neso,4735.0
2026-08-04,10,WIND,elexon,5180
2026-08-04,10,WIND,neso,4572.0
2026-08-04,11,WIND,elexon,4735
2026-08-04,11,WIND,neso,4868.0
2026-08-04,12,WIND,elexon,4572
2026-08-04,12,WIND,neso,5089.0
2026-08-04,13,WIND,elexon,4868
2026-08-04,13,WIND,neso,5339.0
2026-08-04,14,WIND,elexon,5089
2026-08-04,14,WIND,neso,5741.0
2026-08-04,15,WIND,elexon,5339
2026-08-04,15,WIND,neso,5798.0
2026-08-04,16,WIND,elexon,5741
2026-08-04,16,WIND,neso,5850.0
2026-08-04,17,WIND,elexon,5798
2026-08-04,17,WIND,neso,5625.0
2026-08-04,18,WIND,elexon,5850
2026-08-04,18,WIND,neso,5582.0
2026-08-04,19,WIND,elexon,5625
2026-08-04,19,WIND,neso,5575.0
2026-08-04,20,WIND,elexon,5582
2026-08-04,20,WIND,neso,5557.0
2026-08-04,21,WIND,elexon,5575
2026-08-04,21,WIND,neso,5635.0
2026-08-04,22,WIND,elexon,5557
2026-08-04,22,WIND,neso,5699.0
2026-08-04,23,WIND,elexon,5635
2026-08-04,23,WIND,neso,5655.0
2026-08-04,24,WIND,elexon,5699
2026-08-04,24,WIND,neso,5932.0
2026-08-04,25,WIND,elexon,5655
2026-08-04,25,WIND,neso,6057.0
2026-08-04,26,WIND,elexon,5932
2026-08-04,26,WIND,neso,6468.0
2026-08-04,27,WIND,elexon,6057
2026-08-04,27,WIND,neso,6765.0
2026-08-04,28,WIND,elexon,6468
2026-08-04,28,WIND,neso,7320.0
2026-08-04,29,WIND,elexon,6765
2026-08-04,29,WIND,neso,7885.0
2026-08-04,30,WIND,elexon,7320
2026-08-04,30,WIND,neso,8047.0
2026-08-04,31,WIND,elexon,7885
2026-08-04,31,WIND,neso,8415.0
2026-08-04,32,WIND,elexon,8047
2026-08-04,32,WIND,neso,8906.0
2026-08-04,33,WIND,elexon,8415
2026-08-04,33,WIND,neso,9148.0
2026-08-04,34,WIND,elexon,8906
2026-08-04,34,WIND,neso,9279.0
2026-08-04,35,WIND,elexon,9148
2026-08-04,35,WIND,neso,8860.0
2026-08-04,36,WIND,elexon,9279
2026-08-04,36,WIND,neso,8825.0
2026-08-04,37,WIND,elexon,8860
2026-08-04,37,WIND,neso,8977.0
2026-08-04,38,WIND,elexon,8825
2026-08-04,38,WIND,neso,8547.0
2026-08-04,39,WIND,elexon,8977
2026-08-04,39,WIND,neso,8982.0
2026-08-04,40,WIND,elexon,8547
2026-08-04,40,WIND,neso,9739.0
2026-08-04,41,WIND,elexon,8982
2026-08-04,41,WIND,neso,10016.0
2026-08-04,42,WIND,elexon,9739
2026-08-04,42,WIND,neso,10919.0
2026-08-04,43,WIND,elexon,10016
2026-08-04,43,WIND,neso,10919.0
2026-08-04,44,WIND,elexon,10919
2026-08-04,44,WIND,neso,10770.0
2026-08-04,45,WIND,elexon,10919
2026-08-04,45,WIND,neso,10931.0
2026-08-04,46,WIND,elexon,10770
2026-08-04,46,WIND,neso,10670.0
2026-08-04,47,WIND,elexon,10931
2026-08-04,47,WIND,neso,10446.0
2026-08-04,48,WIND,elexon,10670
2026-08-04,48,WIND,neso,10269.0
2026-08-05,1,WIND,elexon,10446
2026-08-05,1,WIND,neso,9733.0
2026-08-05,2,WIND,elexon,10269
2026-08-05,2,WIND,neso,9606.0
2026-08-05,3,WIND,elexon,9733
2026-08-05,3,WIND,neso,9592.0
2026-08-05,4,WIND,elexon,9606
2026-08-05,4,WIND,neso,9809.0
2026-08-05,5,WIND,elexon,9592
2026-08-05,5,WIND,neso,10047.0
2026-08-05,6,WIND,elexon,9809
2026-08-05,6,WIND,neso,10862.0
2026-08-05,7,WIND,elexon,10047
2026-08-05,7,WIND,neso,11808.0
2026-08-05,8,WIND,elexon,10862
2026-08-05,8,WIND,neso,12225.0
2026-08-05,9,WIND,elexon,11808
2026-08-05,9,WIND,neso,12502.0
2026-08-05,10,WIND,elexon,12225
2026-08-05,10,WIND,neso,12433.0
2026-08-05,11,WIND,elexon,12502
2026-08-05,11,WIND,neso,12462.0
2026-08-05,12,WIND,elexon,12433
2026-08-05,12,WIND,neso,12478.0
2026-08-05,13,WIND,elexon,12462
2026-08-05,13,WIND,neso,12863.0
2026-08-05,14,WIND,elexon,12478
2026-08-05,14,WIND,neso,13125.0
2026-08-05,15,WIND,elexon,12863
2026-08-05,15,WIND,neso,13236.0
2026-08-05,16,WIND,elexon,13125
2026-08-05,16,WIND,neso,13143.0
2026-08-05,17,WIND,elexon,13236
2026-08-05,17,WIND,neso,12826.0
2026-08-05,18,WIND,elexon,13143
2026-08-05,18,WIND,neso,12190.0
2026-08-05,19,WIND,elexon,12826
2026-08-05,19,WIND,neso,12096.0
2026-08-05,20,WIND,elexon,12190
2026-08-05,20,WIND,neso,11990.0
2026-08-05,21,WIND,elexon,12096
2026-08-05,21,WIND,neso,11621.0
2026-08-05,22,WIND,elexon,11990
2026-08-05,22,WIND,neso,11479.0
2026-08-05,23,WIND,elexon,11621
2026-08-05,23,WIND,neso,11109.0
2026-08-05,24,WIND,elexon,11479
2026-08-05,24,WIND,neso,11310.0
2026-08-05,25,WIND,elexon,11109
2026-08-05,25,WIND,neso,11715.0
2026-08-05,26,WIND,elexon,11310
2026-08-05,26,WIND,neso,11440.0
2026-08-05,27,WIND,elexon,11715
2026-08-05,27,WIND,neso,11696.0
2026-08-05,28,WIND,elexon,11440
2026-08-05,28,WIND,neso,11409.0
2026-08-05,29,WIND,elexon,11696
2026-08-05,29,WIND,neso,11635.0
2026-08-05,30,WIND,elexon,11409
2026-08-05,30,WIND,neso,11408.0
2026-08-05,31,WIND,elexon,11635
2026-08-05,31,WIND,neso,11372.0
2026-08-05,32,WIND,elexon,11408
2026-08-05,32,WIND,neso,12124.0
2026-08-05,33,WIND,elexon,11372
2026-08-05,33,WIND,neso,12924.0
2026-08-05,34,WIND,elexon,12124
2026-08-05,34,WIND,neso,13894.0
2026-08-05,35,WIND,elexon,12924
2026-08-05,35,WIND,neso,14272.0
2026-08-05,36,WIND,elexon,13894
2026-08-05,36,WIND,neso,14316.0
2026-08-05,37,WIND,elexon,14272
2026-08-05,37,WIND,neso,13894.0
2026-08-05,38,WIND,elexon,14316
2026-08-05,38,WIND,neso,13907.0
2026-08-05,39,WIND,elexon,13894
2026-08-05,39,WIND,neso,13700.0
2026-08-05,40,WIND,elexon,13907
2026-08-05,40,WIND,neso,13166.0
2026-08-05,41,WIND,elexon,13700
2026-08-05,41,WIND,neso,12967.0
2026-08-05,42,WIND,elexon,13166
2026-08-05,42,WIND,neso,12852.0
2026-08-05,43,WIND,elexon,12967
2026-08-05,43,WIND,neso,12919.0
2026-08-05,44,WIND,elexon,12852
2026-08-05,44,WIND,neso,12823.0
2026-08-05,45,WIND,elexon,12919
2026-08-05,45,WIND,neso,12810.0
2026-08-05,46,WIND,elexon,12823
2026-08-05,46,WIND,neso,12780.0
2026-08-05,47,WIND,elexon,12810
2026-08-05,47,WIND,neso,12873.0
2026-08-05,48,WIND,elexon,12780
2026-08-05,48,WIND,neso,12967.0
2026-08-06,1,WIND,elexon,12873
2026-08-06,1,WIND,neso,13297.0
2026-08-06,2,WIND,elexon,12967
2026-08-06,2,WIND,neso,13727.0
2026-08-06,3,WIND,elexon,13297
2026-08-06,3,WIND,neso,13582.0
2026-08-06,4,WIND,elexon,13727
2026-08-06,4,WIND,neso,13470.0
2026-08-06,5,WIND,elexon,13582
2026-08-06,5,WIND,neso,13096.0
2026-08-06,6,WIND,elexon,13470
2026-08-06,6,WIND,neso,13291.0
2026-08-06,7,WIND,elexon,13096
2026-08-06,7,WIND,neso,13694.0
2026-08-06,8,WIND,elexon,13291
2026-08-06,8,WIND,neso,13606.0
2026-08-06,9,WIND,elexon,13694
2026-08-06,9,WIND,neso,13561.0
2026-08-06,10,WIND,elexon,13606
2026-08-06,10,WIND,neso,13201.0
2026-08-06,11,WIND,elexon,13561
2026-08-06,11,WIND,neso,12754.0
2026-08-06,12,WIND,elexon,13201
2026-08-06,12,WIND,neso,12098.0
2026-08-06,13,WIND,elexon,12754
2026-08-06,13,WIND,neso,11979.0
2026-08-06,14,WIND,elexon,12098
2026-08-06,14,WIND,neso,11590.0
2026-08-06,15,WIND,elexon,11979
2026-08-06,15,WIND,neso,11194.0
2026-08-06,16,WIND,elexon,11760
2026-08-06,16,WIND,neso,10806.0
2026-08-06,17,WIND,elexon,11575
2026-08-06,17,WIND,neso,10411.0
2026-08-06,18,WIND,elexon,11519
2026-08-06,18,WIND,neso,10021.0
2026-08-06,19,WIND,elexon,10918
2026-08-06,19,WIND,neso,9629.0
2026-08-06,20,WIND,elexon,10381
2026-08-06,20,WIND,neso,9226.0
2026-08-06,21,WIND,elexon,10005
2026-08-06,21,WIND,neso,8845.0
2026-08-06,22,WIND,elexon,9416
2026-08-06,22,WIND,neso,8463.0
2026-08-06,23,WIND,elexon,9092
2026-08-06,23,WIND,neso,8106.0
2026-08-06,24,WIND,elexon,8795
2026-08-06,24,WIND,neso,7755.0
2026-08-06,25,WIND,elexon,5204
2026-08-06,25,WIND,neso,7406.0
2026-08-06,26,WIND,elexon,1391
2026-08-06,26,WIND,neso,7038.0
2026-08-06,27,WIND,elexon,8181
2026-08-06,27,WIND,neso,6666.0
2026-08-06,28,WIND,elexon,6491
2026-08-06,28,WIND,neso,6294.0
2026-08-06,29,WIND,elexon,6078
2026-08-06,29,WIND,neso,5933.0
2026-08-06,30,WIND,elexon,5424
2026-08-06,30,WIND,neso,5574.0
2026-08-06,31,WIND,elexon,4791
2026-08-06,31,WIND,neso,5208.0
2026-08-06,32,WIND,elexon,4398
2026-08-06,32,WIND,neso,4841.0
2026-08-06,33,WIND,elexon,4137
2026-08-06,33,WIND,neso,4469.0
2026-08-06,34,WIND,elexon,3930
2026-08-06,34,WIND,neso,4108.0
2026-08-06,35,WIND,elexon,3751
2026-08-06,35,WIND,neso,3755.0
2026-08-06,36,WIND,elexon,3623
2026-08-06,36,WIND,neso,3409.0
2026-08-06,37,WIND,elexon,3578
2026-08-06,37,WIND,neso,3138.0
2026-08-06,38,WIND,elexon,3409
2026-08-06,38,WIND,neso,2797.0
2026-08-06,39,WIND,elexon,3138
2026-08-06,39,WIND,neso,2699.0
2026-08-06,40,WIND,elexon,2797
2026-08-06,40,WIND,neso,2500.0
2026-08-06,41,WIND,elexon,2699
2026-08-06,41,WIND,neso,2272.0
2026-08-06,42,WIND,elexon,2500
2026-08-06,42,WIND,neso,2382.0
2026-08-06,43,WIND,elexon,2272
2026-08-06,43,WIND,neso,2176.0
2026-08-06,44,WIND,elexon,2382
2026-08-06,44,WIND,neso,2198.0
2026-08-06,45,WIND,elexon,2176
2026-08-06,45,WIND,neso,2628.0
2026-08-06,46,WIND,elexon,2198
2026-08-06,46,WIND,neso,3065.0
2026-08-06,47,WIND,elexon,2628
2026-08-06,47,WIND,neso,3248.0
2026-08-06,48,WIND,elexon,3065
2026-08-06,48,WIND,neso,3573.0
2026-08-07,1,WIND,elexon,3248
2026-08-07,1,WIND,neso,3561.0
2026-08-07,2,WIND,elexon,3573
2026-08-07,2,WIND,neso,3831.0
2026-08-07,3,WIND,elexon,3561
2026-08-07,3,WIND,neso,3830.0
2026-08-07,4,WIND,elexon,3831
2026-08-07,4,WIND,neso,3771.0
2026-08-07,5,WIND,elexon,3830
2026-08-07,5,WIND,neso,3791.0
2026-08-07,6,WIND,elexon,3771
2026-08-07,6,WIND,neso,3998.0
2026-08-07,7,WIND,elexon,3791
2026-08-07,7,WIND,neso,3924.0
2026-08-07,8,WIND,elexon,3998
2026-08-07,8,WIND,neso,3869.0
2026-08-07,9,WIND,elexon,3924
2026-08-07,9,WIND,neso,4140.0
2026-08-07,10,WIND,elexon,3869
2026-08-07,10,WIND,neso,4391.0
2026-08-07,11,WIND,elexon,4140
2026-08-07,11,WIND,neso,4595.0
2026-08-07,12,WIND,elexon,4391
2026-08-07,12,WIND,neso,4569.0
2026-08-07,13,WIND,elexon,4595
2026-08-07,13,WIND,neso,4482.0
2026-08-07,14,WIND,elexon,4569
2026-08-07,14,WIND,neso,4395.0
2026-08-07,15,WIND,elexon,4482
2026-08-07,15,WIND,neso,4423.0
2026-08-07,16,WIND,elexon,4395
2026-08-07,16,WIND,neso,4822.0
2026-08-07,17,WIND,elexon,4423
2026-08-07,17,WIND,neso,4898.0
2026-08-07,18,WIND,elexon,4822
2026-08-07,18,WIND,neso,5305.0
2026-08-07,19,WIND,elexon,4898
2026-08-07,19,WIND,neso,5685.0
2026-08-07,20,WIND,elexon,5305
2026-08-07,20,WIND,neso,5663.0
2026-08-07,21,WIND,elexon,5685
2026-08-07,21,WIND,neso,5666.0
2026-08-07,22,WIND,elexon,5663
2026-08-07,22,WIND,neso,5715.0
2026-08-07,23,WIND,elexon,5666
2026-08-07,23,WIND,neso,5793.0
2026-08-07,24,WIND,elexon,5715
2026-08-07,24,WIND,neso,5915.0
2026-08-07,25,WIND,elexon,5793
2026-08-07,25,WIND,neso,6296.0
2026-08-07,26,WIND,elexon,5915
2026-08-07,26,WIND,neso,6132.0
2026-08-07,27,WIND,elexon,6296
2026-08-07,27,WIND,neso,6015.0
2026-08-07,28,WIND,elexon,6132
2026-08-07,28,WIND,neso,6724.0
2026-08-07,29,WIND,elexon,6015
2026-08-07,29,WIND,neso,6717.0
2026-08-07,30,WIND,elexon,6724
2026-08-07,30,WIND,neso,6374.0
2026-08-07,31,WIND,elexon,6717
2026-08-07,31,WIND,neso,6159.0
2026-08-07,32,WIND,elexon,6374
2026-08-07,32,WIND,neso,6047.0
2026-08-07,33,WIND,elexon,6159
2026-08-07,33,WIND,neso,6234.0
2026-08-07,34,WIND,elexon,6047
2026-08-07,34,WIND,neso,6331.0
2026-08-07,35,WIND,elexon,6234
2026-08-07,35,WIND,neso,6298.0
2026-08-07,36,WIND,elexon,6331
2026-08-07,36,WIND,neso,6006.0
2026-08-07,37,WIND,elexon,6298
2026-08-07,37,WIND,neso,5552.0
2026-08-07,38,WIND,elexon,6006
2026-08-07,38,WIND,neso,5045.0
2026-08-07,39,WIND,elexon,5552
2026-08-07,39,WIND,neso,4550.0
2026-08-07,40,WIND,elexon,5045
2026-08-07,40,WIND,neso,4913.0
2026-08-07,41,WIND,elexon,4550
2026-08-07,41,WIND,neso,5056.0
2026-08-07,42,WIND,elexon,4913
2026-08-07,42,WIND,neso,5175.0
2026-08-07,43,WIND,elexon,5056
2026-08-07,43,WIND,neso,5546.0
2026-08-07,44,WIND,elexon,5175
2026-08-07,44,WIND,neso,5808.0
2026-08-07,45,WIND,elexon,5546
2026-08-07,45,WIND,neso,5639.0
2026-08-07,46,WIND,elexon,5808
2026-08-07,46,WIND,neso,5661.0
2026-08-07,47,WIND,elexon,5639
2026-08-07,47,WIND,neso,5441.0
2026-08-07,48,WIND,elexon,5661
2026-08-07,48,WIND,neso,5409.0
2026-08-08,1,WIND,elexon,5441
2026-08-08,1,WIND,neso,5448.0
2026-08-08,2,WIND,elexon,5409
2026-08-08,2,WIND,neso,5454.0
2026-08-08,3,WIND,elexon,5448
2026-08-08,3,WIND,neso,5464.0
2026-08-08,4,WIND,elexon,5454
2026-08-08,4,WIND,neso,5341.0
2026-08-08,5,WIND,elexon,5464
2026-08-08,5,WIND,neso,5065.0
2026-08-08,6,WIND,elexon,5341
2026-08-08,6,WIND,neso,4515.0
2026-08-08,7,WIND,elexon,5065
2026-08-08,7,WIND,neso,4300.0
2026-08-08,8,WIND,elexon,4515
2026-08-08,8,WIND,neso,4318.0
2026-08-08,9,WIND,elexon,4300
2026-08-08,9,WIND,neso,4317.0
2026-08-08,10,WIND,elexon,4318
2026-08-08,10,WIND,neso,4268.0
2026-08-08,11,WIND,elexon,4317
2026-08-08,11,WIND,neso,4313.0
2026-08-08,12,WIND,elexon,4268
2026-08-08,12,WIND,neso,4379.0
2026-08-08,13,WIND,elexon,4313
2026-08-08,13,WIND,neso,4435.0
2026-08-08,14,WIND,elexon,4379
2026-08-08,14,WIND,neso,4739.0
2026-08-08,15,WIND,elexon,4435
2026-08-08,15,WIND,neso,4778.0
2026-08-08,16,WIND,elexon,4739
2026-08-08,16,WIND,neso,4729.0
2026-08-08,17,WIND,elexon,4778
2026-08-08,17,WIND,neso,4779.0
2026-08-08,18,WIND,elexon,4729
2026-08-08,18,WIND,neso,5175.0
2026-08-08,19,WIND,elexon,4779
2026-08-08,19,WIND,neso,5571.0
2026-08-08,20,WIND,elexon,5175
2026-08-08,20,WIND,neso,5918.0
2026-08-08,21,WIND,elexon,5571
2026-08-08,21,WIND,neso,6279.0
2026-08-08,22,WIND,elexon,5918
2026-08-08,22,WIND,neso,6486.0
2026-08-08,23,WIND,elexon,6279
2026-08-08,23,WIND,neso,6398.0
2026-08-08,24,WIND,elexon,6486
2026-08-08,24,WIND,neso,6446.0
2026-08-08,25,WIND,elexon,6398
2026-08-08,25,WIND,neso,6609.0
2026-08-08,26,WIND,elexon,6446
2026-08-08,26,WIND,neso,7031.0
2026-08-08,27,WIND,elexon,6609
2026-08-08,27,WIND,neso,7059.0
2026-08-08,28,WIND,elexon,7031
2026-08-08,28,WIND,neso,7030.0
2026-08-08,29,WIND,elexon,7059
2026-08-08,29,WIND,neso,7164.0
2026-08-08,30,WIND,elexon,7030
2026-08-08,30,WIND,neso,7342.0
2026-08-08,31,WIND,elexon,7164
2026-08-08,31,WIND,neso,7380.0
2026-08-08,32,WIND,elexon,7342
2026-08-08,32,WIND,neso,8280.0
2026-08-08,33,WIND,elexon,7380
2026-08-08,33,WIND,neso,8582.0
2026-08-08,34,WIND,elexon,8280
2026-08-08,34,WIND,neso,8763.0
2026-08-08,35,WIND,elexon,8582
2026-08-08,35,WIND,neso,8657.0
2026-08-08,36,WIND,elexon,8763
2026-08-08,36,WIND,neso,8608.0
2026-08-08,37,WIND,elexon,8657
2026-08-08,37,WIND,neso,9099.0
2026-08-08,38,WIND,elexon,8608
2026-08-08,38,WIND,neso,9283.0
2026-08-08,39,WIND,elexon,9099
2026-08-08,39,WIND,neso,9219.0
2026-08-08,40,WIND,elexon,9283
2026-08-08,40,WIND,neso,9060.0
2026-08-08,41,WIND,elexon,9219
2026-08-08,41,WIND,neso,8972.0
2026-08-08,42,WIND,elexon,9060
2026-08-08,42,WIND,neso,9113.0
2026-08-08,43,WIND,elexon,8972
2026-08-08,43,WIND,neso,9084.0
2026-08-08,44,WIND,elexon,9113
2026-08-08,44,WIND,neso,8984.0
2026-08-08,45,WIND,elexon,9084
2026-08-08,45,WIND,neso,8738.0
2026-08-08,46,WIND,elexon,8984
2026-08-08,46,WIND,neso,8568.0
2026-08-08,47,WIND,elexon,8738
2026-08-08,47,WIND,neso,8670.0
2026-08-08,48,WIND,elexon,8568
2026-08-08,48,WIND,neso,8617.0
2026-08-09,1,WIND,elexon,8670
2026-08-09,1,WIND,neso,8542.0
2026-08-09,2,WIND,elexon,8617
2026-08-09,2,WIND,neso,8249.0
2026-08-09,3,WIND,elexon,8542
2026-08-09,3,WIND,neso,7995.0
2026-08-09,4,WIND,elexon,8249
2026-08-09,4,WIND,neso,7606.0
2026-08-09,5,WIND,elexon,7995
2026-08-09,5,WIND,neso,7180.0
2026-08-09,6,WIND,elexon,7606
2026-08-09,6,WIND,neso,7194.0
2026-08-09,7,WIND,elexon,7180
2026-08-09,7,WIND,neso,6872.0
2026-08-09,8,WIND,elexon,7194
2026-08-09,8,WIND,neso,6697.0
2026-08-09,9,WIND,elexon,6872
2026-08-09,9,WIND,neso,6347.0
2026-08-09,10,WIND,elexon,6697
2026-08-09,10,WIND,neso,6372.0
2026-08-09,11,WIND,elexon,6347
2026-08-09,11,WIND,neso,6545.0
2026-08-09,12,WIND,elexon,6372
2026-08-09,12,WIND,neso,6667.0
2026-08-09,13,WIND,elexon,6545
2026-08-09,13,WIND,neso,6240.0
2026-08-09,14,WIND,elexon,6667
2026-08-09,14,WIND,neso,5294.0
2026-08-09,15,WIND,elexon,6240
2026-08-09,15,WIND,neso,4876.0
2026-08-09,16,WIND,elexon,5294
2026-08-09,16,WIND,neso,4726.0
2026-08-09,17,WIND,elexon,4876
2026-08-09,17,WIND,neso,4283.0
2026-08-09,18,WIND,elexon,4726
2026-08-09,18,WIND,neso,3923.0
2026-08-09,19,WIND,elexon,4283
2026-08-09,19,WIND,neso,3934.0
2026-08-09,20,WIND,elexon,3923
2026-08-09,20,WIND,neso,3910.0
2026-08-09,21,WIND,elexon,3934
2026-08-09,21,WIND,neso,4056.0
2026-08-09,22,WIND,elexon,3910
2026-08-09,22,WIND,neso,4065.0
2026-08-09,23,WIND,elexon,4056
2026-08-09,23,WIND,neso,4051.0
2026-08-09,24,WIND,elexon,4065
2026-08-09,24,WIND,neso,4237.0
2026-08-09,25,WIND,elexon,4051
2026-08-09,25,WIND,neso,4456.0
2026-08-09,26,WIND,elexon,4237
2026-08-09,26,WIND,neso,4417.0
2026-08-09,27,WIND,elexon,4456
2026-08-09,27,WIND,neso,4257.0
2026-08-09,28,WIND,elexon,4417
2026-08-09,28,WIND,neso,4261.0
2026-08-09,29,WIND,elexon,4257
2026-08-09,29,WIND,neso,4160.0
2026-08-09,30,WIND,elexon,4261
2026-08-09,30,WIND,neso,4278.0
2026-08-09,31,WIND,elexon,4160
2026-08-09,31,WIND,neso,4328.0
2026-08-09,32,WIND,elexon,4278
2026-08-09,32,WIND,neso,4064.0
2026-08-09,33,WIND,elexon,4328
2026-08-09,33,WIND,neso,3948.0
2026-08-09,34,WIND,elexon,4064
2026-08-09,34,WIND,neso,4264.0
2026-08-09,35,WIND,elexon,3948
2026-08-09,35,WIND,neso,4573.0
2026-08-09,36,WIND,elexon,4264
2026-08-09,36,WIND,neso,4750.0
2026-08-09,37,WIND,elexon,4573
2026-08-09,37,WIND,neso,4740.0
2026-08-09,38,WIND,elexon,4750
2026-08-09,38,WIND,neso,4455.0
2026-08-09,39,WIND,elexon,4740
2026-08-09,39,WIND,neso,4614.0
2026-08-09,40,WIND,elexon,4455
2026-08-09,40,WIND,neso,5033.0
2026-08-09,41,WIND,elexon,4614
2026-08-09,41,WIND,neso,5385.0
2026-08-09,42,WIND,elexon,5033
2026-08-09,42,WIND,neso,5504.0
2026-08-09,43,WIND,elexon,5385
2026-08-09,43,WIND,neso,5677.0
2026-08-09,44,WIND,elexon,5504
2026-08-09,44,WIND,neso,6463.0
2026-08-09,45,WIND,elexon,5677
2026-08-09,45,WIND,neso,6978.0
2026-08-09,46,WIND,elexon,6463
2026-08-09,46,WIND,neso,6975.0
2026-08-09,47,WIND,elexon,6978
2026-08-09,47,WIND,neso,6558.0
2026-08-09,48,WIND,elexon,6975
2026-08-09,48,WIND,neso,6228.0
2026-08-10,1,WIND,elexon,6558
2026-08-10,1,WIND,neso,6537.0
2026-08-10,2,WIND,elexon,6228
2026-08-10,2,WIND,neso,6945.0
2026-08-10,3,WIND,elexon,6537
2026-08-10,3,WIND,neso,6732.0
2026-08-10,4,WIND,elexon,6945
2026-08-10,4,WIND,neso,6740.0
2026-08-10,5,WIND,elexon,6732
2026-08-10,5,WIND,neso,6450.0
2026-08-10,6,WIND,elexon,6740
2026-08-10,6,WIND,neso,6804.0
2026-08-10,7,WIND,elexon,6450
2026-08-10,7,WIND,neso,7002.0
2026-08-10,8,WIND,elexon,6804
2026-08-10,8,WIND,neso,6612.0
2026-08-10,9,WIND,elexon,7002
2026-08-10,9,WIND,neso,6136.0
2026-08-10,10,WIND,elexon,6612
2026-08-10,10,WIND,neso,5870.0
2026-08-10,11,WIND,elexon,6136
2026-08-10,11,WIND,neso,5414.0
2026-08-10,12,WIND,elexon,5870
2026-08-10,12,WIND,neso,4860.0
2026-08-10,13,WIND,elexon,5414
2026-08-10,13,WIND,neso,4540.0
2026-08-10,14,WIND,elexon,4860
2026-08-10,14,WIND,neso,4434.0
2026-08-10,15,WIND,elexon,4540
2026-08-10,15,WIND,neso,4180.0
2026-08-10,16,WIND,elexon,4434
2026-08-10,16,WIND,neso,4193.0
2026-08-10,17,WIND,elexon,4180
2026-08-10,17,WIND,neso,4624.0
2026-08-10,18,WIND,elexon,4193
2026-08-10,18,WIND,neso,4721.0
2026-08-10,19,WIND,elexon,4624
2026-08-10,19,WIND,neso,4668.0
2026-08-10,20,WIND,elexon,4721
2026-08-10,20,WIND,neso,4492.0
2026-08-10,21,WIND,elexon,4668
2026-08-10,21,WIND,neso,4541.0
2026-08-10,22,WIND,elexon,4492
2026-08-10,22,WIND,neso,4685.0
2026-08-10,23,WIND,elexon,4541
2026-08-10,23,WIND,neso,4595.0
2026-08-10,24,WIND,elexon,4685
2026-08-10,24,WIND,neso,4614.0
2026-08-10,25,WIND,elexon,4595
2026-08-10,25,WIND,neso,4738.0
2026-08-10,26,WIND,elexon,4614
2026-08-10,26,WIND,neso,4496.0
2026-08-10,27,WIND,elexon,4738
2026-08-10,27,WIND,neso,4491.0
2026-08-10,28,WIND,elexon,4496
2026-08-10,28,WIND,neso,4583.0
2026-08-10,29,WIND,elexon,4491
2026-08-10,29,WIND,neso,4558.0
2026-08-10,30,WIND,elexon,4583
2026-08-10,30,WIND,neso,4404.0
2026-08-10,31,WIND,elexon,4558
2026-08-10,31,WIND,neso,4138.0
2026-08-10,32,WIND,elexon,4404
2026-08-10,32,WIND,neso,3882.0
2026-08-10,33,WIND,elexon,4138
2026-08-10,33,WIND,neso,3776.0
2026-08-10,34,WIND,elexon,3882
2026-08-10,34,WIND,neso,3489.0
2026-08-10,35,WIND,elexon,3776
2026-08-10,35,WIND,neso,3396.0
2026-08-10,36,WIND,elexon,3489
2026-08-10,36,WIND,neso,3179.0
2026-08-10,37,WIND,elexon,3396
2026-08-10,37,WIND,neso,2814.0
2026-08-10,38,WIND,elexon,3179
2026-08-10,38,WIND,neso,2497.0
2026-08-10,39,WIND,elexon,2814
2026-08-10,39,WIND,neso,2316.0
2026-08-10,40,WIND,elexon,2497
2026-08-10,40,WIND,neso,2226.0
2026-08-10,41,WIND,elexon,2316
2026-08-10,41,WIND,neso,2046.0
2026-08-10,42,WIND,elexon,2226
2026-08-10,42,WIND,neso,1881.0
2026-08-10,43,WIND,elexon,2046
2026-08-10,43,WIND,neso,1635.0
2026-08-10,44,WIND,elexon,1881
2026-08-10,44,WIND,neso,1557.0
2026-08-10,45,WIND,elexon,1635
2026-08-10,45,WIND,neso,1471.0
2026-08-10,46,WIND,elexon,1557
2026-08-10,46,WIND,neso,1409.0
2026-08-10,47,WIND,elexon,1471
2026-08-10,47,WIND,neso,1342.0
2026-08-10,48,WIND,elexon,1409
2026-08-10,48,WIND,neso,1262.0
2026-08-11,1,WIND,elexon,1342
2026-08-11,1,WIND,neso,1237.0
2026-08-11,2,WIND,elexon,1262
2026-08-11,2,WIND,neso,1276.0
2026-08-11,3,WIND,elexon,1237
2026-08-11,3,WIND,neso,1294.0
2026-08-11,4,WIND,elexon,1276
2026-08-11,4,WIND,neso,1190.0
2026-08-11,5,WIND,elexon,1294
2026-08-11,5,WIND,neso,1183.0
2026-08-11,6,WIND,elexon,1190
2026-08-11,6,WIND,neso,1151.0
2026-08-11,7,WIND,elexon,1183
2026-08-11,7,WIND,neso,1187.0
2026-08-11,8,WIND,elexon,1151
2026-08-11,8,WIND,neso,1306.0
2026-08-11,9,WIND,elexon,1187
2026-08-11,9,WIND,neso,1472.0
2026-08-11,10,WIND,elexon,1306
2026-08-11,10,WIND,neso,1687.0
2026-08-11,11,WIND,elexon,1472
2026-08-11,11,WIND,neso,1980.0
2026-08-11,12,WIND,elexon,1687
2026-08-11,12,WIND,neso,2199.0
2026-08-11,13,WIND,elexon,1980
2026-08-11,13,WIND,neso,2343.0
2026-08-11,14,WIND,elexon,2199
2026-08-11,14,WIND,neso,2439.0
2026-08-11,15,WIND,elexon,2343
2026-08-11,15,WIND,neso,2667.0
2026-08-11,16,WIND,elexon,2439
2026-08-11,16,WIND,neso,2859.0
2026-08-11,17,WIND,elexon,2667
2026-08-11,17,WIND,neso,3017.0
2026-08-11,18,WIND,elexon,2859
2026-08-11,18,WIND,neso,3330.0
2026-08-11,19,WIND,elexon,3017
2026-08-11,19,WIND,neso,3659.0
2026-08-11,20,WIND,elexon,3330
2026-08-11,20,WIND,neso,3927.0
2026-08-11,21,WIND,elexon,3659
2026-08-11,21,WIND,neso,4003.0
2026-08-11,22,WIND,elexon,3927
2026-08-11,22,WIND,neso,4020.0
2026-08-11,23,WIND,elexon,4003
2026-08-11,23,WIND,neso,4101.0
2026-08-11,24,WIND,elexon,4020
2026-08-11,24,WIND,neso,4316.0
2026-08-11,25,WIND,elexon,4101
2026-08-11,25,WIND,neso,4604.0
2026-08-11,26,WIND,elexon,4316
2026-08-11,26,WIND,neso,4827.0
2026-08-11,27,WIND,elexon,4604
2026-08-11,27,WIND,neso,4896.0
2026-08-11,28,WIND,elexon,4827
2026-08-11,28,WIND,neso,5237.0
2026-08-11,29,WIND,elexon,4896
2026-08-11,29,WIND,neso,5698.0
2026-08-11,30,WIND,elexon,5237
2026-08-11,30,WIND,neso,6180.0
2026-08-11,31,WIND,elexon,5698
2026-08-11,31,WIND,neso,6434.0
2026-08-11,32,WIND,elexon,6180
2026-08-11,32,WIND,neso,6608.0
2026-08-11,33,WIND,elexon,6434
2026-08-11,33,WIND,neso,7099.0
2026-08-11,34,WIND,elexon,6608
2026-08-11,34,WIND,neso,7498.0
2026-08-11,35,WIND,elexon,7099
2026-08-11,35,WIND,neso,7871.0
2026-08-11,36,WIND,elexon,7498
2026-08-11,36,WIND,neso,7867.0
2026-08-11,37,WIND,elexon,7871
2026-08-11,37,WIND,neso,7787.0
2026-08-11,38,WIND,elexon,7867
2026-08-11,38,WIND,neso,7775.0
2026-08-11,39,WIND,elexon,7787
2026-08-11,39,WIND,neso,7884.0
2026-08-11,40,WIND,elexon,7775
2026-08-11,40,WIND,neso,8020.0
2026-08-11,41,WIND,elexon,7884
2026-08-11,41,WIND,neso,8246.0
2026-08-11,42,WIND,elexon,8020
2026-08-11,42,WIND,neso,8594.0
2026-08-11,43,WIND,elexon,8246
2026-08-11,43,WIND,neso,8619.0
2026-08-11,44,WIND,elexon,8594
2026-08-11,44,WIND,neso,8693.0
2026-08-11,45,WIND,elexon,8619
2026-08-11,45,WIND,neso,8738.0
2026-08-11,46,WIND,elexon,8693
2026-08-11,46,WIND,neso,9048.0
2026-08-11,47,WIND,elexon,8738
2026-08-11,47,WIND,neso,8889.0
2026-08-11,48,WIND,elexon,9048
2026-08-11,48,WIND,neso,8918.0
2026-08-12,1,WIND,elexon,8889
2026-08-12,1,WIND,neso,8905.0
2026-08-12,2,WIND,elexon,8918
2026-08-12,2,WIND,neso,8956.0
2026-08-12,3,WIND,elexon,8905
2026-08-12,3,WIND,neso,9453.0
2026-08-12,4,WIND,elexon,8956
2026-08-12,4,WIND,neso,9771.0
2026-08-12,5,WIND,elexon,9453
2026-08-12,5,WIND,neso,9876.0
2026-08-12,6,WIND,elexon,9771
2026-08-12,6,WIND,neso,9702.0
2026-08-12,7,WIND,elexon,9876
2026-08-12,7,WIND,neso,9708.0
2026-08-12,8,WIND,elexon,9702
2026-08-12,8,WIND,neso,9363.0
2026-08-12,9,WIND,elexon,9708
2026-08-12,9,WIND,neso,9085.0
2026-08-12,10,WIND,elexon,9363
2026-08-12,10,WIND,neso,8859.0
2026-08-12,11,WIND,elexon,9085
2026-08-12,11,WIND,neso,8441.0
2026-08-12,12,WIND,elexon,8859
2026-08-12,12,WIND,neso,8188.0
2026-08-12,13,WIND,elexon,8441
2026-08-12,13,WIND,neso,7878.0
2026-08-12,14,WIND,elexon,8188
2026-08-12,14,WIND,neso,7538.0
2026-08-12,15,WIND,elexon,7878
2026-08-12,15,WIND,neso,6949.0
2026-08-12,16,WIND,elexon,7538
2026-08-12,16,WIND,neso,6634.0
2026-08-12,17,WIND,elexon,6949
2026-08-12,17,WIND,neso,6605.0
2026-08-12,18,WIND,elexon,6634
2026-08-12,18,WIND,neso,6321.0
2026-08-12,19,WIND,elexon,6605
2026-08-12,19,WIND,neso,5805.0
2026-08-12,20,WIND,elexon,6321
2026-08-12,20,WIND,neso,5372.0
2026-08-12,21,WIND,elexon,5805
2026-08-12,21,WIND,neso,5231.0
2026-08-12,22,WIND,elexon,5372
2026-08-12,22,WIND,neso,5431.0
2026-08-12,23,WIND,elexon,5231
2026-08-12,23,WIND,neso,5512.0
2026-08-12,24,WIND,elexon,5431
2026-08-12,24,WIND,neso,5505.0
2026-08-12,25,WIND,elexon,5512
2026-08-12,25,WIND,neso,5637.0
2026-08-12,26,WIND,elexon,5505
2026-08-12,26,WIND,neso,5664.0
2026-08-12,27,WIND,elexon,5637
2026-08-12,27,WIND,neso,5433.0
2026-08-12,28,WIND,elexon,5664
2026-08-12,28,WIND,neso,5421.0
2026-08-12,29,WIND,elexon,5433
2026-08-12,29,WIND,neso,5383.0
2026-08-12,30,WIND,elexon,5421
2026-08-12,30,WIND,neso,5641.0
2026-08-12,31,WIND,elexon,5383
2026-08-12,31,WIND,neso,5736.0
2026-08-12,32,WIND,elexon,5641
2026-08-12,32,WIND,neso,5703.0
2026-08-12,33,WIND,elexon,5736
2026-08-12,33,WIND,neso,5610.0
2026-08-12,34,WIND,elexon,5703
2026-08-12,34,WIND,neso,5533.0
2026-08-12,35,WIND,elexon,5610
2026-08-12,35,WIND,neso,5377.0
2026-08-12,36,WIND,elexon,5533
2026-08-12,36,WIND,neso,5438.0
2026-08-12,37,WIND,elexon,5377
2026-08-12,37,WIND,neso,5323.0
2026-08-12,38,WIND,elexon,5438
2026-08-12,38,WIND,neso,5433.0
2026-08-12,39,WIND,elexon,5323
2026-08-12,39,WIND,neso,5544.0
2026-08-12,40,WIND,elexon,5433
2026-08-12,40,WIND,neso,5409.0
2026-08-12,41,WIND,elexon,5544
2026-08-12,41,WIND,neso,5500.0
2026-08-12,42,WIND,elexon,5409
2026-08-12,42,WIND,neso,5426.0
2026-08-12,43,WIND,elexon,5500
2026-08-12,43,WIND,neso,5338.0
2026-08-12,44,WIND,elexon,5426
2026-08-12,44,WIND,neso,5084.0
2026-08-12,45,WIND,elexon,5338
2026-08-12,45,WIND,neso,4754.0
2026-08-12,46,WIND,elexon,5084
2026-08-12,46,WIND,neso,4535.0
2026-08-12,47,WIND,elexon,4754
2026-08-12,47,WIND,neso,4386.0
2026-08-12,48,WIND,elexon,4535
2026-08-12,48,WIND,neso,4195.0
2026-08-13,1,WIND,elexon,4386
2026-08-13,1,WIND,neso,4071.0
2026-08-13,2,WIND,elexon,4195
2026-08-13,2,WIND,neso,3910.0
2026-08-13,3,WIND,elexon,4071
2026-08-13,3,WIND,neso,3608.0
2026-08-13,4,WIND,elexon,3910
2026-08-13,4,WIND,neso,3120.0
2026-08-13,5,WIND,elexon,3608
2026-08-13,5,WIND,neso,2802.0
2026-08-13,6,WIND,elexon,3120
2026-08-13,6,WIND,neso,2428.0
2026-08-13,7,WIND,elexon,2802
2026-08-13,7,WIND,neso,2132.0
2026-08-13,8,WIND,elexon,2428
2026-08-13,8,WIND,neso,1979.0
2026-08-13,9,WIND,elexon,2132
2026-08-13,9,WIND,neso,1776.0
2026-08-13,10,WIND,elexon,1979
2026-08-13,10,WIND,neso,1608.0
2026-08-13,11,WIND,elexon,1776
2026-08-13,11,WIND,neso,1348.0
2026-08-13,12,WIND,elexon,1608
2026-08-13,12,WIND,neso,1348.0
2026-08-13,13,WIND,elexon,1348
2026-08-13,13,WIND,neso,1353.0
2026-08-13,14,WIND,elexon,1348
2026-08-13,14,WIND,neso,1316.0
2026-08-13,15,WIND,elexon,1353
2026-08-13,15,WIND,neso,1190.0
2026-08-13,16,WIND,elexon,1316
2026-08-13,16,WIND,neso,1111.0
2026-08-13,17,WIND,elexon,1190
2026-08-13,17,WIND,neso,1191.0
2026-08-13,18,WIND,elexon,1111
2026-08-13,18,WIND,neso,1193.0
2026-08-13,19,WIND,elexon,1191
2026-08-13,19,WIND,neso,1168.0
2026-08-13,20,WIND,elexon,1193
2026-08-13,20,WIND,neso,1183.0
2026-08-13,21,WIND,elexon,1168
2026-08-13,21,WIND,neso,1123.0
2026-08-13,22,WIND,elexon,1183
2026-08-13,22,WIND,neso,1040.0
2026-08-13,23,WIND,elexon,1123
2026-08-13,23,WIND,neso,1054.0
2026-08-13,24,WIND,elexon,1040
2026-08-13,24,WIND,neso,1097.0
2026-08-13,25,WIND,elexon,1054
2026-08-13,25,WIND,neso,1279.0
2026-08-13,26,WIND,elexon,1097
2026-08-13,26,WIND,neso,1491.0
2026-08-13,27,WIND,elexon,1279
2026-08-13,27,WIND,neso,1644.0
2026-08-13,28,WIND,elexon,1491
2026-08-13,28,WIND,neso,1712.0
2026-08-13,29,WIND,elexon,1644
2026-08-13,29,WIND,neso,1826.0
2026-08-13,30,WIND,elexon,1712
2026-08-13,30,WIND,neso,1979.0
2026-08-13,31,WIND,elexon,1826
2026-08-13,31,WIND,neso,2104.0
2026-08-13,32,WIND,elexon,1979
2026-08-13,32,WIND,neso,2099.0
2026-08-13,33,WIND,elexon,2104
2026-08-13,33,WIND,neso,2152.0
2026-08-13,34,WIND,elexon,2099
2026-08-13,34,WIND,neso,2078.0
2026-08-13,35,WIND,elexon,2152
2026-08-13,35,WIND,neso,2020.0
2026-08-13,36,WIND,elexon,2078
2026-08-13,36,WIND,neso,1992.0
2026-08-13,37,WIND,elexon,2020
2026-08-13,37,WIND,neso,1919.0
2026-08-13,38,WIND,elexon,1992
2026-08-13,38,WIND,neso,1876.0
2026-08-13,39,WIND,elexon,1919
2026-08-13,39,WIND,neso,1943.0
2026-08-13,40,WIND,elexon,1876
2026-08-13,40,WIND,neso,1995.0
2026-08-13,41,WIND,elexon,1943
2026-08-13,41,WIND,neso,2090.0
2026-08-13,42,WIND,elexon,1995
2026-08-13,42,WIND,neso,2020.0
2026-08-13,43,WIND,elexon,2090
2026-08-13,43,WIND,neso,1927.0
2026-08-13,44,WIND,elexon,2020
2026-08-13,44,WIND,neso,1987.0
2026-08-13,45,WIND,elexon,1927
2026-08-13,45,WIND,neso,2024.0
2026-08-13,46,WIND,elexon,1987
2026-08-13,46,WIND,neso,1906.0
2026-08-13,47,WIND,elexon,2024
2026-08-13,47,WIND,neso,1943.0
2026-08-13,48,WIND,elexon,1906
2026-08-13,48,WIND,neso,2159.0
2026-08-14,1,WIND,elexon,1943
2026-08-14,1,WIND,neso,2411.0
2026-08-14,2,WIND,elexon,2159
2026-08-14,2,WIND,neso,2558.0
2026-08-14,3,WIND,elexon,2411
2026-08-14,3,WIND,neso,2492.0
2026-08-14,4,WIND,elexon,2558
2026-08-14,4,WIND,neso,2370.0
2026-08-14,5,WIND,elexon,2492
2026-08-14,5,WIND,neso,2185.0
2026-08-14,6,WIND,elexon,2370
2026-08-14,6,WIND,neso,2389.0
2026-08-14,7,WIND,elexon,2185
2026-08-14,7,WIND,neso,2433.0
2026-08-14,8,WIND,elexon,2389
2026-08-14,8,WIND,neso,2352.0
2026-08-14,9,WIND,elexon,2433
2026-08-14,9,WIND,neso,2483.0
2026-08-14,10,WIND,elexon,2352
2026-08-14,10,WIND,neso,2687.0
2026-08-14,11,WIND,elexon,2483
2026-08-14,11,WIND,neso,2730.0
2026-08-14,12,WIND,elexon,2687
2026-08-14,12,WIND,neso,2913.0
2026-08-14,13,WIND,elexon,2730
2026-08-14,13,WIND,neso,2950.0
2026-08-14,14,WIND,elexon,2913
2026-08-14,14,WIND,neso,3058.0
2026-08-14,15,WIND,elexon,2950
2026-08-14,15,WIND,neso,3360.0
2026-08-14,16,WIND,elexon,3058
2026-08-14,16,WIND,neso,3593.0
2026-08-14,17,WIND,elexon,3360
2026-08-14,17,WIND,neso,3699.0
2026-08-14,18,WIND,elexon,3593
2026-08-14,18,WIND,neso,3800.0
2026-08-14,19,WIND,elexon,3699
2026-08-14,19,WIND,neso,4106.0
2026-08-14,20,WIND,elexon,3800
2026-08-14,20,WIND,neso,4212.0
2026-08-14,21,WIND,elexon,4106
2026-08-14,21,WIND,neso,4220.0
2026-08-14,22,WIND,elexon,4212
2026-08-14,22,WIND,neso,4060.0
2026-08-14,23,WIND,elexon,4220
2026-08-14,23,WIND,neso,4161.0
2026-08-14,24,WIND,elexon,4060
2026-08-14,24,WIND,neso,4421.0
2026-08-14,25,WIND,elexon,4161
2026-08-14,25,WIND,neso,4504.0
2026-08-14,26,WIND,elexon,4421
2026-08-14,26,WIND,neso,4661.0
2026-08-14,27,WIND,elexon,4504
2026-08-14,27,WIND,neso,4785.0
2026-08-14,28,WIND,elexon,4661
2026-08-14,28,WIND,neso,4744.0
2026-08-14,29,WIND,elexon,4785
2026-08-14,29,WIND,neso,4583.0
2026-08-14,30,WIND,elexon,4744
2026-08-14,30,WIND,neso,4523.0
2026-08-14,31,WIND,elexon,4583
2026-08-14,31,WIND,neso,4371.0
2026-08-14,32,WIND,elexon,4523
2026-08-14,32,WIND,neso,4093.0
2026-08-14,33,WIND,elexon,4371
2026-08-14,33,WIND,neso,4035.0
2026-08-14,34,WIND,elexon,4093
2026-08-14,34,WIND,neso,4025.0
2026-08-14,35,WIND,elexon,4035
2026-08-14,35,WIND,neso,3913.0
2026-08-14,36,WIND,elexon,4025
2026-08-14,36,WIND,neso,3783.0
2026-08-14,37,WIND,elexon,3913
2026-08-14,37,WIND,neso,3607.0
2026-08-14,38,WIND,elexon,3783
2026-08-14,38,WIND,neso,3474.0
2026-08-14,39,WIND,elexon,3607
2026-08-14,39,WIND,neso,3328.0
2026-08-14,40,WIND,elexon,3474
2026-08-14,40,WIND,neso,3360.0
2026-08-14,41,WIND,elexon,3328
2026-08-14,41,WIND,neso,3226.0
2026-08-14,42,WIND,elexon,3360
2026-08-14,42,WIND,neso,3431.0
2026-08-14,43,WIND,elexon,3226
2026-08-14,43,WIND,neso,3804.0
2026-08-14,44,WIND,elexon,3431
2026-08-14,44,WIND,neso,3838.0
2026-08-14,45,WIND,elexon,3804
2026-08-14,45,WIND,neso,3895.0
2026-08-14,46,WIND,elexon,3838
2026-08-14,46,WIND,neso,3951.0
2026-08-14,47,WIND,elexon,3895
2026-08-14,47,WIND,neso,3752.0
2026-08-14,48,WIND,elexon,3951
2026-08-14,48,WIND,neso,3882.0
2026-08-15,1,WIND,elexon,3752
2026-08-15,1,WIND,neso,4084.0
2026-08-15,2,WIND,elexon,3882
2026-08-15,2,WIND,neso,4321.0
2026-08-15,3,WIND,elexon,4084
2026-08-15,3,WIND,neso,4062.0
2026-08-15,4,WIND,elexon,4321
2026-08-15,4,WIND,neso,4363.0
2026-08-15,5,WIND,elexon,4062
2026-08-15,5,WIND,neso,4658.0
2026-08-15,6,WIND,elexon,4363
2026-08-15,6,WIND,neso,5146.0
2026-08-15,7,WIND,elexon,4658
2026-08-15,7,WIND,neso,5060.0
2026-08-15,8,WIND,elexon,5146
2026-08-15,8,WIND,neso,4798.0
2026-08-15,9,WIND,elexon,5060
2026-08-15,9,WIND,neso,4681.0
2026-08-15,10,WIND,elexon,4798
2026-08-15,10,WIND,neso,4505.0
2026-08-15,11,WIND,elexon,4681
2026-08-15,11,WIND,neso,4592.0
2026-08-15,12,WIND,elexon,4505
2026-08-15,12,WIND,neso,5010.0
2026-08-15,13,WIND,elexon,4592
2026-08-15,13,WIND,neso,5243.0
2026-08-15,14,WIND,elexon,5010
2026-08-15,14,WIND,neso,5346.0
2026-08-15,15,WIND,elexon,5243
2026-08-15,15,WIND,neso,5272.0
2026-08-15,16,WIND,elexon,5346
2026-08-15,16,WIND,neso,5226.0
2026-08-15,17,WIND,elexon,5272
2026-08-15,17,WIND,neso,5022.0
2026-08-15,18,WIND,elexon,5226
2026-08-15,18,WIND,neso,4885.0
2026-08-15,19,WIND,elexon,5022
2026-08-15,19,WIND,neso,4800.0
2026-08-15,20,WIND,elexon,4885
2026-08-15,20,WIND,neso,4521.0
2026-08-15,21,WIND,elexon,4800
2026-08-15,21,WIND,neso,4311.0
2026-08-15,22,WIND,elexon,4521
2026-08-15,22,WIND,neso,4199.0
2026-08-15,23,WIND,elexon,4311
2026-08-15,23,WIND,neso,4365.0
2026-08-15,24,WIND,elexon,4199
2026-08-15,24,WIND,neso,4442.0
2026-08-15,25,WIND,elexon,4365
2026-08-15,25,WIND,neso,4434.0
2026-08-15,26,WIND,elexon,4442
2026-08-15,26,WIND,neso,4747.0
2026-08-15,27,WIND,elexon,4434
2026-08-15,27,WIND,neso,4756.0
2026-08-15,28,WIND,elexon,4747
2026-08-15,28,WIND,neso,5102.0
2026-08-15,29,WIND,elexon,4756
2026-08-15,29,WIND,neso,5142.0
2026-08-15,30,WIND,elexon,5102
2026-08-15,30,WIND,neso,5007.0
2026-08-15,31,WIND,elexon,5142
2026-08-15,31,WIND,neso,4652.0
2026-08-15,32,WIND,elexon,5007
2026-08-15,32,WIND,neso,4491.0
2026-08-15,33,WIND,elexon,4652
2026-08-15,33,WIND,neso,4443.0
2026-08-15,34,WIND,elexon,4491
2026-08-15,34,WIND,neso,4263.0
2026-08-15,35,WIND,elexon,4443
2026-08-15,35,WIND,neso,3982.0
2026-08-15,36,WIND,elexon,4263
2026-08-15,36,WIND,neso,3705.0
2026-08-15,37,WIND,elexon,3982
2026-08-15,37,WIND,neso,3580.0
2026-08-15,38,WIND,elexon,3705
2026-08-15,38,WIND,neso,3635.0
2026-08-15,39,WIND,elexon,3580
2026-08-15,39,WIND,neso,3423.0
2026-08-15,40,WIND,elexon,3635
2026-08-15,40,WIND,neso,3112.0
2026-08-15,41,WIND,elexon,3423
2026-08-15,41,WIND,neso,2992.0
2026-08-15,42,WIND,elexon,3112
2026-08-15,42,WIND,neso,2791.0
2026-08-15,43,WIND,elexon,2992
2026-08-15,43,WIND,neso,2651.0
2026-08-15,44,WIND,elexon,2791
2026-08-15,44,WIND,neso,2510.0
2026-08-15,45,WIND,elexon,2651
2026-08-15,45,WIND,neso,2374.0
2026-08-15,46,WIND,elexon,2510
2026-08-15,46,WIND,neso,2192.0
2026-08-15,47,WIND,elexon,2374
2026-08-15,47,WIND,neso,2092.0
2026-08-15,48,WIND,elexon,2192
2026-08-15,48,WIND,neso,2064.0
2026-08-16,1,WIND,elexon,2092
2026-08-16,1,WIND,neso,1903.0
2026-08-16,2,WIND,elexon,2064
2026-08-16,2,WIND,neso,1709.0
2026-08-16,3,WIND,elexon,1903
2026-08-16,3,WIND,neso,1464.0
2026-08-16,4,WIND,elexon,1709
2026-08-16,4,WIND,neso,1357.0
2026-08-16,5,WIND,elexon,1464
2026-08-16,5,WIND,neso,1241.0
2026-08-16,6,WIND,elexon,1357
2026-08-16,6,WIND,neso,1097.0
2026-08-16,7,WIND,elexon,1241
2026-08-16,7,WIND,neso,936.0
2026-08-16,8,WIND,elexon,1097
2026-08-16,8,WIND,neso,830.0
2026-08-16,9,WIND,elexon,936
2026-08-16,9,WIND,neso,730.0
2026-08-16,10,WIND,elexon,830
2026-08-16,10,WIND,neso,710.0
2026-08-16,11,WIND,elexon,730
2026-08-16,11,WIND,neso,679.0
2026-08-16,12,WIND,elexon,710
2026-08-16,12,WIND,neso,624.0
2026-08-16,13,WIND,elexon,679
2026-08-16,13,WIND,neso,598.0
2026-08-16,14,WIND,elexon,624
2026-08-16,14,WIND,neso,549.0
2026-08-16,15,WIND,elexon,598
2026-08-16,15,WIND,neso,504.0
2026-08-16,16,WIND,elexon,549
2026-08-16,16,WIND,neso,511.0
2026-08-16,17,WIND,elexon,504
2026-08-16,17,WIND,neso,488.0
2026-08-16,18,WIND,elexon,511
2026-08-16,18,WIND,neso,443.0
2026-08-16,19,WIND,elexon,488
2026-08-16,19,WIND,neso,427.0
2026-08-16,20,WIND,elexon,443
2026-08-16,20,WIND,neso,453.0
2026-08-16,21,WIND,elexon,427
2026-08-16,21,WIND,neso,467.0
2026-08-16,22,WIND,elexon,453
2026-08-16,22,WIND,neso,556.0
2026-08-16,23,WIND,elexon,467
2026-08-16,23,WIND,neso,657.0
2026-08-16,24,WIND,elexon,556
2026-08-16,24,WIND,neso,786.0
2026-08-16,25,WIND,elexon,657
2026-08-16,25,WIND,neso,980.0
2026-08-16,26,WIND,elexon,786
2026-08-16,26,WIND,neso,1010.0
2026-08-16,27,WIND,elexon,980
2026-08-16,27,WIND,neso,1021.0
2026-08-16,28,WIND,elexon,1010
2026-08-16,28,WIND,neso,1081.0
2026-08-16,29,WIND,elexon,1021
2026-08-16,29,WIND,neso,1054.0
2026-08-16,30,WIND,elexon,1081
2026-08-16,30,WIND,neso,1062.0
2026-08-16,31,WIND,elexon,1054
2026-08-16,31,WIND,neso,987.0
2026-08-16,32,WIND,elexon,1062
2026-08-16,32,WIND,neso,948.0
2026-08-16,33,WIND,elexon,987
2026-08-16,33,WIND,neso,891.0
2026-08-16,34,WIND,elexon,948
2026-08-16,34,WIND,neso,770.0
2026-08-16,35,WIND,elexon,891
2026-08-16,35,WIND,neso,885.0
2026-08-16,36,WIND,elexon,770
2026-08-16,36,WIND,neso,944.0
2026-08-16,37,WIND,elexon,885
2026-08-16,37,WIND,neso,828.0
2026-08-16,38,WIND,elexon,944
2026-08-16,38,WIND,neso,659.0
2026-08-16,39,WIND,elexon,828
2026-08-16,39,WIND,neso,589.0
2026-08-16,40,WIND,elexon,659
2026-08-16,40,WIND,neso,631.0
2026-08-16,41,WIND,elexon,589
2026-08-16,41,WIND,neso,662.0
2026-08-16,42,WIND,elexon,631
2026-08-16,42,WIND,neso,690.0
2026-08-16,43,WIND,elexon,662
2026-08-16,43,WIND,neso,715.0
2026-08-16,44,WIND,elexon,690
2026-08-16,44,WIND,neso,707.0
2026-08-16,45,WIND,elexon,715
2026-08-16,45,WIND,neso,695.0
2026-08-16,46,WIND,elexon,707
2026-08-16,46,WIND,neso,644.0
2026-08-16,47,WIND,elexon,695
2026-08-16,47,WIND,neso,788.0
2026-08-16,48,WIND,elexon,644
2026-08-16,48,WIND,neso,862.0
2026-08-17,1,WIND,elexon,788
2026-08-17,1,WIND,neso,773.0
2026-08-17,2,WIND,elexon,862
2026-08-17,2,WIND,neso,865.0
2026-08-17,3,WIND,elexon,773
2026-08-17,3,WIND,neso,1271.0
2026-08-17,4,WIND,elexon,865
2026-08-17,4,WIND,neso,1426.0
2026-08-17,5,WIND,elexon,1271
2026-08-17,5,WIND,neso,1521.0
2026-08-17,6,WIND,elexon,1426
2026-08-17,6,WIND,neso,1373.0
2026-08-17,7,WIND,elexon,1521
2026-08-17,7,WIND,neso,1120.0
2026-08-17,8,WIND,elexon,1373
2026-08-17,8,WIND,neso,992.0
2026-08-17,9,WIND,elexon,1120
2026-08-17,9,WIND,neso,909.0
2026-08-17,10,WIND,elexon,992
2026-08-17,10,WIND,neso,780.0
2026-08-17,11,WIND,elexon,909
2026-08-17,11,WIND,neso,695.0
2026-08-17,12,WIND,elexon,780
2026-08-17,12,WIND,neso,644.0
2026-08-17,13,WIND,elexon,695
2026-08-17,13,WIND,neso,631.0
2026-08-17,14,WIND,elexon,644
2026-08-17,14,WIND,neso,725.0
2026-08-17,15,WIND,elexon,631
2026-08-17,15,WIND,neso,687.0
2026-08-17,16,WIND,elexon,725
2026-08-17,16,WIND,neso,663.0
2026-08-17,17,WIND,elexon,687
2026-08-17,17,WIND,neso,616.0
2026-08-17,18,WIND,elexon,663
2026-08-17,18,WIND,neso,535.0
2026-08-17,19,WIND,elexon,616
2026-08-17,19,WIND,neso,497.0
2026-08-17,20,WIND,elexon,535
2026-08-17,20,WIND,neso,507.0
2026-08-17,21,WIND,elexon,497
2026-08-17,21,WIND,neso,447.0
2026-08-17,22,WIND,elexon,507
2026-08-17,22,WIND,neso,411.0
2026-08-17,23,WIND,elexon,447
2026-08-17,23,WIND,neso,455.0
2026-08-17,24,WIND,elexon,411
2026-08-17,24,WIND,neso,430.0
2026-08-17,25,WIND,elexon,455
2026-08-17,25,WIND,neso,398.0
2026-08-17,26,WIND,elexon,430
2026-08-17,26,WIND,neso,476.0
2026-08-17,27,WIND,elexon,398
2026-08-17,27,WIND,neso,610.0
2026-08-17,28,WIND,elexon,476
2026-08-17,28,WIND,neso,696.0
2026-08-17,29,WIND,elexon,610
2026-08-17,29,WIND,neso,894.0
2026-08-17,30,WIND,elexon,696
2026-08-17,30,WIND,neso,1143.0
2026-08-17,31,WIND,elexon,894
2026-08-17,31,WIND,neso,1387.0
2026-08-17,32,WIND,elexon,1143
2026-08-17,32,WIND,neso,1588.0
2026-08-17,33,WIND,elexon,1387
2026-08-17,33,WIND,neso,1922.0
2026-08-17,34,WIND,elexon,1588
2026-08-17,34,WIND,neso,2270.0
2026-08-17,35,WIND,elexon,1922
2026-08-17,35,WIND,neso,2434.0
2026-08-17,36,WIND,elexon,2270
2026-08-17,36,WIND,neso,2488.0
2026-08-17,37,WIND,elexon,2434
2026-08-17,37,WIND,neso,2465.0
2026-08-17,38,WIND,elexon,2488
2026-08-17,38,WIND,neso,2622.0
2026-08-17,39,WIND,elexon,2465
2026-08-17,39,WIND,neso,2881.0
2026-08-17,40,WIND,elexon,2622
2026-08-17,40,WIND,neso,3095.0
2026-08-17,41,WIND,elexon,2881
2026-08-17,41,WIND,neso,3567.0
2026-08-17,42,WIND,elexon,3095
2026-08-17,42,WIND,neso,4321.0
2026-08-17,43,WIND,elexon,3567
2026-08-17,43,WIND,neso,4704.0
2026-08-17,44,WIND,elexon,4321
2026-08-17,44,WIND,neso,5261.0
2026-08-17,45,WIND,elexon,4704
2026-08-17,45,WIND,neso,5581.0
2026-08-17,46,WIND,elexon,5261
2026-08-17,46,WIND,neso,5862.0
2026-08-17,47,WIND,elexon,5581
2026-08-17,47,WIND,neso,5978.0
2026-08-17,48,WIND,elexon,5862
2026-08-17,48,WIND,neso,6170.0
2026-08-18,1,WIND,elexon,5978
2026-08-18,1,WIND,neso,6678.0
2026-08-18,2,WIND,elexon,6170
2026-08-18,2,WIND,neso,7096.0
2026-08-18,3,WIND,elexon,6678
2026-08-18,3,WIND,neso,8076.0
2026-08-18,4,WIND,elexon,7096
2026-08-18,4,WIND,neso,8016.0
2026-08-18,5,WIND,elexon,8076
2026-08-18,5,WIND,neso,7920.0
2026-08-18,6,WIND,elexon,8016
2026-08-18,6,WIND,neso,8101.0
2026-08-18,7,WIND,elexon,7920
2026-08-18,7,WIND,neso,8035.0
2026-08-18,8,WIND,elexon,8101
2026-08-18,8,WIND,neso,7831.0
2026-08-18,9,WIND,elexon,8035
2026-08-18,9,WIND,neso,7751.0
2026-08-18,10,WIND,elexon,7831
2026-08-18,10,WIND,neso,7751.0
2026-08-18,11,WIND,elexon,7751
2026-08-18,11,WIND,neso,7965.0
2026-08-18,12,WIND,elexon,7751
2026-08-18,12,WIND,neso,8044.0
2026-08-18,13,WIND,elexon,7965
2026-08-18,13,WIND,neso,8111.0
2026-08-18,14,WIND,elexon,8719
2026-08-18,14,WIND,neso,8177.0
2026-08-18,15,WIND,elexon,9155
2026-08-18,15,WIND,neso,8229.0
2026-08-18,16,WIND,elexon,9236
2026-08-18,16,WIND,neso,8280.0
2026-08-18,17,WIND,elexon,9171
2026-08-18,17,WIND,neso,8315.0
2026-08-18,18,WIND,elexon,9347
2026-08-18,18,WIND,neso,8339.0
2026-08-18,19,WIND,elexon,9055
2026-08-18,19,WIND,neso,8347.0
2026-08-18,20,WIND,elexon,8896
2026-08-18,20,WIND,neso,8338.0
2026-08-18,21,WIND,elexon,8609
2026-08-18,21,WIND,neso,8330.0
2026-08-18,22,WIND,elexon,8996
2026-08-18,22,WIND,neso,8295.0
2026-08-18,23,WIND,elexon,9217
2026-08-18,23,WIND,neso,8269.0
2026-08-18,24,WIND,elexon,7237
2026-08-18,24,WIND,neso,8243.0
2026-08-18,25,WIND,elexon,8336
2026-08-18,25,WIND,neso,8210.0
2026-08-18,26,WIND,elexon,9209
2026-08-18,26,WIND,neso,8152.0
2026-08-18,27,WIND,elexon,9189
2026-08-18,27,WIND,neso,8074.0
2026-08-18,28,WIND,elexon,9139
2026-08-18,28,WIND,neso,7984.0
2026-08-18,29,WIND,elexon,9176
2026-08-18,29,WIND,neso,7904.0
2026-08-18,30,WIND,elexon,9429
2026-08-18,30,WIND,neso,7822.0
2026-08-18,31,WIND,elexon,9350
2026-08-18,31,WIND,neso,7741.0
2026-08-18,32,WIND,elexon,8594
2026-08-18,32,WIND,neso,7666.0
2026-08-18,33,WIND,elexon,8257
2026-08-18,33,WIND,neso,7585.0
2026-08-18,34,WIND,elexon,8074
2026-08-18,34,WIND,neso,7128.0
2026-08-18,35,WIND,elexon,7585
2026-08-18,35,WIND,neso,7035.0
2026-08-18,36,WIND,elexon,7128
2026-08-18,36,WIND,neso,6806.0
2026-08-18,37,WIND,elexon,7035
2026-08-18,37,WIND,neso,6298.0
2026-08-18,38,WIND,elexon,6806
2026-08-18,38,WIND,neso,5830.0
2026-08-18,39,WIND,elexon,6298
2026-08-18,39,WIND,neso,5694.0
2026-08-18,40,WIND,elexon,5830
2026-08-18,40,WIND,neso,5927.0
2026-08-18,41,WIND,elexon,5694
2026-08-18,41,WIND,neso,5853.0
2026-08-18,42,WIND,elexon,5927
2026-08-18,42,WIND,neso,5710.0
2026-08-18,43,WIND,elexon,5853
2026-08-18,43,WIND,neso,5646.0
2026-08-18,44,WIND,elexon,5710
2026-08-18,44,WIND,neso,5892.0
2026-08-18,45,WIND,elexon,5646
2026-08-18,45,WIND,neso,5122.0
2026-08-18,46,WIND,elexon,5892
2026-08-18,46,WIND,neso,4878.0
2026-08-18,47,WIND,elexon,5122
2026-08-18,47,WIND,neso,4669.0
2026-08-18,48,WIND,elexon,4878
2026-08-18,48,WIND,neso,4734.0
2026-08-19,1,WIND,elexon,4669
2026-08-19,1,WIND,neso,4514.0
2026-08-19,2,WIND,elexon,4734
2026-08-19,2,WIND,neso,4493.0
2026-08-19,3,WIND,elexon,4514
2026-08-19,3,WIND,neso,4449.0
2026-08-19,4,WIND,elexon,4493
2026-08-19,4,WIND,neso,4451.0
2026-08-19,5,WIND,elexon,4449
2026-08-19,5,WIND,neso,4546.0
2026-08-19,6,WIND,elexon,4451
2026-08-19,6,WIND,neso,4704.0
2026-08-19,7,WIND,elexon,4546
2026-08-19,7,WIND,neso,4799.0
2026-08-19,8,WIND,elexon,4704
2026-08-19,8,WIND,neso,4754.0
2026-08-19,9,WIND,elexon,4799
2026-08-19,9,WIND,neso,4859.0
2026-08-19,10,WIND,elexon,4754
2026-08-19,10,WIND,neso,4695.0
2026-08-19,11,WIND,elexon,4859
2026-08-19,11,WIND,neso,4364.0
2026-08-19,12,WIND,elexon,4695
2026-08-19,12,WIND,neso,4609.0
2026-08-19,13,WIND,elexon,4364
2026-08-19,13,WIND,neso,4391.0
2026-08-19,14,WIND,elexon,4609
2026-08-19,14,WIND,neso,3937.0
2026-08-19,15,WIND,elexon,4391
2026-08-19,15,WIND,neso,3796.0
2026-08-19,16,WIND,elexon,3937
2026-08-19,16,WIND,neso,3807.0
2026-08-19,17,WIND,elexon,3796
2026-08-19,17,WIND,neso,3644.0
2026-08-19,18,WIND,elexon,3807
2026-08-19,18,WIND,neso,3539.0
2026-08-19,19,WIND,elexon,3644
2026-08-19,19,WIND,neso,3390.0
2026-08-19,20,WIND,elexon,3539
2026-08-19,20,WIND,neso,3113.0
2026-08-19,21,WIND,elexon,3390
2026-08-19,21,WIND,neso,2804.0
2026-08-19,22,WIND,elexon,3113
2026-08-19,22,WIND,neso,2425.0
2026-08-19,23,WIND,elexon,2804
2026-08-19,23,WIND,neso,2296.0
2026-08-19,24,WIND,elexon,2425
2026-08-19,24,WIND,neso,2407.0
2026-08-19,25,WIND,elexon,2296
2026-08-19,25,WIND,neso,2597.0
2026-08-19,26,WIND,elexon,2407
2026-08-19,26,WIND,neso,2907.0
2026-08-19,27,WIND,elexon,2597
2026-08-19,27,WIND,neso,2944.0
2026-08-19,28,WIND,elexon,2907
2026-08-19,28,WIND,neso,2794.0
2026-08-19,29,WIND,elexon,2944
2026-08-19,29,WIND,neso,2782.0
2026-08-19,30,WIND,elexon,2794
2026-08-19,30,WIND,neso,3029.0
2026-08-19,31,WIND,elexon,2782
2026-08-19,31,WIND,neso,3139.0
2026-08-19,32,WIND,elexon,3029
2026-08-19,32,WIND,neso,3205.0
2026-08-19,33,WIND,elexon,3139
2026-08-19,33,WIND,neso,3447.0
2026-08-19,34,WIND,elexon,3205
2026-08-19,34,WIND,neso,3741.0
2026-08-19,35,WIND,elexon,3447
2026-08-19,35,WIND,neso,3744.0
2026-08-19,36,WIND,elexon,3741
2026-08-19,36,WIND,neso,4018.0
2026-08-19,37,WIND,elexon,3744
2026-08-19,37,WIND,neso,4653.0
2026-08-19,38,WIND,elexon,4018
2026-08-19,38,WIND,neso,4932.0
2026-08-19,39,WIND,elexon,4653
2026-08-19,39,WIND,neso,4947.0
2026-08-19,40,WIND,elexon,4932
2026-08-19,40,WIND,neso,5287.0
2026-08-19,41,WIND,elexon,4947
2026-08-19,41,WIND,neso,5493.0
2026-08-19,42,WIND,elexon,5287
2026-08-19,42,WIND,neso,5105.0
2026-08-19,43,WIND,elexon,5493
2026-08-19,43,WIND,neso,4904.0
2026-08-19,44,WIND,elexon,5105
2026-08-19,44,WIND,neso,4330.0
2026-08-19,45,WIND,elexon,4904
2026-08-19,45,WIND,neso,4456.0
2026-08-19,46,WIND,elexon,4330
2026-08-19,46,WIND,neso,4776.0
2026-08-19,47,WIND,elexon,4456
2026-08-19,47,WIND,neso,5051.0
2026-08-19,48,WIND,elexon,4776
2026-08-19,48,WIND,neso,5198.0
2026-08-20,1,WIND,elexon,5051
2026-08-20,1,WIND,neso,5269.0
2026-08-20,2,WIND,elexon,5198
2026-08-20,2,WIND,neso,5323.0
2026-08-20,3,WIND,elexon,5269
2026-08-20,3,WIND,neso,5381.0
2026-08-20,4,WIND,elexon,5323
2026-08-20,4,WIND,neso,5279.0
2026-08-20,5,WIND,elexon,5381
2026-08-20,5,WIND,neso,5351.0
2026-08-20,6,WIND,elexon,5279
2026-08-20,6,WIND,neso,5564.0
2026-08-20,7,WIND,elexon,5351
2026-08-20,7,WIND,neso,5509.0
2026-08-20,8,WIND,elexon,5564
2026-08-20,8,WIND,neso,5549.0
2026-08-20,9,WIND,elexon,5509
2026-08-20,9,WIND,neso,5435.0
2026-08-20,10,WIND,elexon,5549
2026-08-20,10,WIND,neso,5447.0
2026-08-20,11,WIND,elexon,5435
2026-08-20,11,WIND,neso,5891.0
2026-08-20,12,WIND,elexon,5447
2026-08-20,12,WIND,neso,5981.0
2026-08-20,13,WIND,elexon,5891
2026-08-20,13,WIND,neso,5856.0
2026-08-20,14,WIND,elexon,5981
2026-08-20,14,WIND,neso,5768.0
2026-08-20,15,WIND,elexon,5856
2026-08-20,15,WIND,neso,5935.0
2026-08-20,16,WIND,elexon,5768
2026-08-20,16,WIND,neso,6369.0
2026-08-20,17,WIND,elexon,5935
2026-08-20,17,WIND,neso,6119.0
2026-08-20,18,WIND,elexon,6369
2026-08-20,18,WIND,neso,5925.0
2026-08-20,19,WIND,elexon,6119
2026-08-20,19,WIND,neso,5871.0
2026-08-20,20,WIND,elexon,5925
2026-08-20,20,WIND,neso,5638.0
2026-08-20,21,WIND,elexon,5871
2026-08-20,21,WIND,neso,5600.0
2026-08-20,22,WIND,elexon,5638
2026-08-20,22,WIND,neso,5270.0
2026-08-20,23,WIND,elexon,5600
2026-08-20,23,WIND,neso,5349.0
2026-08-20,24,WIND,elexon,5270
2026-08-20,24,WIND,neso,5380.0
2026-08-20,25,WIND,elexon,5349
2026-08-20,25,WIND,neso,5410.0
2026-08-20,26,WIND,elexon,5380
2026-08-20,26,WIND,neso,5535.0
2026-08-20,27,WIND,elexon,5410
2026-08-20,27,WIND,neso,5660.0
2026-08-20,28,WIND,elexon,5535
2026-08-20,28,WIND,neso,5713.0
2026-08-20,29,WIND,elexon,5660
2026-08-20,29,WIND,neso,6045.0
2026-08-20,30,WIND,elexon,5713
2026-08-20,30,WIND,neso,5946.0
2026-08-20,31,WIND,elexon,6045
2026-08-20,31,WIND,neso,6369.0
2026-08-20,32,WIND,elexon,5946
2026-08-20,32,WIND,neso,6392.0
2026-08-20,33,WIND,elexon,6369
2026-08-20,33,WIND,neso,6220.0
2026-08-20,34,WIND,elexon,6392
2026-08-20,34,WIND,neso,7074.0
2026-08-20,35,WIND,elexon,6220
2026-08-20,35,WIND,neso,7623.0
2026-08-20,36,WIND,elexon,7074
2026-08-20,36,WIND,neso,7790.0
2026-08-20,37,WIND,elexon,7623
2026-08-20,37,WIND,neso,7894.0
2026-08-20,38,WIND,elexon,7790
2026-08-20,38,WIND,neso,7657.0
2026-08-20,39,WIND,elexon,7894
2026-08-20,39,WIND,neso,7403.0
2026-08-20,40,WIND,elexon,7657
2026-08-20,40,WIND,neso,7086.0
2026-08-20,41,WIND,elexon,7403
2026-08-20,41,WIND,neso,6746.0
2026-08-20,42,WIND,elexon,7086
2026-08-20,42,WIND,neso,6155.0
2026-08-20,43,WIND,elexon,6746
2026-08-20,43,WIND,neso,6041.0
2026-08-20,44,WIND,elexon,6155
2026-08-20,44,WIND,neso,6011.0
2026-08-20,45,WIND,elexon,6041
2026-08-20,45,WIND,neso,5951.0
2026-08-20,46,WIND,elexon,6011
2026-08-20,46,WIND,neso,6142.0
2026-08-20,47,WIND,elexon,5951
2026-08-20,47,WIND,neso,6275.0
2026-08-20,48,WIND,elexon,6142
2026-08-20,48,WIND,neso,6366.0
2026-08-21,1,WIND,elexon,6275
2026-08-21,1,WIND,neso,6236.0
2026-08-21,2,WIND,elexon,6366
2026-08-21,2,WIND,neso,6166.0
2026-08-21,3,WIND,elexon,6236
2026-08-21,3,WIND,neso,6121.0
2026-08-21,4,WIND,elexon,6166
2026-08-21,4,WIND,neso,5709.0
2026-08-21,5,WIND,elexon,6121
2026-08-21,5,WIND,neso,5786.0
2026-08-21,6,WIND,elexon,5709
2026-08-21,6,WIND,neso,5878.0
2026-08-21,7,WIND,elexon,5786
2026-08-21,7,WIND,neso,5755.0
2026-08-21,8,WIND,elexon,5878
2026-08-21,8,WIND,neso,5563.0
2026-08-21,9,WIND,elexon,5755
2026-08-21,9,WIND,neso,5336.0
2026-08-21,10,WIND,elexon,5563
2026-08-21,10,WIND,neso,5260.0
2026-08-21,11,WIND,elexon,5336
2026-08-21,11,WIND,neso,5344.0
2026-08-21,12,WIND,elexon,5260
2026-08-21,12,WIND,neso,5167.0
2026-08-21,13,WIND,elexon,5344
2026-08-21,13,WIND,neso,5096.0
2026-08-21,14,WIND,elexon,5167
2026-08-21,14,WIND,neso,5205.0
2026-08-21,15,WIND,elexon,5096
2026-08-21,15,WIND,neso,4999.0
2026-08-21,16,WIND,elexon,5205
2026-08-21,16,WIND,neso,4813.0
2026-08-21,17,WIND,elexon,4999
2026-08-21,17,WIND,neso,4676.0
2026-08-21,18,WIND,elexon,4813
2026-08-21,18,WIND,neso,4354.0
2026-08-21,19,WIND,elexon,4676
2026-08-21,19,WIND,neso,4458.0
2026-08-21,20,WIND,elexon,4354
2026-08-21,20,WIND,neso,4342.0
2026-08-21,21,WIND,elexon,4458
2026-08-21,21,WIND,neso,4711.0
2026-08-21,22,WIND,elexon,4342
2026-08-21,22,WIND,neso,4836.0
2026-08-21,23,WIND,elexon,4711
2026-08-21,23,WIND,neso,4765.0
2026-08-21,24,WIND,elexon,4836
2026-08-21,24,WIND,neso,4700.0
2026-08-21,25,WIND,elexon,4765
2026-08-21,25,WIND,neso,4592.0
2026-08-21,26,WIND,elexon,4700
2026-08-21,26,WIND,neso,4835.0
2026-08-21,27,WIND,elexon,4592
2026-08-21,27,WIND,neso,4982.0
2026-08-21,28,WIND,elexon,4835
2026-08-21,28,WIND,neso,5752.0
2026-08-21,29,WIND,elexon,4982
2026-08-21,29,WIND,neso,6388.0
2026-08-21,30,WIND,elexon,5752
2026-08-21,30,WIND,neso,7042.0
2026-08-21,31,WIND,elexon,6388
2026-08-21,31,WIND,neso,7507.0
2026-08-21,32,WIND,elexon,7042
2026-08-21,32,WIND,neso,8228.0
2026-08-21,33,WIND,elexon,7507
2026-08-21,33,WIND,neso,8172.0
2026-08-21,34,WIND,elexon,8228
2026-08-21,34,WIND,neso,8107.0
2026-08-21,35,WIND,elexon,8172
2026-08-21,35,WIND,neso,8023.0
2026-08-21,36,WIND,elexon,8107
2026-08-21,36,WIND,neso,7686.0
2026-08-21,37,WIND,elexon,8023
2026-08-21,37,WIND,neso,7422.0
2026-08-21,38,WIND,elexon,7686
2026-08-21,38,WIND,neso,7073.0
2026-08-21,39,WIND,elexon,7422
2026-08-21,39,WIND,neso,7411.0
2026-08-21,40,WIND,elexon,7073
2026-08-21,40,WIND,neso,7259.0
2026-08-21,41,WIND,elexon,7411
2026-08-21,41,WIND,neso,7014.0
2026-08-21,42,WIND,elexon,7259
2026-08-21,42,WIND,neso,7087.0
2026-08-21,43,WIND,elexon,7014
2026-08-21,43,WIND,neso,7033.0
2026-08-21,44,WIND,elexon,7087
2026-08-21,44,WIND,neso,7084.0
2026-08-21,45,WIND,elexon,7033
2026-08-21,45,WIND,neso,7393.0
2026-08-21,46,WIND,elexon,7084
2026-08-21,46,WIND,neso,7773.0
2026-08-21,47,WIND,elexon,7393
2026-08-21,47,WIND,neso,7757.0
2026-08-21,48,WIND,elexon,7773
2026-08-21,48,WIND,neso,7582.0
2026-08-22,1,WIND,elexon,7757
2026-08-22,1,WIND,neso,7570.0
2026-08-22,2,WIND,elexon,7582
2026-08-22,2,WIND,neso,8128.0
2026-08-22,3,WIND,elexon,7570
2026-08-22,3,WIND,neso,8224.0
2026-08-22,4,WIND,elexon,8128
2026-08-22,4,WIND,neso,8423.0
2026-08-22,5,WIND,elexon,8224
2026-08-22,5,WIND,neso,8682.0
2026-08-22,6,WIND,elexon,8423
2026-08-22,6,WIND,neso,8542.0
2026-08-22,7,WIND,elexon,8682
2026-08-22,7,WIND,neso,8643.0
2026-08-22,8,WIND,elexon,8542
2026-08-22,8,WIND,neso,8672.0
2026-08-22,9,WIND,elexon,8643
2026-08-22,9,WIND,neso,8517.0
2026-08-22,10,WIND,elexon,8672
2026-08-22,10,WIND,neso,8530.0
2026-08-22,11,WIND,elexon,8517
2026-08-22,11,WIND,neso,8241.0
2026-08-22,12,WIND,elexon,8530
2026-08-22,12,WIND,neso,7884.0
2026-08-22,13,WIND,elexon,8241
2026-08-22,13,WIND,neso,7427.0
2026-08-22,14,WIND,elexon,7884
2026-08-22,14,WIND,neso,7075.0
2026-08-22,15,WIND,elexon,7427
2026-08-22,15,WIND,neso,6901.0
2026-08-22,16,WIND,elexon,7075
2026-08-22,16,WIND,neso,6713.0
2026-08-22,17,WIND,elexon,6901
2026-08-22,17,WIND,neso,6331.0
2026-08-22,18,WIND,elexon,6713
2026-08-22,18,WIND,neso,5535.0
2026-08-22,19,WIND,elexon,6331
2026-08-22,19,WIND,neso,5043.0
2026-08-22,20,WIND,elexon,5535
2026-08-22,20,WIND,neso,4891.0
2026-08-22,21,WIND,elexon,5043
2026-08-22,21,WIND,neso,4728.0
2026-08-22,22,WIND,elexon,4891
2026-08-22,22,WIND,neso,4773.0
2026-08-22,23,WIND,elexon,4728
2026-08-22,23,WIND,neso,4743.0
2026-08-22,24,WIND,elexon,4773
2026-08-22,24,WIND,neso,4504.0
2026-08-22,25,WIND,elexon,4743
2026-08-22,25,WIND,neso,4330.0
2026-08-22,26,WIND,elexon,4504
2026-08-22,26,WIND,neso,4076.0
2026-08-22,27,WIND,elexon,4330
2026-08-22,27,WIND,neso,4040.0
2026-08-22,28,WIND,elexon,4076
2026-08-22,28,WIND,neso,4025.0
2026-08-22,29,WIND,elexon,4040
2026-08-22,29,WIND,neso,4293.0
2026-08-22,30,WIND,elexon,4025
2026-08-22,30,WIND,neso,4683.0
2026-08-22,31,WIND,elexon,4293
2026-08-22,31,WIND,neso,4684.0
2026-08-22,32,WIND,elexon,4683
2026-08-22,32,WIND,neso,4880.0
2026-08-22,33,WIND,elexon,4684
2026-08-22,33,WIND,neso,5091.0
2026-08-22,34,WIND,elexon,4880
2026-08-22,34,WIND,neso,5476.0
2026-08-22,35,WIND,elexon,5091
2026-08-22,35,WIND,neso,5341.0
2026-08-22,36,WIND,elexon,5476
2026-08-22,36,WIND,neso,4987.0
2026-08-22,37,WIND,elexon,5341
2026-08-22,37,WIND,neso,4647.0
2026-08-22,38,WIND,elexon,4987
2026-08-22,38,WIND,neso,4378.0
2026-08-22,39,WIND,elexon,4647
2026-08-22,39,WIND,neso,3944.0
2026-08-22,40,WIND,elexon,4378
2026-08-22,40,WIND,neso,3535.0
2026-08-22,41,WIND,elexon,3944
2026-08-22,41,WIND,neso,3172.0
2026-08-22,42,WIND,elexon,3535
2026-08-22,42,WIND,neso,3041.0
2026-08-22,43,WIND,elexon,3172
2026-08-22,43,WIND,neso,2955.0
2026-08-22,44,WIND,elexon,3041
2026-08-22,44,WIND,neso,2954.0
2026-08-22,45,WIND,elexon,2955
2026-08-22,45,WIND,neso,2942.0
2026-08-22,46,WIND,elexon,2954
2026-08-22,46,WIND,neso,3008.0
2026-08-22,47,WIND,elexon,2942
2026-08-22,47,WIND,neso,2982.0
2026-08-22,48,WIND,elexon,3008
2026-08-22,48,WIND,neso,2849.0
2026-08-23,1,WIND,elexon,2982
2026-08-23,1,WIND,neso,2736.0
2026-08-23,2,WIND,elexon,2849
2026-08-23,2,WIND,neso,2566.0
2026-08-23,3,WIND,elexon,2736
2026-08-23,3,WIND,neso,2393.0
2026-08-23,4,WIND,elexon,2566
2026-08-23,4,WIND,neso,2341.0
2026-08-23,5,WIND,elexon,2393
2026-08-23,5,WIND,neso,2340.0
2026-08-23,6,WIND,elexon,2341
2026-08-23,6,WIND,neso,2345.0
2026-08-23,7,WIND,elexon,2340
2026-08-23,7,WIND,neso,2297.0
2026-08-23,8,WIND,elexon,2345
2026-08-23,8,WIND,neso,2341.0
2026-08-23,9,WIND,elexon,2297
2026-08-23,9,WIND,neso,2344.0
2026-08-23,10,WIND,elexon,2341
2026-08-23,10,WIND,neso,2397.0
2026-08-23,11,WIND,elexon,2344
2026-08-23,11,WIND,neso,2397.0
2026-08-23,12,WIND,elexon,2397
2026-08-23,12,WIND,neso,2333.0
2026-08-23,13,WIND,elexon,2397
2026-08-23,13,WIND,neso,2255.0
2026-08-23,14,WIND,elexon,2333
2026-08-23,14,WIND,neso,2113.0
2026-08-23,15,WIND,elexon,2255
2026-08-23,15,WIND,neso,1886.0
2026-08-23,16,WIND,elexon,2113
2026-08-23,16,WIND,neso,1747.0
2026-08-23,17,WIND,elexon,1886
2026-08-23,17,WIND,neso,1617.0
2026-08-23,18,WIND,elexon,1747
2026-08-23,18,WIND,neso,1345.0
2026-08-23,19,WIND,elexon,1617
2026-08-23,19,WIND,neso,1212.0
2026-08-23,20,WIND,elexon,1345
2026-08-23,20,WIND,neso,1163.0
2026-08-23,21,WIND,elexon,1212
2026-08-23,21,WIND,neso,1140.0
2026-08-23,22,WIND,elexon,1163
2026-08-23,22,WIND,neso,1267.0
2026-08-23,23,WIND,elexon,1140
2026-08-23,23,WIND,neso,1239.0
2026-08-23,24,WIND,elexon,1267
2026-08-23,24,WIND,neso,1333.0
2026-08-23,25,WIND,elexon,1239
2026-08-23,25,WIND,neso,1280.0
2026-08-23,26,WIND,elexon,1333
2026-08-23,26,WIND,neso,1228.0
2026-08-23,27,WIND,elexon,1280
2026-08-23,27,WIND,neso,1226.0
2026-08-23,28,WIND,elexon,1228
2026-08-23,28,WIND,neso,1275.0
2026-08-23,29,WIND,elexon,1226
2026-08-23,29,WIND,neso,1223.0
2026-08-23,30,WIND,elexon,1275
2026-08-23,30,WIND,neso,1165.0
2026-08-23,31,WIND,elexon,1223
2026-08-23,31,WIND,neso,1103.0
2026-08-23,32,WIND,elexon,1165
2026-08-23,32,WIND,neso,1111.0
2026-08-23,33,WIND,elexon,1103
2026-08-23,33,WIND,neso,1015.0
2026-08-23,34,WIND,elexon,1111
2026-08-23,34,WIND,neso,956.0
2026-08-23,35,WIND,elexon,1015
2026-08-23,35,WIND,neso,1082.0
2026-08-23,36,WIND,elexon,956
2026-08-23,36,WIND,neso,1120.0
2026-08-23,37,WIND,elexon,1082
2026-08-23,37,WIND,neso,1125.0
2026-08-23,38,WIND,elexon,1120
2026-08-23,38,WIND,neso,1155.0
2026-08-23,39,WIND,elexon,1125
2026-08-23,39,WIND,neso,1186.0
2026-08-23,40,WIND,elexon,1155
2026-08-23,40,WIND,neso,1184.0
2026-08-23,41,WIND,elexon,1186
2026-08-23,41,WIND,neso,1198.0
2026-08-23,42,WIND,elexon,1184
2026-08-23,42,WIND,neso,1213.0
2026-08-23,43,WIND,elexon,1198
2026-08-23,43,WIND,neso,1174.0
2026-08-23,44,WIND,elexon,1213
2026-08-23,44,WIND,neso,1080.0
2026-08-23,45,WIND,elexon,1174
2026-08-23,45,WIND,neso,1001.0
2026-08-23,46,WIND,elexon,1080
2026-08-23,46,WIND,neso,951.0
2026-08-23,47,WIND,elexon,1001
2026-08-23,47,WIND,neso,903.0
2026-08-23,48,WIND,elexon,951
2026-08-23,48,WIND,neso,916.0
2026-08-24,1,WIND,elexon,903
2026-08-24,1,WIND,neso,902.0
2026-08-24,2,WIND,elexon,916
2026-08-24,2,WIND,neso,930.0
2026-08-24,3,WIND,elexon,902
2026-08-24,3,WIND,neso,1051.0
2026-08-24,4,WIND,elexon,930
2026-08-24,4,WIND,neso,1128.0
2026-08-24,5,WIND,elexon,1051
2026-08-24,5,WIND,neso,1210.0
2026-08-24,6,WIND,elexon,1128
2026-08-24,6,WIND,neso,1458.0
2026-08-24,7,WIND,elexon,1210
2026-08-24,7,WIND,neso,1692.0
2026-08-24,8,WIND,elexon,1458
2026-08-24,8,WIND,neso,1862.0
2026-08-24,9,WIND,elexon,1692
2026-08-24,9,WIND,neso,2091.0
2026-08-24,10,WIND,elexon,1862
2026-08-24,10,WIND,neso,2302.0
2026-08-24,11,WIND,elexon,2091
2026-08-24,11,WIND,neso,2530.0
2026-08-24,12,WIND,elexon,2302
2026-08-24,12,WIND,neso,2764.0
2026-08-24,13,WIND,elexon,2530
2026-08-24,13,WIND,neso,3018.0
2026-08-24,14,WIND,elexon,2764
2026-08-24,14,WIND,neso,3144.0
2026-08-24,15,WIND,elexon,3018
2026-08-24,15,WIND,neso,3154.0
2026-08-24,16,WIND,elexon,3144
2026-08-24,16,WIND,neso,3231.0
2026-08-24,17,WIND,elexon,3154
2026-08-24,17,WIND,neso,3426.0
2026-08-24,18,WIND,elexon,3231
2026-08-24,18,WIND,neso,3374.0
2026-08-24,19,WIND,elexon,3426
2026-08-24,19,WIND,neso,3657.0
2026-08-24,20,WIND,elexon,3374
2026-08-24,20,WIND,neso,3846.0
2026-08-24,21,WIND,elexon,3657
2026-08-24,21,WIND,neso,3815.0
2026-08-24,22,WIND,elexon,3846
2026-08-24,22,WIND,neso,3944.0
2026-08-24,23,WIND,elexon,3815
2026-08-24,23,WIND,neso,3930.0
2026-08-24,24,WIND,elexon,3944
2026-08-24,24,WIND,neso,3988.0
2026-08-24,25,WIND,elexon,3930
2026-08-24,25,WIND,neso,4189.0
2026-08-24,26,WIND,elexon,3988
2026-08-24,26,WIND,neso,4605.0
2026-08-24,27,WIND,elexon,4189
2026-08-24,27,WIND,neso,5190.0
2026-08-24,28,WIND,elexon,4605
2026-08-24,28,WIND,neso,5991.0
2026-08-24,29,WIND,elexon,5190
2026-08-24,29,WIND,neso,6539.0
2026-08-24,30,WIND,elexon,5991
2026-08-24,30,WIND,neso,6790.0
2026-08-24,31,WIND,elexon,6539
2026-08-24,31,WIND,neso,7153.0
2026-08-24,32,WIND,elexon,6790
2026-08-24,32,WIND,neso,7515.0
2026-08-24,33,WIND,elexon,7153
2026-08-24,33,WIND,neso,7963.0
2026-08-24,34,WIND,elexon,7515
2026-08-24,34,WIND,neso,8132.0
2026-08-24,35,WIND,elexon,7963
2026-08-24,35,WIND,neso,8248.0
2026-08-24,36,WIND,elexon,8132
2026-08-24,36,WIND,neso,8530.0
2026-08-24,37,WIND,elexon,8248
2026-08-24,37,WIND,neso,8631.0
2026-08-24,38,WIND,elexon,8530
2026-08-24,38,WIND,neso,9005.0
2026-08-24,39,WIND,elexon,8631
2026-08-24,39,WIND,neso,9639.0
2026-08-24,40,WIND,elexon,9005
2026-08-24,40,WIND,neso,10338.0
2026-08-24,41,WIND,elexon,9639
2026-08-24,41,WIND,neso,10564.0
2026-08-24,42,WIND,elexon,10338
2026-08-24,42,WIND,neso,10583.0
2026-08-24,43,WIND,elexon,10564
2026-08-24,43,WIND,neso,10652.0
2026-08-24,44,WIND,elexon,10583
2026-08-24,44,WIND,neso,10721.0
2026-08-24,45,WIND,elexon,10652
2026-08-24,45,WIND,neso,10664.0
2026-08-24,46,WIND,elexon,10721
2026-08-24,46,WIND,neso,10329.0
2026-08-24,47,WIND,elexon,10664
2026-08-24,47,WIND,neso,9784.0
2026-08-24,48,WIND,elexon,10329
2026-08-24,48,WIND,neso,9478.0
2026-08-25,1,WIND,elexon,9784
2026-08-25,1,WIND,neso,8991.0
2026-08-25,2,WIND,elexon,9478
2026-08-25,2,WIND,neso,8552.0
2026-08-25,3,WIND,elexon,8991
2026-08-25,3,WIND,neso,8026.0
2026-08-25,4,WIND,elexon,8552
2026-08-25,4,WIND,neso,7963.0
2026-08-25,5,WIND,elexon,8026
2026-08-25,5,WIND,neso,7729.0
2026-08-25,6,WIND,elexon,7963
2026-08-25,6,WIND,neso,7766.0
2026-08-25,7,WIND,elexon,7729
2026-08-25,7,WIND,neso,7666.0
2026-08-25,8,WIND,elexon,7766
2026-08-25,8,WIND,neso,7752.0
2026-08-25,9,WIND,elexon,7666
2026-08-25,9,WIND,neso,7958.0
2026-08-25,10,WIND,elexon,7752
2026-08-25,10,WIND,neso,8322.0
2026-08-25,11,WIND,elexon,7958
2026-08-25,11,WIND,neso,8498.0
2026-08-25,12,WIND,elexon,8322
2026-08-25,12,WIND,neso,8368.0
2026-08-25,13,WIND,elexon,8498
2026-08-25,13,WIND,neso,8340.0
2026-08-25,14,WIND,elexon,8368
2026-08-25,14,WIND,neso,8516.0
2026-08-25,15,WIND,elexon,8340
2026-08-25,15,WIND,neso,8656.0
2026-08-25,16,WIND,elexon,8516
2026-08-25,16,WIND,neso,8747.0
2026-08-25,17,WIND,elexon,8656
2026-08-25,17,WIND,neso,8479.0
2026-08-25,18,WIND,elexon,8747
2026-08-25,18,WIND,neso,8353.0
2026-08-25,19,WIND,elexon,8479
2026-08-25,19,WIND,neso,8400.0
2026-08-25,20,WIND,elexon,8353
2026-08-25,20,WIND,neso,8441.0
2026-08-25,21,WIND,elexon,8400
2026-08-25,21,WIND,neso,8436.0
2026-08-25,22,WIND,elexon,8441
2026-08-25,22,WIND,neso,8807.0
2026-08-25,23,WIND,elexon,8436
2026-08-25,23,WIND,neso,9088.0
2026-08-25,24,WIND,elexon,8807
2026-08-25,24,WIND,neso,9071.0
2026-08-25,25,WIND,elexon,9088
2026-08-25,25,WIND,neso,9145.0
2026-08-25,26,WIND,elexon,9071
2026-08-25,26,WIND,neso,9187.0
2026-08-25,27,WIND,elexon,9145
2026-08-25,27,WIND,neso,9322.0
2026-08-25,28,WIND,elexon,9187
2026-08-25,28,WIND,neso,9793.0
2026-08-25,29,WIND,elexon,9322
2026-08-25,29,WIND,neso,9948.0
2026-08-25,30,WIND,elexon,9793
2026-08-25,30,WIND,neso,10045.0
2026-08-25,31,WIND,elexon,9948
2026-08-25,31,WIND,neso,10229.0
2026-08-25,32,WIND,elexon,10045
2026-08-25,32,WIND,neso,10524.0
2026-08-25,33,WIND,elexon,10229
2026-08-25,33,WIND,neso,10711.0
2026-08-25,34,WIND,elexon,10524
2026-08-25,34,WIND,neso,11101.0
2026-08-25,35,WIND,elexon,10711
2026-08-25,35,WIND,neso,11357.0
2026-08-25,36,WIND,elexon,11101
2026-08-25,36,WIND,neso,11349.0
2026-08-25,37,WIND,elexon,11357
2026-08-25,37,WIND,neso,11253.0
2026-08-25,38,WIND,elexon,11349
2026-08-25,38,WIND,neso,11525.0
2026-08-25,39,WIND,elexon,11253
2026-08-25,39,WIND,neso,11717.0
2026-08-25,40,WIND,elexon,11525
2026-08-25,40,WIND,neso,11830.0
2026-08-25,41,WIND,elexon,11717
2026-08-25,41,WIND,neso,11665.0
2026-08-25,42,WIND,elexon,11830
2026-08-25,42,WIND,neso,11305.0
2026-08-25,43,WIND,elexon,11665
2026-08-25,43,WIND,neso,10953.0
2026-08-25,44,WIND,elexon,11305
2026-08-25,44,WIND,neso,10881.0
2026-08-25,45,WIND,elexon,10953
2026-08-25,45,WIND,neso,10708.0
2026-08-25,46,WIND,elexon,10881
2026-08-25,46,WIND,neso,10507.0
2026-08-25,47,WIND,elexon,10708
2026-08-25,47,WIND,neso,10343.0
2026-08-25,48,WIND,elexon,10507
2026-08-25,48,WIND,neso,10102.0
2026-08-26,1,WIND,elexon,10343
2026-08-26,1,WIND,neso,9947.0
2026-08-26,2,WIND,elexon,10102
2026-08-26,2,WIND,neso,9691.0
2026-08-26,3,WIND,elexon,9947
2026-08-26,3,WIND,neso,9379.0
2026-08-26,4,WIND,elexon,9691
2026-08-26,4,WIND,neso,9262.0
2026-08-26,5,WIND,elexon,9379
2026-08-26,5,WIND,neso,8971.0
2026-08-26,6,WIND,elexon,9262
2026-08-26,6,WIND,neso,8999.0
2026-08-26,7,WIND,elexon,8971
2026-08-26,7,WIND,neso,8894.0
2026-08-26,8,WIND,elexon,8999
2026-08-26,8,WIND,neso,8736.0
2026-08-26,9,WIND,elexon,8894
2026-08-26,9,WIND,neso,8420.0
2026-08-26,10,WIND,elexon,8736
2026-08-26,10,WIND,neso,8089.0
2026-08-26,11,WIND,elexon,8420
2026-08-26,11,WIND,neso,7962.0
2026-08-26,12,WIND,elexon,8089
2026-08-26,12,WIND,neso,7902.0
2026-08-26,13,WIND,elexon,7962
2026-08-26,13,WIND,neso,8071.0
2026-08-26,14,WIND,elexon,7902
2026-08-26,14,WIND,neso,8443.0
2026-08-26,15,WIND,elexon,8071
2026-08-26,15,WIND,neso,8451.0
2026-08-26,16,WIND,elexon,8443
2026-08-26,16,WIND,neso,8306.0
2026-08-26,17,WIND,elexon,8451
2026-08-26,17,WIND,neso,8170.0
2026-08-26,18,WIND,elexon,8306
2026-08-26,18,WIND,neso,8007.0
2026-08-26,19,WIND,elexon,8170
2026-08-26,19,WIND,neso,7718.0
2026-08-26,20,WIND,elexon,8007
2026-08-26,20,WIND,neso,7642.0
2026-08-26,21,WIND,elexon,7718
2026-08-26,21,WIND,neso,7590.0
2026-08-26,22,WIND,elexon,7642
2026-08-26,22,WIND,neso,7549.0
2026-08-26,23,WIND,elexon,7590
2026-08-26,23,WIND,neso,7348.0
2026-08-26,24,WIND,elexon,7549
2026-08-26,24,WIND,neso,7298.0
2026-08-26,25,WIND,elexon,7348
2026-08-26,25,WIND,neso,7326.0
2026-08-26,26,WIND,elexon,7298
2026-08-26,26,WIND,neso,7529.0
2026-08-26,27,WIND,elexon,7326
2026-08-26,27,WIND,neso,7486.0
2026-08-26,28,WIND,elexon,7529
2026-08-26,28,WIND,neso,6993.0
2026-08-26,29,WIND,elexon,7486
2026-08-26,29,WIND,neso,7098.0
2026-08-26,30,WIND,elexon,6993
2026-08-26,30,WIND,neso,7039.0
2026-08-26,31,WIND,elexon,7098
2026-08-26,31,WIND,neso,6969.0
2026-08-26,32,WIND,elexon,7039
2026-08-26,32,WIND,neso,6953.0
2026-08-26,33,WIND,elexon,6969
2026-08-26,33,WIND,neso,7057.0
2026-08-26,34,WIND,elexon,6953
2026-08-26,34,WIND,neso,7223.0
2026-08-26,35,WIND,elexon,7057
2026-08-26,35,WIND,neso,7538.0
2026-08-26,36,WIND,elexon,7223
2026-08-26,36,WIND,neso,8208.0
2026-08-26,37,WIND,elexon,7538
2026-08-26,37,WIND,neso,9065.0
2026-08-26,38,WIND,elexon,8208
2026-08-26,38,WIND,neso,9184.0
2026-08-26,39,WIND,elexon,9065
2026-08-26,39,WIND,neso,9093.0
2026-08-26,40,WIND,elexon,9184
2026-08-26,40,WIND,neso,9119.0
2026-08-26,41,WIND,elexon,9093
2026-08-26,41,WIND,neso,9267.0
2026-08-26,42,WIND,elexon,9119
2026-08-26,42,WIND,neso,9366.0
2026-08-26,43,WIND,elexon,9267
2026-08-26,43,WIND,neso,9568.0
2026-08-26,44,WIND,elexon,9366
2026-08-26,44,WIND,neso,9502.0
2026-08-26,45,WIND,elexon,9568
2026-08-26,45,WIND,neso,9694.0
2026-08-26,46,WIND,elexon,9502
2026-08-26,46,WIND,neso,9860.0
2026-08-26,47,WIND,elexon,9694
2026-08-26,47,WIND,neso,10250.0
2026-08-26,48,WIND,elexon,9860
2026-08-26,48,WIND,neso,10328.0
2026-08-27,1,WIND,elexon,10250
2026-08-27,1,WIND,neso,10183.0
2026-08-27,2,WIND,elexon,10328
2026-08-27,2,WIND,neso,10155.0
2026-08-27,3,WIND,elexon,10183
2026-08-27,3,WIND,neso,10044.0
2026-08-27,4,WIND,elexon,10155
2026-08-27,4,WIND,neso,9792.0
2026-08-27,5,WIND,elexon,10044
2026-08-27,5,WIND,neso,9966.0
2026-08-27,6,WIND,elexon,9792
2026-08-27,6,WIND,neso,9876.0
2026-08-27,7,WIND,elexon,9966
2026-08-27,7,WIND,neso,9681.0
2026-08-27,8,WIND,elexon,9876
2026-08-27,8,WIND,neso,9124.0
2026-08-27,9,WIND,elexon,9681
2026-08-27,9,WIND,neso,8443.0
2026-08-27,10,WIND,elexon,9124
2026-08-27,10,WIND,neso,7775.0
2026-08-27,11,WIND,elexon,8443
2026-08-27,11,WIND,neso,7652.0
2026-08-27,12,WIND,elexon,7775
2026-08-27,12,WIND,neso,7742.0
2026-08-27,13,WIND,elexon,7652
2026-08-27,13,WIND,neso,7554.0
2026-08-27,14,WIND,elexon,7742
2026-08-27,14,WIND,neso,7543.0
2026-08-27,15,WIND,elexon,7554
2026-08-27,15,WIND,neso,7424.0
2026-08-27,16,WIND,elexon,7543
2026-08-27,16,WIND,neso,7074.0
2026-08-27,17,WIND,elexon,7424
2026-08-27,17,WIND,neso,6964.0
2026-08-27,18,WIND,elexon,7074
2026-08-27,18,WIND,neso,6903.0
2026-08-27,19,WIND,elexon,6964
2026-08-27,19,WIND,neso,6733.0
2026-08-27,20,WIND,elexon,6903
2026-08-27,20,WIND,neso,6594.0
2026-08-27,21,WIND,elexon,6733
2026-08-27,21,WIND,neso,6565.0
2026-08-27,22,WIND,elexon,6594
2026-08-27,22,WIND,neso,6161.0
2026-08-27,23,WIND,elexon,6565
2026-08-27,23,WIND,neso,5675.0
2026-08-27,24,WIND,elexon,6161
2026-08-27,24,WIND,neso,5454.0
2026-08-27,25,WIND,elexon,5675
2026-08-27,25,WIND,neso,5403.0
2026-08-27,26,WIND,elexon,5454
2026-08-27,26,WIND,neso,5285.0
2026-08-27,27,WIND,elexon,5403
2026-08-27,27,WIND,neso,5213.0
2026-08-27,28,WIND,elexon,5285
2026-08-27,28,WIND,neso,5105.0
2026-08-27,29,WIND,elexon,5213
2026-08-27,29,WIND,neso,5021.0
2026-08-27,30,WIND,elexon,5105
2026-08-27,30,WIND,neso,5208.0
2026-08-27,31,WIND,elexon,5021
2026-08-27,31,WIND,neso,4790.0
2026-08-27,32,WIND,elexon,5208
2026-08-27,32,WIND,neso,4617.0
2026-08-27,33,WIND,elexon,4790
2026-08-27,33,WIND,neso,4525.0
2026-08-27,34,WIND,elexon,4617
2026-08-27,34,WIND,neso,4305.0
2026-08-27,35,WIND,elexon,4525
2026-08-27,35,WIND,neso,3864.0
2026-08-27,36,WIND,elexon,4305
2026-08-27,36,WIND,neso,3513.0
2026-08-27,37,WIND,elexon,3864
2026-08-27,37,WIND,neso,3301.0
2026-08-27,38,WIND,elexon,3513
2026-08-27,38,WIND,neso,3109.0
2026-08-27,39,WIND,elexon,3301
2026-08-27,39,WIND,neso,3170.0
2026-08-27,40,WIND,elexon,3109
2026-08-27,40,WIND,neso,3083.0
2026-08-27,41,WIND,elexon,3170
2026-08-27,41,WIND,neso,3101.0
2026-08-27,42,WIND,elexon,3083
2026-08-27,42,WIND,neso,2900.0
2026-08-27,43,WIND,elexon,3101
2026-08-27,43,WIND,neso,2698.0
2026-08-27,44,WIND,elexon,2900
2026-08-27,44,WIND,neso,2540.0
2026-08-27,45,WIND,elexon,2698
2026-08-27,45,WIND,neso,2483.0
2026-08-27,46,WIND,elexon,2540
2026-08-27,46,WIND,neso,2482.0
2026-08-27,47,WIND,elexon,2483
2026-08-27,47,WIND,neso,2493.0
2026-08-27,48,WIND,elexon,2482
2026-08-27,48,WIND,neso,2355.0
2026-08-28,1,WIND,elexon,2493
2026-08-28,1,WIND,neso,2500.0
2026-08-28,2,WIND,elexon,2355
2026-08-28,2,WIND,neso,3408.0
2026-08-28,3,WIND,elexon,2500
2026-08-28,3,WIND,neso,3310.0
2026-08-28,4,WIND,elexon,3408
2026-08-28,4,WIND,neso,3828.0
2026-08-28,5,WIND,elexon,3310
2026-08-28,5,WIND,neso,4358.0
2026-08-28,6,WIND,elexon,3828
2026-08-28,6,WIND,neso,3671.0
2026-08-28,7,WIND,elexon,4358
2026-08-28,7,WIND,neso,2649.0
2026-08-28,8,WIND,elexon,3671
2026-08-28,8,WIND,neso,2673.0
2026-08-28,9,WIND,elexon,2649
2026-08-28,9,WIND,neso,2940.0
2026-08-28,10,WIND,elexon,2673
2026-08-28,10,WIND,neso,3492.0
2026-08-28,11,WIND,elexon,2940
2026-08-28,11,WIND,neso,4162.0
2026-08-28,12,WIND,elexon,3492
2026-08-28,12,WIND,neso,4264.0
2026-08-28,13,WIND,elexon,4162
2026-08-28,13,WIND,neso,4538.0
2026-08-28,14,WIND,elexon,4264
2026-08-28,14,WIND,neso,4875.0
2026-08-28,15,WIND,elexon,4538
2026-08-28,15,WIND,neso,5572.0
2026-08-28,16,WIND,elexon,4875
2026-08-28,16,WIND,neso,6047.0
2026-08-28,17,WIND,elexon,5572
2026-08-28,17,WIND,neso,6833.0
2026-08-28,18,WIND,elexon,6047
2026-08-28,18,WIND,neso,7246.0
2026-08-28,19,WIND,elexon,6833
2026-08-28,19,WIND,neso,7779.0
2026-08-28,20,WIND,elexon,7246
2026-08-28,20,WIND,neso,8052.0
2026-08-28,21,WIND,elexon,7779
2026-08-28,21,WIND,neso,8022.0
2026-08-28,22,WIND,elexon,8052
2026-08-28,22,WIND,neso,8023.0
2026-08-28,23,WIND,elexon,8022
2026-08-28,23,WIND,neso,7864.0
2026-08-28,24,WIND,elexon,8023
2026-08-28,24,WIND,neso,8305.0
2026-08-28,25,WIND,elexon,7864
2026-08-28,25,WIND,neso,8988.0
2026-08-28,26,WIND,elexon,8305
2026-08-28,26,WIND,neso,9361.0
2026-08-28,27,WIND,elexon,8988
2026-08-28,27,WIND,neso,9507.0
2026-08-28,28,WIND,elexon,9361
2026-08-28,28,WIND,neso,9782.0
2026-08-28,29,WIND,elexon,9507
2026-08-28,29,WIND,neso,10311.0
2026-08-28,30,WIND,elexon,9782
2026-08-28,30,WIND,neso,10892.0
2026-08-28,31,WIND,elexon,10311
2026-08-28,31,WIND,neso,11222.0
2026-08-28,32,WIND,elexon,10892
2026-08-28,32,WIND,neso,11733.0
2026-08-28,33,WIND,elexon,11222
2026-08-28,33,WIND,neso,11768.0
2026-08-28,34,WIND,elexon,11733
2026-08-28,34,WIND,neso,11900.0
2026-08-28,35,WIND,elexon,11768
2026-08-28,35,WIND,neso,11667.0
2026-08-28,36,WIND,elexon,11900
2026-08-28,36,WIND,neso,11446.0
2026-08-28,37,WIND,elexon,11667
2026-08-28,37,WIND,neso,11583.0
2026-08-28,38,WIND,elexon,11446
2026-08-28,38,WIND,neso,12085.0
2026-08-28,39,WIND,elexon,11583
2026-08-28,39,WIND,neso,12122.0
2026-08-28,40,WIND,elexon,12085
2026-08-28,40,WIND,neso,11762.0
2026-08-28,41,WIND,elexon,12122
2026-08-28,41,WIND,neso,11341.0
2026-08-28,42,WIND,elexon,11762
2026-08-28,42,WIND,neso,11509.0
2026-08-28,43,WIND,elexon,11341
2026-08-28,43,WIND,neso,11826.0
2026-08-28,44,WIND,elexon,11509
2026-08-28,44,WIND,neso,11706.0
2026-08-28,45,WIND,elexon,11826
2026-08-28,45,WIND,neso,11630.0
2026-08-28,46,WIND,elexon,11706
2026-08-28,46,WIND,neso,11635.0
2026-08-28,47,WIND,elexon,11630
2026-08-28,47,WIND,neso,11783.0
2026-08-28,48,WIND,elexon,11635
2026-08-28,48,WIND,neso,11530.0
2026-08-29,1,WIND,elexon,11783
2026-08-29,1,WIND,neso,11490.0
2026-08-29,2,WIND,elexon,11530
2026-08-29,2,WIND,neso,11436.0
2026-08-29,3,WIND,elexon,11490
2026-08-29,3,WIND,neso,11158.0
2026-08-29,4,WIND,elexon,11436
2026-08-29,4,WIND,neso,10860.0
2026-08-29,5,WIND,elexon,11158
2026-08-29,5,WIND,neso,10518.0
2026-08-29,6,WIND,elexon,10860
2026-08-29,6,WIND,neso,10030.0
2026-08-29,7,WIND,elexon,10518
2026-08-29,7,WIND,neso,9815.0
2026-08-29,8,WIND,elexon,10030
2026-08-29,8,WIND,neso,9691.0
2026-08-29,9,WIND,elexon,9815
2026-08-29,9,WIND,neso,9341.0
2026-08-29,10,WIND,elexon,9691
2026-08-29,10,WIND,neso,8277.0
2026-08-29,11,WIND,elexon,9341
2026-08-29,11,WIND,neso,7692.0
2026-08-29,12,WIND,elexon,8277
2026-08-29,12,WIND,neso,7187.0
2026-08-29,13,WIND,elexon,7692
2026-08-29,13,WIND,neso,6551.0
2026-08-29,14,WIND,elexon,7187
2026-08-29,14,WIND,neso,6447.0
2026-08-29,15,WIND,elexon,6551
2026-08-29,15,WIND,neso,6265.0
2026-08-29,16,WIND,elexon,6447
2026-08-29,16,WIND,neso,6128.0
2026-08-29,17,WIND,elexon,6265
2026-08-29,17,WIND,neso,5992.0
2026-08-29,18,WIND,elexon,6128
2026-08-29,18,WIND,neso,5750.0
2026-08-29,19,WIND,elexon,5992
2026-08-29,19,WIND,neso,5309.0
2026-08-29,20,WIND,elexon,5750
2026-08-29,20,WIND,neso,5147.0
2026-08-29,21,WIND,elexon,5309
2026-08-29,21,WIND,neso,4891.0
2026-08-29,22,WIND,elexon,5147
2026-08-29,22,WIND,neso,4864.0
2026-08-29,23,WIND,elexon,4891
2026-08-29,23,WIND,neso,4820.0
2026-08-29,24,WIND,elexon,4864
2026-08-29,24,WIND,neso,4751.0
2026-08-29,25,WIND,elexon,4820
2026-08-29,25,WIND,neso,4874.0
2026-08-29,26,WIND,elexon,4751
2026-08-29,26,WIND,neso,4756.0
2026-08-29,27,WIND,elexon,4874
2026-08-29,27,WIND,neso,4383.0
2026-08-29,28,WIND,elexon,4756
2026-08-29,28,WIND,neso,4333.0
2026-08-29,29,WIND,elexon,4383
2026-08-29,29,WIND,neso,4446.0
2026-08-29,30,WIND,elexon,4333
2026-08-29,30,WIND,neso,4415.0
2026-08-29,31,WIND,elexon,4446
2026-08-29,31,WIND,neso,4050.0
2026-08-29,32,WIND,elexon,4415
2026-08-29,32,WIND,neso,3854.0
2026-08-29,33,WIND,elexon,4050
2026-08-29,33,WIND,neso,3901.0
2026-08-29,34,WIND,elexon,3854
2026-08-29,34,WIND,neso,4114.0
2026-08-29,35,WIND,elexon,3901
2026-08-29,35,WIND,neso,4145.0
2026-08-29,36,WIND,elexon,4114
2026-08-29,36,WIND,neso,3986.0
2026-08-29,37,WIND,elexon,4145
2026-08-29,37,WIND,neso,3981.0
2026-08-29,38,WIND,elexon,3986
2026-08-29,38,WIND,neso,4260.0
2026-08-29,39,WIND,elexon,3981
2026-08-29,39,WIND,neso,4669.0
2026-08-29,40,WIND,elexon,4260
2026-08-29,40,WIND,neso,4967.0
2026-08-29,41,WIND,elexon,4669
2026-08-29,41,WIND,neso,5179.0
2026-08-29,42,WIND,elexon,4967
2026-08-29,42,WIND,neso,5214.0
2026-08-29,43,WIND,elexon,5179
2026-08-29,43,WIND,neso,5320.0
2026-08-29,44,WIND,elexon,5214
2026-08-29,44,WIND,neso,5302.0
2026-08-29,45,WIND,elexon,5320
2026-08-29,45,WIND,neso,5073.0
2026-08-29,46,WIND,elexon,5302
2026-08-29,46,WIND,neso,4544.0
2026-08-29,47,WIND,elexon,5073
2026-08-29,47,WIND,neso,4323.0
2026-08-29,48,WIND,elexon,4544
2026-08-29,48,WIND,neso,4195.0
2026-08-30,1,WIND,elexon,4323
2026-08-30,1,WIND,neso,4026.0
2026-08-30,2,WIND,elexon,4195
2026-08-30,2,WIND,neso,3741.0
2026-08-30,3,WIND,elexon,4026
2026-08-30,3,WIND,neso,3659.0
2026-08-30,4,WIND,elexon,3741
2026-08-30,4,WIND,neso,3659.0
2026-08-30,5,WIND,elexon,3659
2026-08-30,5,WIND,neso,3589.0
2026-08-30,6,WIND,elexon,3659
2026-08-30,6,WIND,neso,3652.0
2026-08-30,7,WIND,elexon,3589
2026-08-30,7,WIND,neso,3702.0
2026-08-30,8,WIND,elexon,3652
2026-08-30,8,WIND,neso,3821.0
2026-08-30,9,WIND,elexon,3702
2026-08-30,9,WIND,neso,3882.0
2026-08-30,10,WIND,elexon,3821
2026-08-30,10,WIND,neso,3941.0
2026-08-30,11,WIND,elexon,3882
2026-08-30,11,WIND,neso,3699.0
2026-08-30,12,WIND,elexon,3941
2026-08-30,12,WIND,neso,3329.0
2026-08-30,13,WIND,elexon,3699
2026-08-30,13,WIND,neso,2970.0
2026-08-30,14,WIND,elexon,3329
2026-08-30,14,WIND,neso,2844.0
2026-08-30,15,WIND,elexon,2970
2026-08-30,15,WIND,neso,2739.0
2026-08-30,16,WIND,elexon,2844
2026-08-30,16,WIND,neso,2465.0
2026-08-30,17,WIND,elexon,2739
2026-08-30,17,WIND,neso,2300.0
2026-08-30,18,WIND,elexon,2465
2026-08-30,18,WIND,neso,2127.0
2026-08-30,19,WIND,elexon,2300
2026-08-30,19,WIND,neso,2180.0
2026-08-30,20,WIND,elexon,2127
2026-08-30,20,WIND,neso,1968.0
2026-08-30,21,WIND,elexon,2180
2026-08-30,21,WIND,neso,1892.0
2026-08-30,22,WIND,elexon,1968
2026-08-30,22,WIND,neso,1959.0
2026-08-30,23,WIND,elexon,1892
2026-08-30,23,WIND,neso,1914.0
2026-08-30,24,WIND,elexon,1959
2026-08-30,24,WIND,neso,2118.0
2026-08-30,25,WIND,elexon,1914
2026-08-30,25,WIND,neso,2299.0
2026-08-30,26,WIND,elexon,2118
2026-08-30,26,WIND,neso,2484.0
2026-08-30,27,WIND,elexon,2299
2026-08-30,27,WIND,neso,2759.0
2026-08-30,28,WIND,elexon,2484
2026-08-30,28,WIND,neso,3401.0
2026-08-30,29,WIND,elexon,2759
2026-08-30,29,WIND,neso,4272.0
2026-08-30,30,WIND,elexon,3401
2026-08-30,30,WIND,neso,4517.0
2026-08-30,31,WIND,elexon,4272
2026-08-30,31,WIND,neso,4880.0
2026-08-30,32,WIND,elexon,4517
2026-08-30,32,WIND,neso,5387.0
2026-08-30,33,WIND,elexon,4880
2026-08-30,33,WIND,neso,5880.0
2026-08-30,34,WIND,elexon,5387
2026-08-30,34,WIND,neso,6759.0
2026-08-30,35,WIND,elexon,5880
2026-08-30,35,WIND,neso,6611.0
2026-08-30,36,WIND,elexon,6759
2026-08-30,36,WIND,neso,6703.0
2026-08-30,37,WIND,elexon,6611
2026-08-30,37,WIND,neso,7425.0
2026-08-30,38,WIND,elexon,6703
2026-08-30,38,WIND,neso,7398.0
2026-08-30,39,WIND,elexon,7425
2026-08-30,39,WIND,neso,7165.0
2026-08-30,40,WIND,elexon,7398
2026-08-30,40,WIND,neso,7607.0
2026-08-30,41,WIND,elexon,7165
2026-08-30,41,WIND,neso,8172.0
2026-08-30,42,WIND,elexon,7607
2026-08-30,42,WIND,neso,8013.0
2026-08-30,43,WIND,elexon,8172
2026-08-30,43,WIND,neso,7552.0
2026-08-30,44,WIND,elexon,8013
2026-08-30,44,WIND,neso,7136.0
2026-08-30,45,WIND,elexon,7552
2026-08-30,45,WIND,neso,7019.0
2026-08-30,46,WIND,elexon,7136
2026-08-30,46,WIND,neso,7083.0
2026-08-30,47,WIND,elexon,7019
2026-08-30,47,WIND,neso,6785.0
2026-08-30,48,WIND,elexon,7083
2026-08-30,48,WIND,neso,5917.0
2026-08-31,1,WIND,elexon,6785
2026-08-31,1,WIND,neso,6000.0
2026-08-31,2,WIND,elexon,5917
2026-08-31,2,WIND,neso,5913.0
2026-08-31,3,WIND,elexon,6000
2026-08-31,3,WIND,neso,6047.0
2026-08-31,4,WIND,elexon,5913
2026-08-31,4,WIND,neso,6090.0
2026-08-31,5,WIND,elexon,6047
2026-08-31,5,WIND,neso,6125.0
2026-08-31,6,WIND,elexon,6090
2026-08-31,6,WIND,neso,6057.0
2026-08-31,7,WIND,elexon,6125
2026-08-31,7,WIND,neso,5921.0
2026-08-31,8,WIND,elexon,6057
2026-08-31,8,WIND,neso,5614.0
2026-08-31,9,WIND,elexon,5921
2026-08-31,9,WIND,neso,5550.0
2026-08-31,10,WIND,elexon,5614
2026-08-31,10,WIND,neso,5434.0
2026-08-31,11,WIND,elexon,5550
2026-08-31,11,WIND,neso,5686.0
2026-08-31,12,WIND,elexon,5434
2026-08-31,12,WIND,neso,5930.0
2026-08-31,13,WIND,elexon,5686
2026-08-31,13,WIND,neso,6549.0
2026-08-31,14,WIND,elexon,5930
2026-08-31,14,WIND,neso,7161.0
2026-08-31,15,WIND,elexon,6549
2026-08-31,15,WIND,neso,7401.0
2026-08-31,16,WIND,elexon,7161
2026-08-31,16,WIND,neso,7963.0
2026-08-31,17,WIND,elexon,7401
2026-08-31,17,WIND,neso,8064.0
2026-08-31,18,WIND,elexon,7963
2026-08-31,18,WIND,neso,8302.0
2026-08-31,19,WIND,elexon,8064
2026-08-31,19,WIND,neso,8273.0
2026-08-31,20,WIND,elexon,8302
2026-08-31,20,WIND,neso,8501.0
2026-08-31,21,WIND,elexon,8273
2026-08-31,21,WIND,neso,8910.0
2026-08-31,22,WIND,elexon,8501
2026-08-31,22,WIND,neso,8809.0
2026-08-31,23,WIND,elexon,8910
2026-08-31,23,WIND,neso,8844.0
2026-08-31,24,WIND,elexon,8809
2026-08-31,24,WIND,neso,9072.0
2026-08-31,25,WIND,elexon,8844
2026-08-31,25,WIND,neso,8889.0
2026-08-31,26,WIND,elexon,9072
2026-08-31,26,WIND,neso,8797.0
2026-08-31,27,WIND,elexon,8889
2026-08-31,27,WIND,neso,9097.0
2026-08-31,28,WIND,elexon,8797
2026-08-31,28,WIND,neso,9272.0
2026-08-31,29,WIND,elexon,9097
2026-08-31,29,WIND,neso,9415.0
2026-08-31,30,WIND,elexon,9272
2026-08-31,30,WIND,neso,9455.0
2026-08-31,31,WIND,elexon,9415
2026-08-31,31,WIND,neso,9400.0
2026-08-31,32,WIND,elexon,9455
2026-08-31,32,WIND,neso,9385.0
2026-08-31,33,WIND,elexon,9400
2026-08-31,33,WIND,neso,8726.0
2026-08-31,34,WIND,elexon,9385
2026-08-31,34,WIND,neso,8307.0
2026-08-31,35,WIND,elexon,8726
2026-08-31,35,WIND,neso,8489.0
2026-08-31,36,WIND,elexon,8307
2026-08-31,36,WIND,neso,8435.0
2026-08-31,37,WIND,elexon,8489
2026-08-31,37,WIND,neso,8578.0
2026-08-31,38,WIND,elexon,8435
2026-08-31,38,WIND,neso,8349.0
2026-08-31,39,WIND,elexon,8578
2026-08-31,39,WIND,neso,8071.0
2026-08-31,40,WIND,elexon,8349
2026-08-31,40,WIND,neso,8707.0
2026-08-31,41,WIND,elexon,8071
2026-08-31,41,WIND,neso,8749.0
2026-08-31,42,WIND,elexon,8707
2026-08-31,42,WIND,neso,8538.0
2026-08-31,43,WIND,elexon,8749
2026-08-31,43,WIND,neso,8557.0
2026-08-31,44,WIND,elexon,8538
2026-08-31,44,WIND,neso,8416.0
2026-08-31,45,WIND,elexon,8557
2026-08-31,45,WIND,neso,8483.0
2026-08-31,46,WIND,elexon,8416
2026-08-31,46,WIND,neso,8578.0
2026-08-31,47,WIND,elexon,8483
2026-08-31,47,WIND,neso,8547.0
2026-08-31,48,WIND,elexon,8578
2026-08-31,48,WIND,neso,8620.0
2026-09-01,1,WIND,elexon,8547
2026-09-01,1,WIND,neso,8814.0
2026-09-01,2,WIND,elexon,8620
2026-09-01,2,WIND,neso,9092.0
2026-09-01,3,WIND,elexon,8814
2026-09-01,3,WIND,neso,8962.0
2026-09-01,4,WIND,elexon,9092
2026-09-01,4,WIND,neso,9327.0
2026-09-01,5,WIND,elexon,8962
2026-09-01,5,WIND,neso,9346.0
2026-09-01,6,WIND,elexon,9327
2026-09-01,6,WIND,neso,9435.0
2026-09-01,7,WIND,elexon,9346
2026-09-01,7,WIND,neso,9306.0
2026-09-01,8,WIND,elexon,9435
2026-09-01,8,WIND,neso,9129.0
2026-09-01,9,WIND,elexon,9306
2026-09-01,9,WIND,neso,9008.0
2026-09-01,10,WIND,elexon,9129
2026-09-01,10,WIND,neso,8770.0
2026-09-01,11,WIND,elexon,9008
2026-09-01,11,WIND,neso,8470.0
2026-09-01,12,WIND,elexon,8770
2026-09-01,12,WIND,neso,8057.0
2026-09-01,13,WIND,elexon,8470
2026-09-01,13,WIND,neso,8006.0
2026-09-01,14,WIND,elexon,8057
2026-09-01,14,WIND,neso,7972.0
2026-09-01,15,WIND,elexon,8006
2026-09-01,15,WIND,neso,7880.0
2026-09-01,16,WIND,elexon,7972
2026-09-01,16,WIND,neso,8100.0
2026-09-01,17,WIND,elexon,7880
2026-09-01,17,WIND,neso,8321.0
2026-09-01,18,WIND,elexon,8100
2026-09-01,18,WIND,neso,8063.0
2026-09-01,19,WIND,elexon,8321
2026-09-01,19,WIND,neso,7932.0
2026-09-01,20,WIND,elexon,8063
2026-09-01,20,WIND,neso,8078.0
2026-09-01,21,WIND,elexon,7932
2026-09-01,21,WIND,neso,8351.0
2026-09-01,22,WIND,elexon,8078
2026-09-01,22,WIND,neso,8664.0
2026-09-01,23,WIND,elexon,8351
2026-09-01,23,WIND,neso,8760.0
2026-09-01,24,WIND,elexon,8664
2026-09-01,24,WIND,neso,8891.0
2026-09-01,25,WIND,elexon,8760
2026-09-01,25,WIND,neso,9258.0
2026-09-01,26,WIND,elexon,8891
2026-09-01,26,WIND,neso,9517.0
2026-09-01,27,WIND,elexon,9258
2026-09-01,27,WIND,neso,9703.0
2026-09-01,28,WIND,elexon,9517
2026-09-01,28,WIND,neso,9620.0
2026-09-01,29,WIND,elexon,9703
2026-09-01,29,WIND,neso,9715.0
2026-09-01,30,WIND,elexon,9620
2026-09-01,30,WIND,neso,9860.0
2026-09-01,31,WIND,elexon,9715
2026-09-01,31,WIND,neso,10498.0
2026-09-01,32,WIND,elexon,9860
2026-09-01,32,WIND,neso,10736.0
2026-09-01,33,WIND,elexon,10498
2026-09-01,33,WIND,neso,10979.0
2026-09-01,34,WIND,elexon,10736
2026-09-01,34,WIND,neso,10755.0
2026-09-01,35,WIND,elexon,10979
2026-09-01,35,WIND,neso,10422.0
2026-09-01,36,WIND,elexon,10755
2026-09-01,36,WIND,neso,10109.0
2026-09-01,37,WIND,elexon,10422
2026-09-01,37,WIND,neso,9513.0
2026-09-01,38,WIND,elexon,10109
2026-09-01,38,WIND,neso,9311.0
2026-09-01,39,WIND,elexon,9513
2026-09-01,39,WIND,neso,9297.0
2026-09-01,40,WIND,elexon,9311
2026-09-01,40,WIND,neso,9165.0
2026-09-01,41,WIND,elexon,9297
2026-09-01,41,WIND,neso,9086.0
2026-09-01,42,WIND,elexon,9165
2026-09-01,42,WIND,neso,9066.0
2026-09-01,43,WIND,elexon,9086
2026-09-01,43,WIND,neso,8863.0
2026-09-01,44,WIND,elexon,9066
2026-09-01,44,WIND,neso,8485.0
2026-09-01,45,WIND,elexon,8863
2026-09-01,45,WIND,neso,8187.0
2026-09-01,46,WIND,elexon,8485
2026-09-01,46,WIND,neso,7766.0
2026-09-01,47,WIND,elexon,8187
2026-09-01,47,WIND,neso,7368.0
2026-09-01,48,WIND,elexon,7766
2026-09-01,48,WIND,neso,6546.0
2026-09-02,1,WIND,elexon,7368
2026-09-02,1,WIND,neso,6653.0
2026-09-02,2,WIND,elexon,6546
2026-09-02,2,WIND,neso,6653.0
2026-09-02,3,WIND,elexon,6653
2026-09-02,3,WIND,neso,6772.0
2026-09-02,4,WIND,elexon,6653
2026-09-02,4,WIND,neso,6681.0
2026-09-02,5,WIND,elexon,6772
2026-09-02,5,WIND,neso,5949.0
2026-09-02,6,WIND,elexon,6681
2026-09-02,6,WIND,neso,5719.0
2026-09-02,7,WIND,elexon,5949
2026-09-02,7,WIND,neso,5536.0
2026-09-02,8,WIND,elexon,5719
2026-09-02,8,WIND,neso,5147.0
2026-09-02,9,WIND,elexon,5536
2026-09-02,9,WIND,neso,5065.0
2026-09-02,10,WIND,elexon,5147
2026-09-02,10,WIND,neso,5096.0
2026-09-02,11,WIND,elexon,5065
2026-09-02,11,WIND,neso,4719.0
2026-09-02,12,WIND,elexon,5096
2026-09-02,12,WIND,neso,4396.0
2026-09-02,13,WIND,elexon,4719
2026-09-02,13,WIND,neso,4212.0
2026-09-02,14,WIND,elexon,4396
2026-09-02,14,WIND,neso,4159.0
2026-09-02,15,WIND,elexon,4212
2026-09-02,15,WIND,neso,4305.0
2026-09-02,16,WIND,elexon,4159
2026-09-02,16,WIND,neso,4259.0
2026-09-02,17,WIND,elexon,4305
2026-09-02,17,WIND,neso,4122.0
2026-09-02,18,WIND,elexon,4259
2026-09-02,18,WIND,neso,4004.0
2026-09-02,19,WIND,elexon,4122
2026-09-02,19,WIND,neso,4158.0
2026-09-02,20,WIND,elexon,4004
2026-09-02,20,WIND,neso,4284.0
2026-09-02,21,WIND,elexon,4158
2026-09-02,21,WIND,neso,4362.0
2026-09-02,22,WIND,elexon,4284
2026-09-02,22,WIND,neso,4607.0
2026-09-02,23,WIND,elexon,4362
2026-09-02,23,WIND,neso,4991.0
2026-09-02,24,WIND,elexon,4607
2026-09-02,24,WIND,neso,5473.0
2026-09-02,25,WIND,elexon,4991
2026-09-02,25,WIND,neso,5776.0
2026-09-02,26,WIND,elexon,5473
2026-09-02,26,WIND,neso,6421.0
2026-09-02,27,WIND,elexon,5776
2026-09-02,27,WIND,neso,6522.0
2026-09-02,28,WIND,elexon,6421
2026-09-02,28,WIND,neso,6583.0
2026-09-02,29,WIND,elexon,6522
2026-09-02,29,WIND,neso,6693.0
2026-09-02,30,WIND,elexon,6583
2026-09-02,30,WIND,neso,7611.0
2026-09-02,31,WIND,elexon,6693
2026-09-02,31,WIND,neso,8776.0
2026-09-02,32,WIND,elexon,7611
2026-09-02,32,WIND,neso,8425.0
2026-09-02,33,WIND,elexon,8776
2026-09-02,33,WIND,neso,8465.0
2026-09-02,34,WIND,elexon,8425
2026-09-02,34,WIND,neso,9308.0
2026-09-02,35,WIND,elexon,8465
2026-09-02,35,WIND,neso,9481.0
2026-09-02,36,WIND,elexon,9308
2026-09-02,36,WIND,neso,9826.0
2026-09-02,37,WIND,elexon,9481
2026-09-02,37,WIND,neso,10616.0
2026-09-02,38,WIND,elexon,9826
2026-09-02,38,WIND,neso,11382.0
2026-09-02,39,WIND,elexon,10616
2026-09-02,39,WIND,neso,12011.0
2026-09-02,40,WIND,elexon,11382
2026-09-02,40,WIND,neso,12322.0
2026-09-02,41,WIND,elexon,12011
2026-09-02,41,WIND,neso,12467.0
2026-09-02,42,WIND,elexon,12322
2026-09-02,42,WIND,neso,12679.0
2026-09-02,43,WIND,elexon,12467
2026-09-02,43,WIND,neso,12781.0
2026-09-02,44,WIND,elexon,12679
2026-09-02,44,WIND,neso,12907.0
2026-09-02,45,WIND,elexon,12781
2026-09-02,45,WIND,neso,13544.0
2026-09-02,46,WIND,elexon,12907
2026-09-02,46,WIND,neso,13727.0
2026-09-02,47,WIND,elexon,13544
2026-09-02,47,WIND,neso,13664.0
2026-09-02,48,WIND,elexon,13727
2026-09-02,48,WIND,neso,13278.0
2026-09-03,1,WIND,elexon,13664
2026-09-03,1,WIND,neso,13091.0
2026-09-03,2,WIND,elexon,13278
2026-09-03,2,WIND,neso,13145.0
2026-09-03,3,WIND,elexon,13091
2026-09-03,3,WIND,neso,13470.0
2026-09-03,4,WIND,elexon,13145
2026-09-03,4,WIND,neso,13566.0
2026-09-03,5,WIND,elexon,13470
2026-09-03,5,WIND,neso,13670.0
2026-09-03,6,WIND,elexon,13566
2026-09-03,6,WIND,neso,13779.0
2026-09-03,7,WIND,elexon,13670
2026-09-03,7,WIND,neso,13602.0
2026-09-03,8,WIND,elexon,13779
2026-09-03,8,WIND,neso,13376.0
2026-09-03,9,WIND,elexon,13602
2026-09-03,9,WIND,neso,13223.0
2026-09-03,10,WIND,elexon,13376
2026-09-03,10,WIND,neso,13218.0
2026-09-03,11,WIND,elexon,13223
2026-09-03,11,WIND,neso,13188.0
2026-09-03,12,WIND,elexon,13218
2026-09-03,12,WIND,neso,13002.0
2026-09-03,13,WIND,elexon,13188
2026-09-03,13,WIND,neso,12937.0
2026-09-03,14,WIND,elexon,13002
2026-09-03,14,WIND,neso,13300.0
2026-09-03,15,WIND,elexon,12937
2026-09-03,15,WIND,neso,13377.0
2026-09-03,16,WIND,elexon,13300
2026-09-03,16,WIND,neso,13498.0
2026-09-03,17,WIND,elexon,13377
2026-09-03,17,WIND,neso,13595.0
2026-09-03,18,WIND,elexon,13498
2026-09-03,18,WIND,neso,13562.0
2026-09-03,19,WIND,elexon,13595
2026-09-03,19,WIND,neso,13036.0
2026-09-03,20,WIND,elexon,13562
2026-09-03,20,WIND,neso,13367.0
2026-09-03,21,WIND,elexon,13036
2026-09-03,21,WIND,neso,13423.0
2026-09-03,22,WIND,elexon,13367
2026-09-03,22,WIND,neso,13054.0
2026-09-03,23,WIND,elexon,13423
2026-09-03,23,WIND,neso,13162.0
2026-09-03,24,WIND,elexon,13054
2026-09-03,24,WIND,neso,12533.0
2026-09-03,25,WIND,elexon,13162
2026-09-03,25,WIND,neso,12159.0
2026-09-03,26,WIND,elexon,12533
2026-09-03,26,WIND,neso,12265.0
2026-09-03,27,WIND,elexon,12159
2026-09-03,27,WIND,neso,12225.0
2026-09-03,28,WIND,elexon,12265
2026-09-03,28,WIND,neso,11799.0
2026-09-03,29,WIND,elexon,12225
2026-09-03,29,WIND,neso,11895.0
2026-09-03,30,WIND,elexon,11799
2026-09-03,30,WIND,neso,11276.0
2026-09-03,31,WIND,elexon,11895
2026-09-03,31,WIND,neso,10700.0
2026-09-03,32,WIND,elexon,11276
2026-09-03,32,WIND,neso,10356.0
2026-09-03,33,WIND,elexon,10700
2026-09-03,33,WIND,neso,10231.0
2026-09-03,34,WIND,elexon,10356
2026-09-03,34,WIND,neso,10594.0
2026-09-03,35,WIND,elexon,10231
2026-09-03,35,WIND,neso,10450.0
2026-09-03,36,WIND,elexon,10594
2026-09-03,36,WIND,neso,9488.0
2026-09-03,37,WIND,elexon,10450
2026-09-03,37,WIND,neso,9598.0
2026-09-03,38,WIND,elexon,9488
2026-09-03,38,WIND,neso,9525.0
2026-09-03,39,WIND,elexon,9598
2026-09-03,39,WIND,neso,10051.0
2026-09-03,40,WIND,elexon,9525
2026-09-03,40,WIND,neso,10040.0
2026-09-03,41,WIND,elexon,10051
2026-09-03,41,WIND,neso,9838.0
2026-09-03,42,WIND,elexon,10040
2026-09-03,42,WIND,neso,9466.0
2026-09-03,43,WIND,elexon,9838
2026-09-03,43,WIND,neso,9410.0
2026-09-03,44,WIND,elexon,9466
2026-09-03,44,WIND,neso,9533.0
2026-09-03,45,WIND,elexon,9410
2026-09-03,45,WIND,neso,9921.0
2026-09-03,46,WIND,elexon,9533
2026-09-03,46,WIND,neso,9741.0
2026-09-03,47,WIND,elexon,9921
2026-09-03,47,WIND,neso,10121.0
2026-09-03,48,WIND,elexon,9741
2026-09-03,48,WIND,neso,10401.0
