publishTime,startTime,settlementDate,settlementPeriod,initialDemandOutturn,initialTransmissionSystemDemandOutturn
2026-06-05T23:30:00Z,2026-06-05T23:00:00Z,2026-06-06,1,20711,23683
2026-06-06T00:00:00Z,2026-06-05T23:30:00Z,2026-06-06,2,20130,23103
2026-06-06T00:30:00Z,2026-06-06T00:00:00Z,2026-06-06,3,19710,22682
2026-06-06T01:00:00Z,2026-06-06T00:30:00Z,2026-06-06,4,19215,22171
2026-06-06T01:30:00Z,2026-06-06T01:00:00Z,2026-06-06,5,19190,21762
2026-06-06T02:00:00Z,2026-06-06T01:30:00Z,2026-06-06,6,18444,21135
2026-06-06T02:30:00Z,2026-06-06T02:00:00Z,2026-06-06,7,18161,20935
2026-06-06T03:00:00Z,2026-06-06T02:30:00Z,2026-06-06,8,17823,20669
2026-06-06T03:30:00Z,2026-06-06T03:00:00Z,2026-06-06,9,17654,20849
2026-06-06T04:00:00Z,2026-06-06T03:30:00Z,2026-06-06,10,17245,20463
2026-06-06T04:30:00Z,2026-06-06T04:00:00Z,2026-06-06,11,17003,20218
2026-06-06T05:00:00Z,2026-06-06T04:30:00Z,2026-06-06,12,16883,20142
2026-06-06T05:30:00Z,2026-06-06T05:00:00Z,2026-06-06,13,17474,20043
2026-06-06T06:00:00Z,2026-06-06T05:30:00Z,2026-06-06,14,17845,20286
2026-06-06T06:30:00Z,2026-06-06T06:00:00Z,2026-06-06,15,19043,21076
2026-06-06T07:00:00Z,2026-06-06T06:30:00Z,2026-06-06,16,19559,21639
2026-06-06T07:30:00Z,2026-06-06T07:00:00Z,2026-06-06,17,20342,22365
2026-06-06T08:00:00Z,2026-06-06T07:30:00Z,2026-06-06,18,20762,22967
2026-06-06T08:30:00Z,2026-06-06T08:00:00Z,2026-06-06,19,21011,23520
2026-06-06T09:00:00Z,2026-06-06T08:30:00Z,2026-06-06,20,21142,24030
2026-06-06T09:30:00Z,2026-06-06T09:00:00Z,2026-06-06,21,21222,24078
2026-06-06T10:00:00Z,2026-06-06T09:30:00Z,2026-06-06,22,21209,24037
2026-06-06T10:30:00Z,2026-06-06T10:00:00Z,2026-06-06,23,21143,23991
2026-06-06T11:00:00Z,2026-06-06T10:30:00Z,2026-06-06,24,21026,23852
2026-06-06T11:30:00Z,2026-06-06T11:00:00Z,2026-06-06,25,20608,23444
2026-06-06T12:00:00Z,2026-06-06T11:30:00Z,2026-06-06,26,20721,23617
2026-06-06T12:30:00Z,2026-06-06T12:00:00Z,2026-06-06,27,20222,23075
2026-06-06T13:00:00Z,2026-06-06T12:30:00Z,2026-06-06,28,20387,23174
2026-06-06T13:30:00Z,2026-06-06T13:00:00Z,2026-06-06,29,20328,22987
2026-06-06T14:00:00Z,2026-06-06T13:30:00Z,2026-06-06,30,20686,22926
2026-06-06T14:30:00Z,2026-06-06T14:00:00Z,2026-06-06,31,20770,22652
2026-06-06T15:00:00Z,2026-06-06T14:30:00Z,2026-06-06,32,21260,22433
2026-06-06T15:30:00Z,2026-06-06T15:00:00Z,2026-06-06,33,21901,22925
2026-06-06T16:00:00Z,2026-06-06T15:30:00Z,2026-06-06,34,22865,23929
2026-06-06T16:30:00Z,2026-06-06T16:00:00Z,2026-06-06,35,23975,25218
2026-06-06T17:00:00Z,2026-06-06T16:30:00Z,2026-06-06,36,24619,26077
2026-06-06T17:30:00Z,2026-06-06T17:00:00Z,2026-06-06,37,25071,26521
2026-06-06T18:00:00Z,2026-06-06T17:30:00Z,2026-06-06,38,25581,27026
2026-06-06T18:30:00Z,2026-06-06T18:00:00Z,2026-06-06,39,25631,27395
2026-06-06T19:00:00Z,2026-06-06T18:30:00Z,2026-06-06,40,25463,27360
2026-06-06T19:30:00Z,2026-06-06T19:00:00Z,2026-06-06,41,25175,27058
2026-06-06T20:00:00Z,2026-06-06T19:30:00Z,2026-06-06,42,24587,26476
2026-06-06T20:30:00Z,2026-06-06T20:00:00Z,2026-06-06,43,24645,26376
2026-06-06T21:00:00Z,2026-06-06T20:30:00Z,2026-06-06,44,24012,25712
2026-06-06T21:30:00Z,2026-06-06T21:00:00Z,2026-06-06,45,23626,25199
2026-06-06T22:00:00Z,2026-06-06T21:30:00Z,2026-06-06,46,22284,23613
2026-06-06T22:30:00Z,2026-06-06T22:00:00Z,2026-06-06,47,20927,22161
2026-06-06T23:00:00Z,2026-06-06T22:30:00Z,2026-06-06,48,20411,21762
2026-06-06T23:30:00Z,2026-06-06T23:00:00Z,2026-06-07,1,19746,21041
2026-06-07T00:00:00Z,2026-06-06T23:30:00Z,2026-06-07,2,19424,20503
2026-06-07T00:30:00Z,2026-06-07T00:00:00Z,2026-06-07,3,18617,19766
2026-06-07T01:00:00Z,2026-06-07T00:30:00Z,2026-06-07,4,18250,19841
2026-06-07T01:30:00Z,2026-06-07T01:00:00Z,2026-06-07,5,17883,19961
2026-06-07T02:00:00Z,2026-06-07T01:30:00Z,2026-06-07,6,17382,19510
2026-06-07T02:30:00Z,2026-06-07T02:00:00Z,2026-06-07,7,16820,19302
2026-06-07T03:00:00Z,2026-06-07T02:30:00Z,2026-06-07,8,16702,19260
2026-06-07T03:30:00Z,2026-06-07T03:00:00Z,2026-06-07,9,16492,19890
2026-06-07T04:00:00Z,2026-06-07T03:30:00Z,2026-06-07,10,16185,19663
2026-06-07T04:30:00Z,2026-06-07T04:00:00Z,2026-06-07,11,15836,19298
2026-06-07T05:00:00Z,2026-06-07T04:30:00Z,2026-06-07,12,15595,19084
2026-06-07T05:30:00Z,2026-06-07T05:00:00Z,2026-06-07,13,15733,19353
2026-06-07T06:00:00Z,2026-06-07T05:30:00Z,2026-06-07,14,15715,19380
2026-06-07T06:30:00Z,2026-06-07T06:00:00Z,2026-06-07,15,15985,19573
2026-06-07T07:00:00Z,2026-06-07T06:30:00Z,2026-06-07,16,16225,19669
2026-06-07T07:30:00Z,2026-06-07T07:00:00Z,2026-06-07,17,17093,20142
2026-06-07T08:00:00Z,2026-06-07T07:30:00Z,2026-06-07,18,17151,20306
2026-06-07T08:30:00Z,2026-06-07T08:00:00Z,2026-06-07,19,17132,20092
2026-06-07T09:00:00Z,2026-06-07T08:30:00Z,2026-06-07,20,17631,20451
2026-06-07T09:30:00Z,2026-06-07T09:00:00Z,2026-06-07,21,18109,20539
2026-06-07T10:00:00Z,2026-06-07T09:30:00Z,2026-06-07,22,17762,20409
2026-06-07T10:30:00Z,2026-06-07T10:00:00Z,2026-06-07,23,17682,20847
2026-06-07T11:00:00Z,2026-06-07T10:30:00Z,2026-06-07,24,17673,20999
2026-06-07T11:30:00Z,2026-06-07T11:00:00Z,2026-06-07,25,17911,21169
2026-06-07T12:00:00Z,2026-06-07T11:30:00Z,2026-06-07,26,17686,20970
2026-06-07T12:30:00Z,2026-06-07T12:00:00Z,2026-06-07,27,17613,21261
2026-06-07T13:00:00Z,2026-06-07T12:30:00Z,2026-06-07,28,17380,21108
2026-06-07T13:30:00Z,2026-06-07T13:00:00Z,2026-06-07,29,17195,21199
2026-06-07T14:00:00Z,2026-06-07T13:30:00Z,2026-06-07,30,17325,21177
2026-06-07T14:30:00Z,2026-06-07T14:00:00Z,2026-06-07,31,17603,21279
2026-06-07T15:00:00Z,2026-06-07T14:30:00Z,2026-06-07,32,18348,22136
2026-06-07T15:30:00Z,2026-06-07T15:00:00Z,2026-06-07,33,19926,23370
2026-06-07T16:00:00Z,2026-06-07T15:30:00Z,2026-06-07,34,21475,24606
2026-06-07T16:30:00Z,2026-06-07T16:00:00Z,2026-06-07,35,22896,25682
2026-06-07T17:00:00Z,2026-06-07T16:30:00Z,2026-06-07,36,23786,25788
2026-06-07T17:30:00Z,2026-06-07T17:00:00Z,2026-06-07,37,24645,26543
2026-06-07T18:00:00Z,2026-06-07T17:30:00Z,2026-06-07,38,24763,26757
2026-06-07T18:30:00Z,2026-06-07T18:00:00Z,2026-06-07,39,25484,27429
2026-06-07T19:00:00Z,2026-06-07T18:30:00Z,2026-06-07,40,24813,26815
2026-06-07T19:30:00Z,2026-06-07T19:00:00Z,2026-06-07,41,24892,27000
2026-06-07T20:00:00Z,2026-06-07T19:30:00Z,2026-06-07,42,24505,26616
2026-06-07T20:30:00Z,2026-06-07T20:00:00Z,2026-06-07,43,23938,26061
2026-06-07T21:00:00Z,2026-06-07T20:30:00Z,2026-06-07,44,23505,25638
2026-06-07T21:30:00Z,2026-06-07T21:00:00Z,2026-06-07,45,22485,24935
2026-06-07T22:00:00Z,2026-06-07T21:30:00Z,2026-06-07,46,21634,24156
2026-06-07T22:30:00Z,2026-06-07T22:00:00Z,2026-06-07,47,20803,24315
2026-06-07T23:00:00Z,2026-06-07T22:30:00Z,2026-06-07,48,19634,23219
2026-06-07T23:30:00Z,2026-06-07T23:00:00Z,2026-06-08,1,19449,22837
2026-06-08T00:00:00Z,2026-06-07T23:30:00Z,2026-06-08,2,18645,21882
2026-06-08T00:30:00Z,2026-06-08T00:00:00Z,2026-06-08,3,18625,21751
2026-06-08T01:00:00Z,2026-06-08T00:30:00Z,2026-06-08,4,18896,21935
2026-06-08T01:30:00Z,2026-06-08T01:00:00Z,2026-06-08,5,18566,21595
2026-06-08T02:00:00Z,2026-06-08T01:30:00Z,2026-06-08,6,17927,20866
2026-06-08T02:30:00Z,2026-06-08T02:00:00Z,2026-06-08,7,17656,20550
2026-06-08T03:00:00Z,2026-06-08T02:30:00Z,2026-06-08,8,17500,20450
2026-06-08T03:30:00Z,2026-06-08T03:00:00Z,2026-06-08,9,17368,21067
2026-06-08T04:00:00Z,2026-06-08T03:30:00Z,2026-06-08,10,17539,21185
2026-06-08T04:30:00Z,2026-06-08T04:00:00Z,2026-06-08,11,17916,20872
2026-06-08T05:00:00Z,2026-06-08T04:30:00Z,2026-06-08,12,18381,21355
2026-06-08T05:30:00Z,2026-06-08T05:00:00Z,2026-06-08,13,20555,22596
2026-06-08T06:00:00Z,2026-06-08T05:30:00Z,2026-06-08,14,22132,24346
2026-06-08T06:30:00Z,2026-06-08T06:00:00Z,2026-06-08,15,24811,27036
2026-06-08T07:00:00Z,2026-06-08T06:30:00Z,2026-06-08,16,26040,28236
2026-06-08T07:30:00Z,2026-06-08T07:00:00Z,2026-06-08,17,27076,29134
2026-06-08T08:00:00Z,2026-06-08T07:30:00Z,2026-06-08,18,26852,28639
2026-06-08T08:30:00Z,2026-06-08T08:00:00Z,2026-06-08,19,27328,28790
2026-06-08T09:00:00Z,2026-06-08T08:30:00Z,2026-06-08,20,27123,28368
2026-06-08T09:30:00Z,2026-06-08T09:00:00Z,2026-06-08,21,26330,27366
2026-06-08T10:00:00Z,2026-06-08T09:30:00Z,2026-06-08,22,25633,26416
2026-06-08T10:30:00Z,2026-06-08T10:00:00Z,2026-06-08,23,25180,26033
2026-06-08T11:00:00Z,2026-06-08T10:30:00Z,2026-06-08,24,24642,25525
2026-06-08T11:30:00Z,2026-06-08T11:00:00Z,2026-06-08,25,24045,24841
2026-06-08T12:00:00Z,2026-06-08T11:30:00Z,2026-06-08,26,23000,23647
2026-06-08T12:30:00Z,2026-06-08T12:00:00Z,2026-06-08,27,22247,22986
2026-06-08T13:00:00Z,2026-06-08T12:30:00Z,2026-06-08,28,21842,22587
2026-06-08T13:30:00Z,2026-06-08T13:00:00Z,2026-06-08,29,20956,21643
2026-06-08T14:00:00Z,2026-06-08T13:30:00Z,2026-06-08,30,20587,21463
2026-06-08T14:30:00Z,2026-06-08T14:00:00Z,2026-06-08,31,19813,20717
2026-06-08T15:00:00Z,2026-06-08T14:30:00Z,2026-06-08,32,20194,20991
2026-06-08T15:30:00Z,2026-06-08T15:00:00Z,2026-06-08,33,20031,21637
2026-06-08T16:00:00Z,2026-06-08T15:30:00Z,2026-06-08,34,21349,23057
2026-06-08T16:30:00Z,2026-06-08T16:00:00Z,2026-06-08,35,22468,25457
2026-06-08T17:00:00Z,2026-06-08T16:30:00Z,2026-06-08,36,23536,26678
2026-06-08T17:30:00Z,2026-06-08T17:00:00Z,2026-06-08,37,24304,27524
2026-06-08T18:00:00Z,2026-06-08T17:30:00Z,2026-06-08,38,24866,28175
2026-06-08T18:30:00Z,2026-06-08T18:00:00Z,2026-06-08,39,26113,29087
2026-06-08T19:00:00Z,2026-06-08T18:30:00Z,2026-06-08,40,26291,29480
2026-06-08T19:30:00Z,2026-06-08T19:00:00Z,2026-06-08,41,26489,29975
2026-06-08T20:00:00Z,2026-06-08T19:30:00Z,2026-06-08,42,25890,29340
2026-06-08T20:30:00Z,2026-06-08T20:00:00Z,2026-06-08,43,26567,28511
2026-06-08T21:00:00Z,2026-06-08T20:30:00Z,2026-06-08,44,25890,27825
2026-06-08T21:30:00Z,2026-06-08T21:00:00Z,2026-06-08,45,25172,26803
2026-06-08T22:00:00Z,2026-06-08T21:30:00Z,2026-06-08,46,23630,25147
2026-06-08T22:30:00Z,2026-06-08T22:00:00Z,2026-06-08,47,22013,23405
2026-06-08T23:00:00Z,2026-06-08T22:30:00Z,2026-06-08,48,21293,22474
2026-06-08T23:30:00Z,2026-06-08T23:00:00Z,2026-06-09,1,21307,22308
2026-06-09T00:00:00Z,2026-06-08T23:30:00Z,2026-06-09,2,20949,21694
2026-06-09T00:30:00Z,2026-06-09T00:00:00Z,2026-06-09,3,20686,21270
2026-06-09T01:00:00Z,2026-06-09T00:30:00Z,2026-06-09,4,20534,21044
2026-06-09T01:30:00Z,2026-06-09T01:00:00Z,2026-06-09,5,20028,20576
2026-06-09T02:00:00Z,2026-06-09T01:30:00Z,2026-06-09,6,19453,19969
2026-06-09T02:30:00Z,2026-06-09T02:00:00Z,2026-06-09,7,19178,19694
2026-06-09T03:00:00Z,2026-06-09T02:30:00Z,2026-06-09,8,18934,19449
2026-06-09T03:30:00Z,2026-06-09T03:00:00Z,2026-06-09,9,18682,19197
2026-06-09T04:00:00Z,2026-06-09T03:30:00Z,2026-06-09,10,18438,19157
2026-06-09T04:30:00Z,2026-06-09T04:00:00Z,2026-06-09,11,18564,19356
2026-06-09T05:00:00Z,2026-06-09T04:30:00Z,2026-06-09,12,19148,19817
2026-06-09T05:30:00Z,2026-06-09T05:00:00Z,2026-06-09,13,20806,21322
2026-06-09T06:00:00Z,2026-06-09T05:30:00Z,2026-06-09,14,21683,22254
2026-06-09T06:30:00Z,2026-06-09T06:00:00Z,2026-06-09,15,23162,23750
2026-06-09T07:00:00Z,2026-06-09T06:30:00Z,2026-06-09,16,23342,24076
2026-06-09T07:30:00Z,2026-06-09T07:00:00Z,2026-06-09,17,22792,23580
2026-06-09T08:00:00Z,2026-06-09T07:30:00Z,2026-06-09,18,22680,23451
2026-06-09T08:30:00Z,2026-06-09T08:00:00Z,2026-06-09,19,22405,23078
2026-06-09T09:00:00Z,2026-06-09T08:30:00Z,2026-06-09,20,21768,22610
2026-06-09T09:30:00Z,2026-06-09T09:00:00Z,2026-06-09,21,20784,21865
2026-06-09T10:00:00Z,2026-06-09T09:30:00Z,2026-06-09,22,20144,21277
2026-06-09T10:30:00Z,2026-06-09T10:00:00Z,2026-06-09,23,19454,20818
2026-06-09T11:00:00Z,2026-06-09T10:30:00Z,2026-06-09,24,19215,20295
2026-06-09T11:30:00Z,2026-06-09T11:00:00Z,2026-06-09,25,18877,19928
2026-06-09T12:00:00Z,2026-06-09T11:30:00Z,2026-06-09,26,18774,20005
2026-06-09T12:30:00Z,2026-06-09T12:00:00Z,2026-06-09,27,18442,19677
2026-06-09T13:00:00Z,2026-06-09T12:30:00Z,2026-06-09,28,18281,19411
2026-06-09T13:30:00Z,2026-06-09T13:00:00Z,2026-06-09,29,17906,19287
2026-06-09T14:00:00Z,2026-06-09T13:30:00Z,2026-06-09,30,17884,19404
2026-06-09T14:30:00Z,2026-06-09T14:00:00Z,2026-06-09,31,18000,19480
2026-06-09T15:00:00Z,2026-06-09T14:30:00Z,2026-06-09,32,18484,19850
2026-06-09T15:30:00Z,2026-06-09T15:00:00Z,2026-06-09,33,19837,20675
2026-06-09T16:00:00Z,2026-06-09T15:30:00Z,2026-06-09,34,20805,21785
2026-06-09T16:30:00Z,2026-06-09T16:00:00Z,2026-06-09,35,22489,23178
2026-06-09T17:00:00Z,2026-06-09T16:30:00Z,2026-06-09,36,23993,24952
2026-06-09T17:30:00Z,2026-06-09T17:00:00Z,2026-06-09,37,25243,26561
2026-06-09T18:00:00Z,2026-06-09T17:30:00Z,2026-06-09,38,26014,27579
2026-06-09T18:30:00Z,2026-06-09T18:00:00Z,2026-06-09,39,26528,28450
2026-06-09T19:00:00Z,2026-06-09T18:30:00Z,2026-06-09,40,26403,28554
2026-06-09T19:30:00Z,2026-06-09T19:00:00Z,2026-06-09,41,25969,28270
2026-06-09T20:00:00Z,2026-06-09T19:30:00Z,2026-06-09,42,25924,28237
2026-06-09T20:30:00Z,2026-06-09T20:00:00Z,2026-06-09,43,25958,27968
2026-06-09T21:00:00Z,2026-06-09T20:30:00Z,2026-06-09,44,25610,27619
2026-06-09T21:30:00Z,2026-06-09T21:00:00Z,2026-06-09,45,24926,26935
2026-06-09T22:00:00Z,2026-06-09T21:30:00Z,2026-06-09,46,23722,25730
2026-06-09T22:30:00Z,2026-06-09T22:00:00Z,2026-06-09,47,22845,24853
2026-06-09T23:00:00Z,2026-06-09T22:30:00Z,2026-06-09,48,22298,24282
2026-06-09T23:30:00Z,2026-06-09T23:00:00Z,2026-06-10,1,21919,23812
2026-06-10T00:00:00Z,2026-06-09T23:30:00Z,2026-06-10,2,21561,23450
2026-06-10T00:30:00Z,2026-06-10T00:00:00Z,2026-06-10,3,21267,23138
2026-06-10T01:00:00Z,2026-06-10T00:30:00Z,2026-06-10,4,21224,22998
2026-06-10T01:30:00Z,2026-06-10T01:00:00Z,2026-06-10,5,21034,22901
2026-06-10T02:00:00Z,2026-06-10T01:30:00Z,2026-06-10,6,20577,22392
2026-06-10T02:30:00Z,2026-06-10T02:00:00Z,2026-06-10,7,20052,21848
2026-06-10T03:00:00Z,2026-06-10T02:30:00Z,2026-06-10,8,19763,21502
2026-06-10T03:30:00Z,2026-06-10T03:00:00Z,2026-06-10,9,19794,21425
2026-06-10T04:00:00Z,2026-06-10T03:30:00Z,2026-06-10,10,19299,20899
2026-06-10T04:30:00Z,2026-06-10T04:00:00Z,2026-06-10,11,19105,21021
2026-06-10T05:00:00Z,2026-06-10T04:30:00Z,2026-06-10,12,19524,21492
2026-06-10T05:30:00Z,2026-06-10T05:00:00Z,2026-06-10,13,21350,23177
2026-06-10T06:00:00Z,2026-06-10T05:30:00Z,2026-06-10,14,22526,24519
2026-06-10T06:30:00Z,2026-06-10T06:00:00Z,2026-06-10,15,23786,25800
2026-06-10T07:00:00Z,2026-06-10T06:30:00Z,2026-06-10,16,24042,26056
2026-06-10T07:30:00Z,2026-06-10T07:00:00Z,2026-06-10,17,24719,26733
2026-06-10T08:00:00Z,2026-06-10T07:30:00Z,2026-06-10,18,24452,26466
2026-06-10T08:30:00Z,2026-06-10T08:00:00Z,2026-06-10,19,23997,25934
2026-06-10T09:00:00Z,2026-06-10T08:30:00Z,2026-06-10,20,23973,25719
2026-06-10T09:30:00Z,2026-06-10T09:00:00Z,2026-06-10,21,23819,25359
2026-06-10T10:00:00Z,2026-06-10T09:30:00Z,2026-06-10,22,23102,24536
2026-06-10T10:30:00Z,2026-06-10T10:00:00Z,2026-06-10,23,22465,23968
2026-06-10T11:00:00Z,2026-06-10T10:30:00Z,2026-06-10,24,21790,23344
2026-06-10T11:30:00Z,2026-06-10T11:00:00Z,2026-06-10,25,21795,23278
2026-06-10T12:00:00Z,2026-06-10T11:30:00Z,2026-06-10,26,21505,22902
2026-06-10T12:30:00Z,2026-06-10T12:00:00Z,2026-06-10,27,21098,22597
2026-06-10T13:00:00Z,2026-06-10T12:30:00Z,2026-06-10,28,20799,22348
2026-06-10T13:30:00Z,2026-06-10T13:00:00Z,2026-06-10,29,20735,22150
2026-06-10T14:00:00Z,2026-06-10T13:30:00Z,2026-06-10,30,20747,22258
2026-06-10T14:30:00Z,2026-06-10T14:00:00Z,2026-06-10,31,20603,22093
2026-06-10T15:00:00Z,2026-06-10T14:30:00Z,2026-06-10,32,21402,22930
2026-06-10T15:30:00Z,2026-06-10T15:00:00Z,2026-06-10,33,22065,24031
2026-06-10T16:00:00Z,2026-06-10T15:30:00Z,2026-06-10,34,23405,25649
2026-06-10T16:30:00Z,2026-06-10T16:00:00Z,2026-06-10,35,24648,27765
2026-06-10T17:00:00Z,2026-06-10T16:30:00Z,2026-06-10,36,25702,29048
2026-06-10T17:30:00Z,2026-06-10T17:00:00Z,2026-06-10,37,25887,29756
2026-06-10T18:00:00Z,2026-06-10T17:30:00Z,2026-06-10,38,26578,30542
2026-06-10T18:30:00Z,2026-06-10T18:00:00Z,2026-06-10,39,27098,31100
2026-06-10T19:00:00Z,2026-06-10T18:30:00Z,2026-06-10,40,26922,31082
2026-06-10T19:30:00Z,2026-06-10T19:00:00Z,2026-06-10,41,27120,31664
2026-06-10T20:00:00Z,2026-06-10T19:30:00Z,2026-06-10,42,26859,31365
2026-06-10T20:30:00Z,2026-06-10T20:00:00Z,2026-06-10,43,27126,30285
2026-06-10T21:00:00Z,2026-06-10T20:30:00Z,2026-06-10,44,26687,29807
2026-06-10T21:30:00Z,2026-06-10T21:00:00Z,2026-06-10,45,25802,28834
2026-06-10T22:00:00Z,2026-06-10T21:30:00Z,2026-06-10,46,24569,27626
2026-06-10T22:30:00Z,2026-06-10T22:00:00Z,2026-06-10,47,23253,26833
2026-06-10T23:00:00Z,2026-06-10T22:30:00Z,2026-06-10,48,22643,25994
2026-06-10T23:30:00Z,2026-06-10T23:00:00Z,2026-06-11,1,22367,24614
2026-06-11T00:00:00Z,2026-06-10T23:30:00Z,2026-06-11,2,21978,23913
2026-06-11T00:30:00Z,2026-06-11T00:00:00Z,2026-06-11,3,21946,23621
2026-06-11T01:00:00Z,2026-06-11T00:30:00Z,2026-06-11,4,21264,22732
2026-06-11T01:30:00Z,2026-06-11T01:00:00Z,2026-06-11,5,20957,22580
2026-06-11T02:00:00Z,2026-06-11T01:30:00Z,2026-06-11,6,20610,21962
2026-06-11T02:30:00Z,2026-06-11T02:00:00Z,2026-06-11,7,20346,21862
2026-06-11T03:00:00Z,2026-06-11T02:30:00Z,2026-06-11,8,20118,21617
2026-06-11T03:30:00Z,2026-06-11T03:00:00Z,2026-06-11,9,20213,22464
2026-06-11T04:00:00Z,2026-06-11T03:30:00Z,2026-06-11,10,19933,22240
2026-06-11T04:30:00Z,2026-06-11T04:00:00Z,2026-06-11,11,19651,23067
2026-06-11T05:00:00Z,2026-06-11T04:30:00Z,2026-06-11,12,19683,22925
2026-06-11T05:30:00Z,2026-06-11T05:00:00Z,2026-06-11,13,21360,22729
2026-06-11T06:00:00Z,2026-06-11T05:30:00Z,2026-06-11,14,22091,23307
2026-06-11T06:30:00Z,2026-06-11T06:00:00Z,2026-06-11,15,24984,25497
2026-06-11T07:00:00Z,2026-06-11T06:30:00Z,2026-06-11,16,25979,26600
2026-06-11T07:30:00Z,2026-06-11T07:00:00Z,2026-06-11,17,27222,28068
2026-06-11T08:00:00Z,2026-06-11T07:30:00Z,2026-06-11,18,27501,28521
2026-06-11T08:30:00Z,2026-06-11T08:00:00Z,2026-06-11,19,28293,29265
2026-06-11T09:00:00Z,2026-06-11T08:30:00Z,2026-06-11,20,28543,29448
2026-06-11T09:30:00Z,2026-06-11T09:00:00Z,2026-06-11,21,28690,29533
2026-06-11T10:00:00Z,2026-06-11T09:30:00Z,2026-06-11,22,28796,29579
2026-06-11T10:30:00Z,2026-06-11T10:00:00Z,2026-06-11,23,28901,29639
2026-06-11T11:00:00Z,2026-06-11T10:30:00Z,2026-06-11,24,29660,30371
2026-06-11T11:30:00Z,2026-06-11T11:00:00Z,2026-06-11,25,29098,29972
2026-06-11T12:00:00Z,2026-06-11T11:30:00Z,2026-06-11,26,28496,29293
2026-06-11T12:30:00Z,2026-06-11T12:00:00Z,2026-06-11,27,27707,28424
2026-06-11T13:00:00Z,2026-06-11T12:30:00Z,2026-06-11,28,27601,28209
2026-06-11T13:30:00Z,2026-06-11T13:00:00Z,2026-06-11,29,27413,28122
2026-06-11T14:00:00Z,2026-06-11T13:30:00Z,2026-06-11,30,27413,28239
2026-06-11T14:30:00Z,2026-06-11T14:00:00Z,2026-06-11,31,27219,28173
2026-06-11T15:00:00Z,2026-06-11T14:30:00Z,2026-06-11,32,27713,28606
2026-06-11T15:30:00Z,2026-06-11T15:00:00Z,2026-06-11,33,28313,29035
2026-06-11T16:00:00Z,2026-06-11T15:30:00Z,2026-06-11,34,28823,29576
2026-06-11T16:30:00Z,2026-06-11T16:00:00Z,2026-06-11,35,28954,29694
2026-06-11T17:00:00Z,2026-06-11T16:30:00Z,2026-06-11,36,29323,30253
2026-06-11T17:30:00Z,2026-06-11T17:00:00Z,2026-06-11,37,29187,30784
2026-06-11T18:00:00Z,2026-06-11T17:30:00Z,2026-06-11,38,29032,30780
2026-06-11T18:30:00Z,2026-06-11T18:00:00Z,2026-06-11,39,28653,31197
2026-06-11T19:00:00Z,2026-06-11T18:30:00Z,2026-06-11,40,28504,31221
2026-06-11T19:30:00Z,2026-06-11T19:00:00Z,2026-06-11,41,27968,30382
2026-06-11T20:00:00Z,2026-06-11T19:30:00Z,2026-06-11,42,27259,29703
2026-06-11T20:30:00Z,2026-06-11T20:00:00Z,2026-06-11,43,26835,29413
2026-06-11T21:00:00Z,2026-06-11T20:30:00Z,2026-06-11,44,25976,28544
2026-06-11T21:30:00Z,2026-06-11T21:00:00Z,2026-06-11,45,25121,27318
2026-06-11T22:00:00Z,2026-06-11T21:30:00Z,2026-06-11,46,23996,26188
2026-06-11T22:30:00Z,2026-06-11T22:00:00Z,2026-06-11,47,22683,25406
2026-06-11T23:00:00Z,2026-06-11T22:30:00Z,2026-06-11,48,21750,24509
2026-06-11T23:30:00Z,2026-06-11T23:00:00Z,2026-06-12,1,20939,23881
2026-06-12T00:00:00Z,2026-06-11T23:30:00Z,2026-06-12,2,19990,22838
2026-06-12T00:30:00Z,2026-06-12T00:00:00Z,2026-06-12,3,19651,22680
2026-06-12T01:00:00Z,2026-06-12T00:30:00Z,2026-06-12,4,19557,22614
2026-06-12T01:30:00Z,2026-06-12T01:00:00Z,2026-06-12,5,19120,22258
2026-06-12T02:00:00Z,2026-06-12T01:30:00Z,2026-06-12,6,18732,21864
2026-06-12T02:30:00Z,2026-06-12T02:00:00Z,2026-06-12,7,18536,21929
2026-06-12T03:00:00Z,2026-06-12T02:30:00Z,2026-06-12,8,18552,21899
2026-06-12T03:30:00Z,2026-06-12T03:00:00Z,2026-06-12,9,18112,20978
2026-06-12T04:00:00Z,2026-06-12T03:30:00Z,2026-06-12,10,18090,20861
2026-06-12T04:30:00Z,2026-06-12T04:00:00Z,2026-06-12,11,17997,21216
2026-06-12T05:00:00Z,2026-06-12T04:30:00Z,2026-06-12,12,18289,21476
2026-06-12T05:30:00Z,2026-06-12T05:00:00Z,2026-06-12,13,20003,21813
2026-06-12T06:00:00Z,2026-06-12T05:30:00Z,2026-06-12,14,21256,22783
2026-06-12T06:30:00Z,2026-06-12T06:00:00Z,2026-06-12,15,23148,24195
2026-06-12T07:00:00Z,2026-06-12T06:30:00Z,2026-06-12,16,24047,25199
2026-06-12T07:30:00Z,2026-06-12T07:00:00Z,2026-06-12,17,24453,25635
2026-06-12T08:00:00Z,2026-06-12T07:30:00Z,2026-06-12,18,24233,25230
2026-06-12T08:30:00Z,2026-06-12T08:00:00Z,2026-06-12,19,24711,25419
2026-06-12T09:00:00Z,2026-06-12T08:30:00Z,2026-06-12,20,24149,24735
2026-06-12T09:30:00Z,2026-06-12T09:00:00Z,2026-06-12,21,23880,24391
2026-06-12T10:00:00Z,2026-06-12T09:30:00Z,2026-06-12,22,23296,23810
2026-06-12T10:30:00Z,2026-06-12T10:00:00Z,2026-06-12,23,22487,23004
2026-06-12T11:00:00Z,2026-06-12T10:30:00Z,2026-06-12,24,21937,22459
2026-06-12T11:30:00Z,2026-06-12T11:00:00Z,2026-06-12,25,21215,22594
2026-06-12T12:00:00Z,2026-06-12T11:30:00Z,2026-06-12,26,20483,22047
2026-06-12T12:30:00Z,2026-06-12T12:00:00Z,2026-06-12,27,19662,21560
2026-06-12T13:00:00Z,2026-06-12T12:30:00Z,2026-06-12,28,19067,21337
2026-06-12T13:30:00Z,2026-06-12T13:00:00Z,2026-06-12,29,17751,21223
2026-06-12T14:00:00Z,2026-06-12T13:30:00Z,2026-06-12,30,17172,20781
2026-06-12T14:30:00Z,2026-06-12T14:00:00Z,2026-06-12,31,16476,21496
2026-06-12T15:00:00Z,2026-06-12T14:30:00Z,2026-06-12,32,16472,21741
2026-06-12T15:30:00Z,2026-06-12T15:00:00Z,2026-06-12,33,17151,21743
2026-06-12T16:00:00Z,2026-06-12T15:30:00Z,2026-06-12,34,18175,22671
2026-06-12T16:30:00Z,2026-06-12T16:00:00Z,2026-06-12,35,19635,23553
2026-06-12T17:00:00Z,2026-06-12T16:30:00Z,2026-06-12,36,20810,24566
2026-06-12T17:30:00Z,2026-06-12T17:00:00Z,2026-06-12,37,21434,25145
2026-06-12T18:00:00Z,2026-06-12T17:30:00Z,2026-06-12,38,22388,25716
2026-06-12T18:30:00Z,2026-06-12T18:00:00Z,2026-06-12,39,24314,26409
2026-06-12T19:00:00Z,2026-06-12T18:30:00Z,2026-06-12,40,24751,26811
2026-06-12T19:30:00Z,2026-06-12T19:00:00Z,2026-06-12,41,24520,27277
2026-06-12T20:00:00Z,2026-06-12T19:30:00Z,2026-06-12,42,23977,26819
2026-06-12T20:30:00Z,2026-06-12T20:00:00Z,2026-06-12,43,24014,26249
2026-06-12T21:00:00Z,2026-06-12T20:30:00Z,2026-06-12,44,23796,26165
2026-06-12T21:30:00Z,2026-06-12T21:00:00Z,2026-06-12,45,23727,25915
2026-06-12T22:00:00Z,2026-06-12T21:30:00Z,2026-06-12,46,22691,25184
2026-06-12T22:30:00Z,2026-06-12T22:00:00Z,2026-06-12,47,21021,25693
2026-06-12T23:00:00Z,2026-06-12T22:30:00Z,2026-06-12,48,20369,25176
2026-06-12T23:30:00Z,2026-06-12T23:00:00Z,2026-06-13,1,20001,24774
2026-06-13T00:00:00Z,2026-06-12T23:30:00Z,2026-06-13,2,19651,24473
2026-06-13T00:30:00Z,2026-06-13T00:00:00Z,2026-06-13,3,18869,24856
2026-06-13T01:00:00Z,2026-06-13T00:30:00Z,2026-06-13,4,18399,24436
2026-06-13T01:30:00Z,2026-06-13T01:00:00Z,2026-06-13,5,17954,24602
2026-06-13T02:00:00Z,2026-06-13T01:30:00Z,2026-06-13,6,17967,24576
2026-06-13T02:30:00Z,2026-06-13T02:00:00Z,2026-06-13,7,17181,24252
2026-06-13T03:00:00Z,2026-06-13T02:30:00Z,2026-06-13,8,16807,23768
2026-06-13T03:30:00Z,2026-06-13T03:00:00Z,2026-06-13,9,16566,22809
2026-06-13T04:00:00Z,2026-06-13T03:30:00Z,2026-06-13,10,16434,22516
2026-06-13T04:30:00Z,2026-06-13T04:00:00Z,2026-06-13,11,15924,21374
2026-06-13T05:00:00Z,2026-06-13T04:30:00Z,2026-06-13,12,16014,21409
2026-06-13T05:30:00Z,2026-06-13T05:00:00Z,2026-06-13,13,16641,20889
2026-06-13T06:00:00Z,2026-06-13T05:30:00Z,2026-06-13,14,16587,20870
2026-06-13T06:30:00Z,2026-06-13T06:00:00Z,2026-06-13,15,16967,21668
2026-06-13T07:00:00Z,2026-06-13T06:30:00Z,2026-06-13,16,16947,21876
2026-06-13T07:30:00Z,2026-06-13T07:00:00Z,2026-06-13,17,17300,21296
2026-06-13T08:00:00Z,2026-06-13T07:30:00Z,2026-06-13,18,16858,20963
2026-06-13T08:30:00Z,2026-06-13T08:00:00Z,2026-06-13,19,16771,20528
2026-06-13T09:00:00Z,2026-06-13T08:30:00Z,2026-06-13,20,16205,20097
2026-06-13T09:30:00Z,2026-06-13T09:00:00Z,2026-06-13,21,16047,19758
2026-06-13T10:00:00Z,2026-06-13T09:30:00Z,2026-06-13,22,15709,19549
2026-06-13T10:30:00Z,2026-06-13T10:00:00Z,2026-06-13,23,15144,19344
2026-06-13T11:00:00Z,2026-06-13T10:30:00Z,2026-06-13,24,14743,18927
2026-06-13T11:30:00Z,2026-06-13T11:00:00Z,2026-06-13,25,14673,18356
2026-06-13T12:00:00Z,2026-06-13T11:30:00Z,2026-06-13,26,14532,18212
2026-06-13T12:30:00Z,2026-06-13T12:00:00Z,2026-06-13,27,13987,18038
2026-06-13T13:00:00Z,2026-06-13T12:30:00Z,2026-06-13,28,13866,17943
2026-06-13T13:30:00Z,2026-06-13T13:00:00Z,2026-06-13,29,13318,17395
2026-06-13T14:00:00Z,2026-06-13T13:30:00Z,2026-06-13,30,13091,17121
2026-06-13T14:30:00Z,2026-06-13T14:00:00Z,2026-06-13,31,13252,16689
2026-06-13T15:00:00Z,2026-06-13T14:30:00Z,2026-06-13,32,13808,17152
2026-06-13T15:30:00Z,2026-06-13T15:00:00Z,2026-06-13,33,14764,17672
2026-06-13T16:00:00Z,2026-06-13T15:30:00Z,2026-06-13,34,15848,18634
2026-06-13T16:30:00Z,2026-06-13T16:00:00Z,2026-06-13,35,17694,19998
2026-06-13T17:00:00Z,2026-06-13T16:30:00Z,2026-06-13,36,19082,21068
2026-06-13T17:30:00Z,2026-06-13T17:00:00Z,2026-06-13,37,20719,22742
2026-06-13T18:00:00Z,2026-06-13T17:30:00Z,2026-06-13,38,22045,23640
2026-06-13T18:30:00Z,2026-06-13T18:00:00Z,2026-06-13,39,22566,24066
2026-06-13T19:00:00Z,2026-06-13T18:30:00Z,2026-06-13,40,23652,25138
2026-06-13T19:30:00Z,2026-06-13T19:00:00Z,2026-06-13,41,23526,25312
2026-06-13T20:00:00Z,2026-06-13T19:30:00Z,2026-06-13,42,23659,25453
2026-06-13T20:30:00Z,2026-06-13T20:00:00Z,2026-06-13,43,23387,25203
2026-06-13T21:00:00Z,2026-06-13T20:30:00Z,2026-06-13,44,23508,25312
2026-06-13T21:30:00Z,2026-06-13T21:00:00Z,2026-06-13,45,23717,25209
2026-06-13T22:00:00Z,2026-06-13T21:30:00Z,2026-06-13,46,22690,24181
2026-06-13T22:30:00Z,2026-06-13T22:00:00Z,2026-06-13,47,21988,23483
2026-06-13T23:00:00Z,2026-06-13T22:30:00Z,2026-06-13,48,21619,23411
2026-06-13T23:30:00Z,2026-06-13T23:00:00Z,2026-06-14,1,21601,23559
2026-06-14T00:00:00Z,2026-06-13T23:30:00Z,2026-06-14,2,20913,23162
2026-06-14T00:30:00Z,2026-06-14T00:00:00Z,2026-06-14,3,20190,22616
2026-06-14T01:00:00Z,2026-06-14T00:30:00Z,2026-06-14,4,20105,22332
2026-06-14T01:30:00Z,2026-06-14T01:00:00Z,2026-06-14,5,19703,21986
2026-06-14T02:00:00Z,2026-06-14T01:30:00Z,2026-06-14,6,19567,21976
2026-06-14T02:30:00Z,2026-06-14T02:00:00Z,2026-06-14,7,18896,21646
2026-06-14T03:00:00Z,2026-06-14T02:30:00Z,2026-06-14,8,18662,21380
2026-06-14T03:30:00Z,2026-06-14T03:00:00Z,2026-06-14,9,18275,20941
2026-06-14T04:00:00Z,2026-06-14T03:30:00Z,2026-06-14,10,18173,20775
2026-06-14T04:30:00Z,2026-06-14T04:00:00Z,2026-06-14,11,17395,19993
2026-06-14T05:00:00Z,2026-06-14T04:30:00Z,2026-06-14,12,16925,19339
2026-06-14T05:30:00Z,2026-06-14T05:00:00Z,2026-06-14,13,17113,19477
2026-06-14T06:00:00Z,2026-06-14T05:30:00Z,2026-06-14,14,16581,18982
2026-06-14T06:30:00Z,2026-06-14T06:00:00Z,2026-06-14,15,16476,18933
2026-06-14T07:00:00Z,2026-06-14T06:30:00Z,2026-06-14,16,16040,18472
2026-06-14T07:30:00Z,2026-06-14T07:00:00Z,2026-06-14,17,16162,18590
2026-06-14T08:00:00Z,2026-06-14T07:30:00Z,2026-06-14,18,16222,18601
2026-06-14T08:30:00Z,2026-06-14T08:00:00Z,2026-06-14,19,16548,18276
2026-06-14T09:00:00Z,2026-06-14T08:30:00Z,2026-06-14,20,16541,18231
2026-06-14T09:30:00Z,2026-06-14T09:00:00Z,2026-06-14,21,16695,18284
2026-06-14T10:00:00Z,2026-06-14T09:30:00Z,2026-06-14,22,16728,18248
2026-06-14T10:30:00Z,2026-06-14T10:00:00Z,2026-06-14,23,16763,18294
2026-06-14T11:00:00Z,2026-06-14T10:30:00Z,2026-06-14,24,16731,18212
2026-06-14T11:30:00Z,2026-06-14T11:00:00Z,2026-06-14,25,16591,17971
2026-06-14T12:00:00Z,2026-06-14T11:30:00Z,2026-06-14,26,16756,18071
2026-06-14T12:30:00Z,2026-06-14T12:00:00Z,2026-06-14,27,16738,17935
2026-06-14T13:00:00Z,2026-06-14T12:30:00Z,2026-06-14,28,16729,17937
2026-06-14T13:30:00Z,2026-06-14T13:00:00Z,2026-06-14,29,16697,17853
2026-06-14T14:00:00Z,2026-06-14T13:30:00Z,2026-06-14,30,16838,17855
2026-06-14T14:30:00Z,2026-06-14T14:00:00Z,2026-06-14,31,17158,17950
2026-06-14T15:00:00Z,2026-06-14T14:30:00Z,2026-06-14,32,17744,18443
2026-06-14T15:30:00Z,2026-06-14T15:00:00Z,2026-06-14,33,18744,19288
2026-06-14T16:00:00Z,2026-06-14T15:30:00Z,2026-06-14,34,20305,20911
2026-06-14T16:30:00Z,2026-06-14T16:00:00Z,2026-06-14,35,21370,22195
2026-06-14T17:00:00Z,2026-06-14T16:30:00Z,2026-06-14,36,22905,23807
2026-06-14T17:30:00Z,2026-06-14T17:00:00Z,2026-06-14,37,23675,24558
2026-06-14T18:00:00Z,2026-06-14T17:30:00Z,2026-06-14,38,24617,25638
2026-06-14T18:30:00Z,2026-06-14T18:00:00Z,2026-06-14,39,25767,26808
2026-06-14T19:00:00Z,2026-06-14T18:30:00Z,2026-06-14,40,25403,26488
2026-06-14T19:30:00Z,2026-06-14T19:00:00Z,2026-06-14,41,26089,27131
2026-06-14T20:00:00Z,2026-06-14T19:30:00Z,2026-06-14,42,25751,26707
2026-06-14T20:30:00Z,2026-06-14T20:00:00Z,2026-06-14,43,25710,26588
2026-06-14T21:00:00Z,2026-06-14T20:30:00Z,2026-06-14,44,24627,25573
2026-06-14T21:30:00Z,2026-06-14T21:00:00Z,2026-06-14,45,24254,25181
2026-06-14T22:00:00Z,2026-06-14T21:30:00Z,2026-06-14,46,23246,24271
2026-06-14T22:30:00Z,2026-06-14T22:00:00Z,2026-06-14,47,22481,23565
2026-06-14T23:00:00Z,2026-06-14T22:30:00Z,2026-06-14,48,21491,22445
2026-06-14T23:30:00Z,2026-06-14T23:00:00Z,2026-06-15,1,21250,22421
2026-06-15T00:00:00Z,2026-06-14T23:30:00Z,2026-06-15,2,20926,22090
2026-06-15T00:30:00Z,2026-06-15T00:00:00Z,2026-06-15,3,20585,21991
2026-06-15T01:00:00Z,2026-06-15T00:30:00Z,2026-06-15,4,20301,21700
2026-06-15T01:30:00Z,2026-06-15T01:00:00Z,2026-06-15,5,19899,21423
2026-06-15T02:00:00Z,2026-06-15T01:30:00Z,2026-06-15,6,19482,20937
2026-06-15T02:30:00Z,2026-06-15T02:00:00Z,2026-06-15,7,19317,20863
2026-06-15T03:00:00Z,2026-06-15T02:30:00Z,2026-06-15,8,18963,20762
2026-06-15T03:30:00Z,2026-06-15T03:00:00Z,2026-06-15,9,18745,20397
2026-06-15T04:00:00Z,2026-06-15T03:30:00Z,2026-06-15,10,18470,20023
2026-06-15T04:30:00Z,2026-06-15T04:00:00Z,2026-06-15,11,18683,19760
2026-06-15T05:00:00Z,2026-06-15T04:30:00Z,2026-06-15,12,18887,19992
2026-06-15T05:30:00Z,2026-06-15T05:00:00Z,2026-06-15,13,20436,21642
2026-06-15T06:00:00Z,2026-06-15T05:30:00Z,2026-06-15,14,21802,23149
2026-06-15T06:30:00Z,2026-06-15T06:00:00Z,2026-06-15,15,23637,24897
2026-06-15T07:00:00Z,2026-06-15T06:30:00Z,2026-06-15,16,24660,26036
2026-06-15T07:30:00Z,2026-06-15T07:00:00Z,2026-06-15,17,24914,26284
2026-06-15T08:00:00Z,2026-06-15T07:30:00Z,2026-06-15,18,24581,25937
2026-06-15T08:30:00Z,2026-06-15T08:00:00Z,2026-06-15,19,24282,25645
2026-06-15T09:00:00Z,2026-06-15T08:30:00Z,2026-06-15,20,23619,24921
2026-06-15T09:30:00Z,2026-06-15T09:00:00Z,2026-06-15,21,22428,23716
2026-06-15T10:00:00Z,2026-06-15T09:30:00Z,2026-06-15,22,22301,23492
2026-06-15T10:30:00Z,2026-06-15T10:00:00Z,2026-06-15,23,22097,23222
2026-06-15T11:00:00Z,2026-06-15T10:30:00Z,2026-06-15,24,21960,23108
2026-06-15T11:30:00Z,2026-06-15T11:00:00Z,2026-06-15,25,21625,22803
2026-06-15T12:00:00Z,2026-06-15T11:30:00Z,2026-06-15,26,21107,22369
2026-06-15T12:30:00Z,2026-06-15T12:00:00Z,2026-06-15,27,20595,21935
2026-06-15T13:00:00Z,2026-06-15T12:30:00Z,2026-06-15,28,20201,21587
2026-06-15T13:30:00Z,2026-06-15T13:00:00Z,2026-06-15,29,20696,22089
2026-06-15T14:00:00Z,2026-06-15T13:30:00Z,2026-06-15,30,20644,21947
2026-06-15T14:30:00Z,2026-06-15T14:00:00Z,2026-06-15,31,20768,22178
2026-06-15T15:00:00Z,2026-06-15T14:30:00Z,2026-06-15,32,21320,22949
2026-06-15T15:30:00Z,2026-06-15T15:00:00Z,2026-06-15,33,22554,24059
2026-06-15T16:00:00Z,2026-06-15T15:30:00Z,2026-06-15,34,24031,25590
2026-06-15T16:30:00Z,2026-06-15T16:00:00Z,2026-06-15,35,25123,26543
2026-06-15T17:00:00Z,2026-06-15T16:30:00Z,2026-06-15,36,25997,27496
2026-06-15T17:30:00Z,2026-06-15T17:00:00Z,2026-06-15,37,27450,28847
2026-06-15T18:00:00Z,2026-06-15T17:30:00Z,2026-06-15,38,27257,28634
2026-06-15T18:30:00Z,2026-06-15T18:00:00Z,2026-06-15,39,27813,28995
2026-06-15T19:00:00Z,2026-06-15T18:30:00Z,2026-06-15,40,28367,29609
2026-06-15T19:30:00Z,2026-06-15T19:00:00Z,2026-06-15,41,27710,28999
2026-06-15T20:00:00Z,2026-06-15T19:30:00Z,2026-06-15,42,27179,28445
2026-06-15T20:30:00Z,2026-06-15T20:00:00Z,2026-06-15,43,27046,28413
2026-06-15T21:00:00Z,2026-06-15T20:30:00Z,2026-06-15,44,26508,27793
2026-06-15T21:30:00Z,2026-06-15T21:00:00Z,2026-06-15,45,25516,26966
2026-06-15T22:00:00Z,2026-06-15T21:30:00Z,2026-06-15,46,24554,26046
2026-06-15T22:30:00Z,2026-06-15T22:00:00Z,2026-06-15,47,23253,24752
2026-06-15T23:00:00Z,2026-06-15T22:30:00Z,2026-06-15,48,22908,24371
2026-06-15T23:30:00Z,2026-06-15T23:00:00Z,2026-06-16,1,22601,24051
2026-06-16T00:00:00Z,2026-06-15T23:30:00Z,2026-06-16,2,22028,23584
2026-06-16T00:30:00Z,2026-06-16T00:00:00Z,2026-06-16,3,22100,23760
2026-06-16T01:00:00Z,2026-06-16T00:30:00Z,2026-06-16,4,21491,23152
2026-06-16T01:30:00Z,2026-06-16T01:00:00Z,2026-06-16,5,21493,23051
2026-06-16T02:00:00Z,2026-06-16T01:30:00Z,2026-06-16,6,21334,22890
2026-06-16T02:30:00Z,2026-06-16T02:00:00Z,2026-06-16,7,21299,22864
2026-06-16T03:00:00Z,2026-06-16T02:30:00Z,2026-06-16,8,20725,22259
2026-06-16T03:30:00Z,2026-06-16T03:00:00Z,2026-06-16,9,19545,22085
2026-06-16T04:00:00Z,2026-06-16T03:30:00Z,2026-06-16,10,19477,22025
2026-06-16T04:30:00Z,2026-06-16T04:00:00Z,2026-06-16,11,19404,22504
2026-06-16T05:00:00Z,2026-06-16T04:30:00Z,2026-06-16,12,20528,23530
2026-06-16T05:30:00Z,2026-06-16T05:00:00Z,2026-06-16,13,21557,23218
2026-06-16T06:00:00Z,2026-06-16T05:30:00Z,2026-06-16,14,22417,24199
2026-06-16T06:30:00Z,2026-06-16T06:00:00Z,2026-06-16,15,25156,26678
2026-06-16T07:00:00Z,2026-06-16T06:30:00Z,2026-06-16,16,25441,26996
2026-06-16T07:30:00Z,2026-06-16T07:00:00Z,2026-06-16,17,25911,27366
2026-06-16T08:00:00Z,2026-06-16T07:30:00Z,2026-06-16,18,25438,26857
2026-06-16T08:30:00Z,2026-06-16T08:00:00Z,2026-06-16,19,25348,26769
2026-06-16T09:00:00Z,2026-06-16T08:30:00Z,2026-06-16,20,24696,26161
2026-06-16T09:30:00Z,2026-06-16T09:00:00Z,2026-06-16,21,24140,25642
2026-06-16T10:00:00Z,2026-06-16T09:30:00Z,2026-06-16,22,23714,25172
2026-06-16T10:30:00Z,2026-06-16T10:00:00Z,2026-06-16,23,23183,25105
2026-06-16T11:00:00Z,2026-06-16T10:30:00Z,2026-06-16,24,22969,24891
2026-06-16T11:30:00Z,2026-06-16T11:00:00Z,2026-06-16,25,22280,24344
2026-06-16T12:00:00Z,2026-06-16T11:30:00Z,2026-06-16,26,21763,23750
2026-06-16T12:30:00Z,2026-06-16T12:00:00Z,2026-06-16,27,21835,23836
2026-06-16T13:00:00Z,2026-06-16T12:30:00Z,2026-06-16,28,21452,23603
2026-06-16T13:30:00Z,2026-06-16T13:00:00Z,2026-06-16,29,22041,24094
2026-06-16T14:00:00Z,2026-06-16T13:30:00Z,2026-06-16,30,22158,24377
2026-06-16T14:30:00Z,2026-06-16T14:00:00Z,2026-06-16,31,23212,25551
2026-06-16T15:00:00Z,2026-06-16T14:30:00Z,2026-06-16,32,24533,26582
2026-06-16T15:30:00Z,2026-06-16T15:00:00Z,2026-06-16,33,25047,26572
2026-06-16T16:00:00Z,2026-06-16T15:30:00Z,2026-06-16,34,26144,27725
2026-06-16T16:30:00Z,2026-06-16T16:00:00Z,2026-06-16,35,27250,29574
2026-06-16T17:00:00Z,2026-06-16T16:30:00Z,2026-06-16,36,28253,30653
2026-06-16T17:30:00Z,2026-06-16T17:00:00Z,2026-06-16,37,28195,31400
2026-06-16T18:00:00Z,2026-06-16T17:30:00Z,2026-06-16,38,28182,31418
2026-06-16T18:30:00Z,2026-06-16T18:00:00Z,2026-06-16,39,27908,31771
2026-06-16T19:00:00Z,2026-06-16T18:30:00Z,2026-06-16,40,27799,31666
2026-06-16T19:30:00Z,2026-06-16T19:00:00Z,2026-06-16,41,27775,32193
2026-06-16T20:00:00Z,2026-06-16T19:30:00Z,2026-06-16,42,27513,31939
2026-06-16T20:30:00Z,2026-06-16T20:00:00Z,2026-06-16,43,27345,31195
2026-06-16T21:00:00Z,2026-06-16T20:30:00Z,2026-06-16,44,27284,31052
2026-06-16T21:30:00Z,2026-06-16T21:00:00Z,2026-06-16,45,26059,29938
2026-06-16T22:00:00Z,2026-06-16T21:30:00Z,2026-06-16,46,24756,28462
2026-06-16T22:30:00Z,2026-06-16T22:00:00Z,2026-06-16,47,23503,27529
2026-06-16T23:00:00Z,2026-06-16T22:30:00Z,2026-06-16,48,22718,26614
2026-06-16T23:30:00Z,2026-06-16T23:00:00Z,2026-06-17,1,22041,26428
2026-06-17T00:00:00Z,2026-06-16T23:30:00Z,2026-06-17,2,21735,26064
2026-06-17T00:30:00Z,2026-06-17T00:00:00Z,2026-06-17,3,21446,25637
2026-06-17T01:00:00Z,2026-06-17T00:30:00Z,2026-06-17,4,20673,24666
2026-06-17T01:30:00Z,2026-06-17T01:00:00Z,2026-06-17,5,20441,24372
2026-06-17T02:00:00Z,2026-06-17T01:30:00Z,2026-06-17,6,19888,23698
2026-06-17T02:30:00Z,2026-06-17T02:00:00Z,2026-06-17,7,19743,23840
2026-06-17T03:00:00Z,2026-06-17T02:30:00Z,2026-06-17,8,19703,23732
2026-06-17T03:30:00Z,2026-06-17T03:00:00Z,2026-06-17,9,19597,23797
2026-06-17T04:00:00Z,2026-06-17T03:30:00Z,2026-06-17,10,19469,23662
2026-06-17T04:30:00Z,2026-06-17T04:00:00Z,2026-06-17,11,19236,23365
2026-06-17T05:00:00Z,2026-06-17T04:30:00Z,2026-06-17,12,19776,23884
2026-06-17T05:30:00Z,2026-06-17T05:00:00Z,2026-06-17,13,21696,25361
2026-06-17T06:00:00Z,2026-06-17T05:30:00Z,2026-06-17,14,22949,26608
2026-06-17T06:30:00Z,2026-06-17T06:00:00Z,2026-06-17,15,25821,27485
2026-06-17T07:00:00Z,2026-06-17T06:30:00Z,2026-06-17,16,26196,27858
2026-06-17T07:30:00Z,2026-06-17T07:00:00Z,2026-06-17,17,27248,28765
2026-06-17T08:00:00Z,2026-06-17T07:30:00Z,2026-06-17,18,26723,28081
2026-06-17T08:30:00Z,2026-06-17T08:00:00Z,2026-06-17,19,26344,27467
2026-06-17T09:00:00Z,2026-06-17T08:30:00Z,2026-06-17,20,25461,26390
2026-06-17T09:30:00Z,2026-06-17T09:00:00Z,2026-06-17,21,25148,25916
2026-06-17T10:00:00Z,2026-06-17T09:30:00Z,2026-06-17,22,24650,25329
2026-06-17T10:30:00Z,2026-06-17T10:00:00Z,2026-06-17,23,24290,25118
2026-06-17T11:00:00Z,2026-06-17T10:30:00Z,2026-06-17,24,23783,25082
2026-06-17T11:30:00Z,2026-06-17T11:00:00Z,2026-06-17,25,23807,25221
2026-06-17T12:00:00Z,2026-06-17T11:30:00Z,2026-06-17,26,23560,25145
2026-06-17T12:30:00Z,2026-06-17T12:00:00Z,2026-06-17,27,23360,25073
2026-06-17T13:00:00Z,2026-06-17T12:30:00Z,2026-06-17,28,23254,25001
2026-06-17T13:30:00Z,2026-06-17T13:00:00Z,2026-06-17,29,23235,25160
2026-06-17T14:00:00Z,2026-06-17T13:30:00Z,2026-06-17,30,23275,25250
2026-06-17T14:30:00Z,2026-06-17T14:00:00Z,2026-06-17,31,23413,24858
2026-06-17T15:00:00Z,2026-06-17T14:30:00Z,2026-06-17,32,24252,25371
2026-06-17T15:30:00Z,2026-06-17T15:00:00Z,2026-06-17,33,24092,24863
2026-06-17T16:00:00Z,2026-06-17T15:30:00Z,2026-06-17,34,25512,26018
2026-06-17T16:30:00Z,2026-06-17T16:00:00Z,2026-06-17,35,26190,27403
2026-06-17T17:00:00Z,2026-06-17T16:30:00Z,2026-06-17,36,27104,28443
2026-06-17T17:30:00Z,2026-06-17T17:00:00Z,2026-06-17,37,26987,28543
2026-06-17T18:00:00Z,2026-06-17T17:30:00Z,2026-06-17,38,27191,28894
2026-06-17T18:30:00Z,2026-06-17T18:00:00Z,2026-06-17,39,27672,30189
2026-06-17T19:00:00Z,2026-06-17T18:30:00Z,2026-06-17,40,27782,30480
2026-06-17T19:30:00Z,2026-06-17T19:00:00Z,2026-06-17,41,27414,29838
2026-06-17T20:00:00Z,2026-06-17T19:30:00Z,2026-06-17,42,27267,29813
2026-06-17T20:30:00Z,2026-06-17T20:00:00Z,2026-06-17,43,26833,28331
2026-06-17T21:00:00Z,2026-06-17T20:30:00Z,2026-06-17,44,26293,27948
2026-06-17T21:30:00Z,2026-06-17T21:00:00Z,2026-06-17,45,26060,27519
2026-06-17T22:00:00Z,2026-06-17T21:30:00Z,2026-06-17,46,24957,26405
2026-06-17T22:30:00Z,2026-06-17T22:00:00Z,2026-06-17,47,24096,27404
2026-06-17T23:00:00Z,2026-06-17T22:30:00Z,2026-06-17,48,23330,26733
2026-06-17T23:30:00Z,2026-06-17T23:00:00Z,2026-06-18,1,22743,26004
2026-06-18T00:00:00Z,2026-06-17T23:30:00Z,2026-06-18,2,22326,25425
2026-06-18T00:30:00Z,2026-06-18T00:00:00Z,2026-06-18,3,22608,25028
2026-06-18T01:00:00Z,2026-06-18T00:30:00Z,2026-06-18,4,22182,24615
2026-06-18T01:30:00Z,2026-06-18T01:00:00Z,2026-06-18,5,21916,24619
2026-06-18T02:00:00Z,2026-06-18T01:30:00Z,2026-06-18,6,21108,23985
2026-06-18T02:30:00Z,2026-06-18T02:00:00Z,2026-06-18,7,20531,23894
2026-06-18T03:00:00Z,2026-06-18T02:30:00Z,2026-06-18,8,19964,23300
2026-06-18T03:30:00Z,2026-06-18T03:00:00Z,2026-06-18,9,19489,23286
2026-06-18T04:00:00Z,2026-06-18T03:30:00Z,2026-06-18,10,19043,22703
2026-06-18T04:30:00Z,2026-06-18T04:00:00Z,2026-06-18,11,19135,22980
2026-06-18T05:00:00Z,2026-06-18T04:30:00Z,2026-06-18,12,19528,23286
2026-06-18T05:30:00Z,2026-06-18T05:00:00Z,2026-06-18,13,20688,23427
2026-06-18T06:00:00Z,2026-06-18T05:30:00Z,2026-06-18,14,21821,24242
2026-06-18T06:30:00Z,2026-06-18T06:00:00Z,2026-06-18,15,24439,25312
2026-06-18T07:00:00Z,2026-06-18T06:30:00Z,2026-06-18,16,25054,26225
2026-06-18T07:30:00Z,2026-06-18T07:00:00Z,2026-06-18,17,25827,27242
2026-06-18T08:00:00Z,2026-06-18T07:30:00Z,2026-06-18,18,25899,27334
2026-06-18T08:30:00Z,2026-06-18T08:00:00Z,2026-06-18,19,26042,27549
2026-06-18T09:00:00Z,2026-06-18T08:30:00Z,2026-06-18,20,25233,26727
2026-06-18T09:30:00Z,2026-06-18T09:00:00Z,2026-06-18,21,24529,26084
2026-06-18T10:00:00Z,2026-06-18T09:30:00Z,2026-06-18,22,23269,24824
2026-06-18T10:30:00Z,2026-06-18T10:00:00Z,2026-06-18,23,22647,24111
2026-06-18T11:00:00Z,2026-06-18T10:30:00Z,2026-06-18,24,22168,23705
2026-06-18T11:30:00Z,2026-06-18T11:00:00Z,2026-06-18,25,21908,24055
2026-06-18T12:00:00Z,2026-06-18T11:30:00Z,2026-06-18,26,21691,24181
2026-06-18T12:30:00Z,2026-06-18T12:00:00Z,2026-06-18,27,21911,24468
2026-06-18T13:00:00Z,2026-06-18T12:30:00Z,2026-06-18,28,22285,24957
2026-06-18T13:30:00Z,2026-06-18T13:00:00Z,2026-06-18,29,22702,25220
2026-06-18T14:00:00Z,2026-06-18T13:30:00Z,2026-06-18,30,23177,25846
2026-06-18T14:30:00Z,2026-06-18T14:00:00Z,2026-06-18,31,23522,26080
2026-06-18T15:00:00Z,2026-06-18T14:30:00Z,2026-06-18,32,24077,26662
2026-06-18T15:30:00Z,2026-06-18T15:00:00Z,2026-06-18,33,23763,25523
2026-06-18T16:00:00Z,2026-06-18T15:30:00Z,2026-06-18,34,24793,26619
2026-06-18T16:30:00Z,2026-06-18T16:00:00Z,2026-06-18,35,25219,27649
2026-06-18T17:00:00Z,2026-06-18T16:30:00Z,2026-06-18,36,26066,28520
2026-06-18T17:30:00Z,2026-06-18T17:00:00Z,2026-06-18,37,26523,30347
2026-06-18T18:00:00Z,2026-06-18T17:30:00Z,2026-06-18,38,26806,30451
2026-06-18T18:30:00Z,2026-06-18T18:00:00Z,2026-06-18,39,27635,30484
2026-06-18T19:00:00Z,2026-06-18T18:30:00Z,2026-06-18,40,27698,30533
2026-06-18T19:30:00Z,2026-06-18T19:00:00Z,2026-06-18,41,28557,31168
2026-06-18T20:00:00Z,2026-06-18T19:30:00Z,2026-06-18,42,28022,30630
2026-06-18T20:30:00Z,2026-06-18T20:00:00Z,2026-06-18,43,27797,30486
2026-06-18T21:00:00Z,2026-06-18T20:30:00Z,2026-06-18,44,26571,29270
2026-06-18T21:30:00Z,2026-06-18T21:00:00Z,2026-06-18,45,26003,29956
2026-06-18T22:00:00Z,2026-06-18T21:30:00Z,2026-06-18,46,25240,29330
2026-06-18T22:30:00Z,2026-06-18T22:00:00Z,2026-06-18,47,23650,27916
2026-06-18T23:00:00Z,2026-06-18T22:30:00Z,2026-06-18,48,23187,27360
2026-06-18T23:30:00Z,2026-06-18T23:00:00Z,2026-06-19,1,22960,27273
2026-06-19T00:00:00Z,2026-06-18T23:30:00Z,2026-06-19,2,22354,26706
2026-06-19T00:30:00Z,2026-06-19T00:00:00Z,2026-06-19,3,21839,26243
2026-06-19T01:00:00Z,2026-06-19T00:30:00Z,2026-06-19,4,21413,25775
2026-06-19T01:30:00Z,2026-06-19T01:00:00Z,2026-06-19,5,20557,25069
2026-06-19T02:00:00Z,2026-06-19T01:30:00Z,2026-06-19,6,20299,24783
2026-06-19T02:30:00Z,2026-06-19T02:00:00Z,2026-06-19,7,19700,24196
2026-06-19T03:00:00Z,2026-06-19T02:30:00Z,2026-06-19,8,18989,23597
2026-06-19T03:30:00Z,2026-06-19T03:00:00Z,2026-06-19,9,18622,23568
2026-06-19T04:00:00Z,2026-06-19T03:30:00Z,2026-06-19,10,18457,23484
2026-06-19T04:30:00Z,2026-06-19T04:00:00Z,2026-06-19,11,18409,23430
2026-06-19T05:00:00Z,2026-06-19T04:30:00Z,2026-06-19,12,18516,23721
2026-06-19T05:30:00Z,2026-06-19T05:00:00Z,2026-06-19,13,19819,24049
2026-06-19T06:00:00Z,2026-06-19T05:30:00Z,2026-06-19,14,20644,24877
2026-06-19T06:30:00Z,2026-06-19T06:00:00Z,2026-06-19,15,22472,24914
2026-06-19T07:00:00Z,2026-06-19T06:30:00Z,2026-06-19,16,22630,24990
2026-06-19T07:30:00Z,2026-06-19T07:00:00Z,2026-06-19,17,22847,24947
2026-06-19T08:00:00Z,2026-06-19T07:30:00Z,2026-06-19,18,21863,23954
2026-06-19T08:30:00Z,2026-06-19T08:00:00Z,2026-06-19,19,21758,24255
2026-06-19T09:00:00Z,2026-06-19T08:30:00Z,2026-06-19,20,21389,23837
2026-06-19T09:30:00Z,2026-06-19T09:00:00Z,2026-06-19,21,20906,23322
2026-06-19T10:00:00Z,2026-06-19T09:30:00Z,2026-06-19,22,20305,22647
2026-06-19T10:30:00Z,2026-06-19T10:00:00Z,2026-06-19,23,20083,22647
2026-06-19T11:00:00Z,2026-06-19T10:30:00Z,2026-06-19,24,19758,22205
2026-06-19T11:30:00Z,2026-06-19T11:00:00Z,2026-06-19,25,19960,22235
2026-06-19T12:00:00Z,2026-06-19T11:30:00Z,2026-06-19,26,19498,22031
2026-06-19T12:30:00Z,2026-06-19T12:00:00Z,2026-06-19,27,19532,21711
2026-06-19T13:00:00Z,2026-06-19T12:30:00Z,2026-06-19,28,19527,22008
2026-06-19T13:30:00Z,2026-06-19T13:00:00Z,2026-06-19,29,19576,21981
2026-06-19T14:00:00Z,2026-06-19T13:30:00Z,2026-06-19,30,19719,21949
2026-06-19T14:30:00Z,2026-06-19T14:00:00Z,2026-06-19,31,20408,22515
2026-06-19T15:00:00Z,2026-06-19T14:30:00Z,2026-06-19,32,21156,23387
2026-06-19T15:30:00Z,2026-06-19T15:00:00Z,2026-06-19,33,22396,24399
2026-06-19T16:00:00Z,2026-06-19T15:30:00Z,2026-06-19,34,23889,25901
2026-06-19T16:30:00Z,2026-06-19T16:00:00Z,2026-06-19,35,24318,28516
2026-06-19T17:00:00Z,2026-06-19T16:30:00Z,2026-06-19,36,25396,29850
2026-06-19T17:30:00Z,2026-06-19T17:00:00Z,2026-06-19,37,26173,31319
2026-06-19T18:00:00Z,2026-06-19T17:30:00Z,2026-06-19,38,26625,31621
2026-06-19T18:30:00Z,2026-06-19T18:00:00Z,2026-06-19,39,27194,32038
2026-06-19T19:00:00Z,2026-06-19T18:30:00Z,2026-06-19,40,26954,31869
2026-06-19T19:30:00Z,2026-06-19T19:00:00Z,2026-06-19,41,26246,31262
2026-06-19T20:00:00Z,2026-06-19T19:30:00Z,2026-06-19,42,26282,31266
2026-06-19T20:30:00Z,2026-06-19T20:00:00Z,2026-06-19,43,27376,31138
2026-06-19T21:00:00Z,2026-06-19T20:30:00Z,2026-06-19,44,26511,30176
2026-06-19T21:30:00Z,2026-06-19T21:00:00Z,2026-06-19,45,26249,28428
2026-06-19T22:00:00Z,2026-06-19T21:30:00Z,2026-06-19,46,25208,27326
2026-06-19T22:30:00Z,2026-06-19T22:00:00Z,2026-06-19,47,24700,26579
2026-06-19T23:00:00Z,2026-06-19T22:30:00Z,2026-06-19,48,23458,25496
2026-06-19T23:30:00Z,2026-06-19T23:00:00Z,2026-06-20,1,22888,25156
2026-06-20T00:00:00Z,2026-06-19T23:30:00Z,2026-06-20,2,22303,24535
2026-06-20T00:30:00Z,2026-06-20T00:00:00Z,2026-06-20,3,21928,24004
2026-06-20T01:00:00Z,2026-06-20T00:30:00Z,2026-06-20,4,21580,23504
2026-06-20T01:30:00Z,2026-06-20T01:00:00Z,2026-06-20,5,21107,22958
2026-06-20T02:00:00Z,2026-06-20T01:30:00Z,2026-06-20,6,20452,22244
2026-06-20T02:30:00Z,2026-06-20T02:00:00Z,2026-06-20,7,20053,21676
2026-06-20T03:00:00Z,2026-06-20T02:30:00Z,2026-06-20,8,19688,21247
2026-06-20T03:30:00Z,2026-06-20T03:00:00Z,2026-06-20,9,19153,21031
2026-06-20T04:00:00Z,2026-06-20T03:30:00Z,2026-06-20,10,19014,20874
2026-06-20T04:30:00Z,2026-06-20T04:00:00Z,2026-06-20,11,18726,20821
2026-06-20T05:00:00Z,2026-06-20T04:30:00Z,2026-06-20,12,18694,20773
2026-06-20T05:30:00Z,2026-06-20T05:00:00Z,2026-06-20,13,19202,21200
2026-06-20T06:00:00Z,2026-06-20T05:30:00Z,2026-06-20,14,19333,21334
2026-06-20T06:30:00Z,2026-06-20T06:00:00Z,2026-06-20,15,19982,21723
2026-06-20T07:00:00Z,2026-06-20T06:30:00Z,2026-06-20,16,20181,21834
2026-06-20T07:30:00Z,2026-06-20T07:00:00Z,2026-06-20,17,20904,22530
2026-06-20T08:00:00Z,2026-06-20T07:30:00Z,2026-06-20,18,21001,22500
2026-06-20T08:30:00Z,2026-06-20T08:00:00Z,2026-06-20,19,20837,22207
2026-06-20T09:00:00Z,2026-06-20T08:30:00Z,2026-06-20,20,20577,21885
2026-06-20T09:30:00Z,2026-06-20T09:00:00Z,2026-06-20,21,20351,21787
2026-06-20T10:00:00Z,2026-06-20T09:30:00Z,2026-06-20,22,20068,21496
2026-06-20T10:30:00Z,2026-06-20T10:00:00Z,2026-06-20,23,19584,21278
2026-06-20T11:00:00Z,2026-06-20T10:30:00Z,2026-06-20,24,19456,21691
2026-06-20T11:30:00Z,2026-06-20T11:00:00Z,2026-06-20,25,19277,21672
2026-06-20T12:00:00Z,2026-06-20T11:30:00Z,2026-06-20,26,18905,21443
2026-06-20T12:30:00Z,2026-06-20T12:00:00Z,2026-06-20,27,18867,21265
2026-06-20T13:00:00Z,2026-06-20T12:30:00Z,2026-06-20,28,18418,20951
2026-06-20T13:30:00Z,2026-06-20T13:00:00Z,2026-06-20,29,18281,21013
2026-06-20T14:00:00Z,2026-06-20T13:30:00Z,2026-06-20,30,18327,21032
2026-06-20T14:30:00Z,2026-06-20T14:00:00Z,2026-06-20,31,18930,21081
2026-06-20T15:00:00Z,2026-06-20T14:30:00Z,2026-06-20,32,19441,21555
2026-06-20T15:30:00Z,2026-06-20T15:00:00Z,2026-06-20,33,20250,22155
2026-06-20T16:00:00Z,2026-06-20T15:30:00Z,2026-06-20,34,21299,23155
2026-06-20T16:30:00Z,2026-06-20T16:00:00Z,2026-06-20,35,22589,24578
2026-06-20T17:00:00Z,2026-06-20T16:30:00Z,2026-06-20,36,23782,25828
2026-06-20T17:30:00Z,2026-06-20T17:00:00Z,2026-06-20,37,23968,27081
2026-06-20T18:00:00Z,2026-06-20T17:30:00Z,2026-06-20,38,24640,27902
2026-06-20T18:30:00Z,2026-06-20T18:00:00Z,2026-06-20,39,24703,29157
2026-06-20T19:00:00Z,2026-06-20T18:30:00Z,2026-06-20,40,25204,29772
2026-06-20T19:30:00Z,2026-06-20T19:00:00Z,2026-06-20,41,25444,29891
2026-06-20T20:00:00Z,2026-06-20T19:30:00Z,2026-06-20,42,25104,29623
2026-06-20T20:30:00Z,2026-06-20T20:00:00Z,2026-06-20,43,24949,29186
2026-06-20T21:00:00Z,2026-06-20T20:30:00Z,2026-06-20,44,25125,29360
2026-06-20T21:30:00Z,2026-06-20T21:00:00Z,2026-06-20,45,25160,27992
2026-06-20T22:00:00Z,2026-06-20T21:30:00Z,2026-06-20,46,24646,27425
2026-06-20T22:30:00Z,2026-06-20T22:00:00Z,2026-06-20,47,23477,26042
2026-06-20T23:00:00Z,2026-06-20T22:30:00Z,2026-06-20,48,22295,24798
2026-06-20T23:30:00Z,2026-06-20T23:00:00Z,2026-06-21,1,22060,24643
2026-06-21T00:00:00Z,2026-06-20T23:30:00Z,2026-06-21,2,21625,24198
2026-06-21T00:30:00Z,2026-06-21T00:00:00Z,2026-06-21,3,21480,23920
2026-06-21T01:00:00Z,2026-06-21T00:30:00Z,2026-06-21,4,21174,23555
2026-06-21T01:30:00Z,2026-06-21T01:00:00Z,2026-06-21,5,20618,23508
2026-06-21T02:00:00Z,2026-06-21T01:30:00Z,2026-06-21,6,20095,23002
2026-06-21T02:30:00Z,2026-06-21T02:00:00Z,2026-06-21,7,19629,22457
2026-06-21T03:00:00Z,2026-06-21T02:30:00Z,2026-06-21,8,19218,21956
2026-06-21T03:30:00Z,2026-06-21T03:00:00Z,2026-06-21,9,18847,21499
2026-06-21T04:00:00Z,2026-06-21T03:30:00Z,2026-06-21,10,18487,21026
2026-06-21T04:30:00Z,2026-06-21T04:00:00Z,2026-06-21,11,18054,20761
2026-06-21T05:00:00Z,2026-06-21T04:30:00Z,2026-06-21,12,17739,20315
2026-06-21T05:30:00Z,2026-06-21T05:00:00Z,2026-06-21,13,17674,20025
2026-06-21T06:00:00Z,2026-06-21T05:30:00Z,2026-06-21,14,17499,19777
2026-06-21T06:30:00Z,2026-06-21T06:00:00Z,2026-06-21,15,18036,19696
2026-06-21T07:00:00Z,2026-06-21T06:30:00Z,2026-06-21,16,17457,19155
2026-06-21T07:30:00Z,2026-06-21T07:00:00Z,2026-06-21,17,18092,19626
2026-06-21T08:00:00Z,2026-06-21T07:30:00Z,2026-06-21,18,18015,19545
2026-06-21T08:30:00Z,2026-06-21T08:00:00Z,2026-06-21,19,17910,19598
2026-06-21T09:00:00Z,2026-06-21T08:30:00Z,2026-06-21,20,17727,19355
2026-06-21T09:30:00Z,2026-06-21T09:00:00Z,2026-06-21,21,17644,19463
2026-06-21T10:00:00Z,2026-06-21T09:30:00Z,2026-06-21,22,17550,19479
2026-06-21T10:30:00Z,2026-06-21T10:00:00Z,2026-06-21,23,17532,19468
2026-06-21T11:00:00Z,2026-06-21T10:30:00Z,2026-06-21,24,17350,19359
2026-06-21T11:30:00Z,2026-06-21T11:00:00Z,2026-06-21,25,17461,19398
2026-06-21T12:00:00Z,2026-06-21T11:30:00Z,2026-06-21,26,17497,19409
2026-06-21T12:30:00Z,2026-06-21T12:00:00Z,2026-06-21,27,17542,19614
2026-06-21T13:00:00Z,2026-06-21T12:30:00Z,2026-06-21,28,17058,19195
2026-06-21T13:30:00Z,2026-06-21T13:00:00Z,2026-06-21,29,16925,18990
2026-06-21T14:00:00Z,2026-06-21T13:30:00Z,2026-06-21,30,16910,19031
2026-06-21T14:30:00Z,2026-06-21T14:00:00Z,2026-06-21,31,17392,19306
2026-06-21T15:00:00Z,2026-06-21T14:30:00Z,2026-06-21,32,18136,19720
2026-06-21T15:30:00Z,2026-06-21T15:00:00Z,2026-06-21,33,18897,20649
2026-06-21T16:00:00Z,2026-06-21T15:30:00Z,2026-06-21,34,20173,22239
2026-06-21T16:30:00Z,2026-06-21T16:00:00Z,2026-06-21,35,21295,22697
2026-06-21T17:00:00Z,2026-06-21T16:30:00Z,2026-06-21,36,22880,24728
2026-06-21T17:30:00Z,2026-06-21T17:00:00Z,2026-06-21,37,24085,26538
2026-06-21T18:00:00Z,2026-06-21T17:30:00Z,2026-06-21,38,24518,27036
2026-06-21T18:30:00Z,2026-06-21T18:00:00Z,2026-06-21,39,25743,28675
2026-06-21T19:00:00Z,2026-06-21T18:30:00Z,2026-06-21,40,25795,28937
2026-06-21T19:30:00Z,2026-06-21T19:00:00Z,2026-06-21,41,25807,29528
2026-06-21T20:00:00Z,2026-06-21T19:30:00Z,2026-06-21,42,25958,29702
2026-06-21T20:30:00Z,2026-06-21T20:00:00Z,2026-06-21,43,25644,28753
2026-06-21T21:00:00Z,2026-06-21T20:30:00Z,2026-06-21,44,25412,28523
2026-06-21T21:30:00Z,2026-06-21T21:00:00Z,2026-06-21,45,25599,28252
2026-06-21T22:00:00Z,2026-06-21T21:30:00Z,2026-06-21,46,24751,27405
2026-06-21T22:30:00Z,2026-06-21T22:00:00Z,2026-06-21,47,23508,26250
2026-06-21T23:00:00Z,2026-06-21T22:30:00Z,2026-06-21,48,22710,25371
2026-06-21T23:30:00Z,2026-06-21T23:00:00Z,2026-06-22,1,22384,25102
2026-06-22T00:00:00Z,2026-06-21T23:30:00Z,2026-06-22,2,22438,25343
2026-06-22T00:30:00Z,2026-06-22T00:00:00Z,2026-06-22,3,22038,25033
2026-06-22T01:00:00Z,2026-06-22T00:30:00Z,2026-06-22,4,21733,24676
2026-06-22T01:30:00Z,2026-06-22T01:00:00Z,2026-06-22,5,21359,24602
2026-06-22T02:00:00Z,2026-06-22T01:30:00Z,2026-06-22,6,21115,24491
2026-06-22T02:30:00Z,2026-06-22T02:00:00Z,2026-06-22,7,20515,24304
2026-06-22T03:00:00Z,2026-06-22T02:30:00Z,2026-06-22,8,20180,23901
2026-06-22T03:30:00Z,2026-06-22T03:00:00Z,2026-06-22,9,20007,24357
2026-06-22T04:00:00Z,2026-06-22T03:30:00Z,2026-06-22,10,19521,23878
2026-06-22T04:30:00Z,2026-06-22T04:00:00Z,2026-06-22,11,19284,24106
2026-06-22T05:00:00Z,2026-06-22T04:30:00Z,2026-06-22,12,19577,24416
2026-06-22T05:30:00Z,2026-06-22T05:00:00Z,2026-06-22,13,20913,25378
2026-06-22T06:00:00Z,2026-06-22T05:30:00Z,2026-06-22,14,21873,26387
2026-06-22T06:30:00Z,2026-06-22T06:00:00Z,2026-06-22,15,23955,26374
2026-06-22T07:00:00Z,2026-06-22T06:30:00Z,2026-06-22,16,24333,26738
2026-06-22T07:30:00Z,2026-06-22T07:00:00Z,2026-06-22,17,24868,27093
2026-06-22T08:00:00Z,2026-06-22T07:30:00Z,2026-06-22,18,24242,26331
2026-06-22T08:30:00Z,2026-06-22T08:00:00Z,2026-06-22,19,23683,25891
2026-06-22T09:00:00Z,2026-06-22T08:30:00Z,2026-06-22,20,22910,25190
2026-06-22T09:30:00Z,2026-06-22T09:00:00Z,2026-06-22,21,22070,24753
2026-06-22T10:00:00Z,2026-06-22T09:30:00Z,2026-06-22,22,21555,24327
2026-06-22T10:30:00Z,2026-06-22T10:00:00Z,2026-06-22,23,20891,23798
2026-06-22T11:00:00Z,2026-06-22T10:30:00Z,2026-06-22,24,20596,23496
2026-06-22T11:30:00Z,2026-06-22T11:00:00Z,2026-06-22,25,20595,23495
2026-06-22T12:00:00Z,2026-06-22T11:30:00Z,2026-06-22,26,20580,23478
2026-06-22T12:30:00Z,2026-06-22T12:00:00Z,2026-06-22,27,20499,23388
2026-06-22T13:00:00Z,2026-06-22T12:30:00Z,2026-06-22,28,20471,23350
2026-06-22T13:30:00Z,2026-06-22T13:00:00Z,2026-06-22,29,20765,23123
2026-06-22T14:00:00Z,2026-06-22T13:30:00Z,2026-06-22,30,21365,23424
2026-06-22T14:30:00Z,2026-06-22T14:00:00Z,2026-06-22,31,21732,23457
2026-06-22T15:00:00Z,2026-06-22T14:30:00Z,2026-06-22,32,23352,24850
2026-06-22T15:30:00Z,2026-06-22T15:00:00Z,2026-06-22,33,23726,25168
2026-06-22T16:00:00Z,2026-06-22T15:30:00Z,2026-06-22,34,25390,26884
2026-06-22T16:30:00Z,2026-06-22T16:00:00Z,2026-06-22,35,27492,28958
2026-06-22T17:00:00Z,2026-06-22T16:30:00Z,2026-06-22,36,28632,30128
2026-06-22T17:30:00Z,2026-06-22T17:00:00Z,2026-06-22,37,28556,31838
2026-06-22T18:00:00Z,2026-06-22T17:30:00Z,2026-06-22,38,29237,32646
2026-06-22T18:30:00Z,2026-06-22T18:00:00Z,2026-06-22,39,30268,34722
2026-06-22T19:00:00Z,2026-06-22T18:30:00Z,2026-06-22,40,29525,33996
2026-06-22T19:30:00Z,2026-06-22T19:00:00Z,2026-06-22,41,28898,33153
2026-06-22T20:00:00Z,2026-06-22T19:30:00Z,2026-06-22,42,29197,33482
2026-06-22T20:30:00Z,2026-06-22T20:00:00Z,2026-06-22,43,28316,32701
2026-06-22T21:00:00Z,2026-06-22T20:30:00Z,2026-06-22,44,27728,32102
2026-06-22T21:30:00Z,2026-06-22T21:00:00Z,2026-06-22,45,27667,31253
2026-06-22T22:00:00Z,2026-06-22T21:30:00Z,2026-06-22,46,26372,30087
2026-06-22T22:30:00Z,2026-06-22T22:00:00Z,2026-06-22,47,24589,29625
2026-06-22T23:00:00Z,2026-06-22T22:30:00Z,2026-06-22,48,24429,29497
2026-06-22T23:30:00Z,2026-06-22T23:00:00Z,2026-06-23,1,23927,29091
2026-06-23T00:00:00Z,2026-06-22T23:30:00Z,2026-06-23,2,23540,28710
2026-06-23T00:30:00Z,2026-06-23T00:00:00Z,2026-06-23,3,23550,28708
2026-06-23T01:00:00Z,2026-06-23T00:30:00Z,2026-06-23,4,23062,28130
2026-06-23T01:30:00Z,2026-06-23T01:00:00Z,2026-06-23,5,22378,27388
2026-06-23T02:00:00Z,2026-06-23T01:30:00Z,2026-06-23,6,21494,26486
2026-06-23T02:30:00Z,2026-06-23T02:00:00Z,2026-06-23,7,21578,26595
2026-06-23T03:00:00Z,2026-06-23T02:30:00Z,2026-06-23,8,21309,26232
2026-06-23T03:30:00Z,2026-06-23T03:00:00Z,2026-06-23,9,21014,25960
2026-06-23T04:00:00Z,2026-06-23T03:30:00Z,2026-06-23,10,20843,25722
2026-06-23T04:30:00Z,2026-06-23T04:00:00Z,2026-06-23,11,20905,25726
2026-06-23T05:00:00Z,2026-06-23T04:30:00Z,2026-06-23,12,21062,25860
2026-06-23T05:30:00Z,2026-06-23T05:00:00Z,2026-06-23,13,22477,27246
2026-06-23T06:00:00Z,2026-06-23T05:30:00Z,2026-06-23,14,23407,28318
2026-06-23T06:30:00Z,2026-06-23T06:00:00Z,2026-06-23,15,24780,29571
2026-06-23T07:00:00Z,2026-06-23T06:30:00Z,2026-06-23,16,25262,29827
2026-06-23T07:30:00Z,2026-06-23T07:00:00Z,2026-06-23,17,25887,28795
2026-06-23T08:00:00Z,2026-06-23T07:30:00Z,2026-06-23,18,25388,28178
2026-06-23T08:30:00Z,2026-06-23T08:00:00Z,2026-06-23,19,25198,26695
2026-06-23T09:00:00Z,2026-06-23T08:30:00Z,2026-06-23,20,24451,25844
2026-06-23T09:30:00Z,2026-06-23T09:00:00Z,2026-06-23,21,23539,25684
2026-06-23T10:00:00Z,2026-06-23T09:30:00Z,2026-06-23,22,22778,25160
2026-06-23T10:30:00Z,2026-06-23T10:00:00Z,2026-06-23,23,22260,24909
2026-06-23T11:00:00Z,2026-06-23T10:30:00Z,2026-06-23,24,22118,24792
2026-06-23T11:30:00Z,2026-06-23T11:00:00Z,2026-06-23,25,21995,24682
2026-06-23T12:00:00Z,2026-06-23T11:30:00Z,2026-06-23,26,21525,24196
2026-06-23T12:30:00Z,2026-06-23T12:00:00Z,2026-06-23,27,21230,23863
2026-06-23T13:00:00Z,2026-06-23T12:30:00Z,2026-06-23,28,21319,23954
2026-06-23T13:30:00Z,2026-06-23T13:00:00Z,2026-06-23,29,21218,23662
2026-06-23T14:00:00Z,2026-06-23T13:30:00Z,2026-06-23,30,21577,23891
2026-06-23T14:30:00Z,2026-06-23T14:00:00Z,2026-06-23,31,21907,24285
2026-06-23T15:00:00Z,2026-06-23T14:30:00Z,2026-06-23,32,23094,25101
2026-06-23T15:30:00Z,2026-06-23T15:00:00Z,2026-06-23,33,24075,26211
2026-06-23T16:00:00Z,2026-06-23T15:30:00Z,2026-06-23,34,25189,27353
2026-06-23T16:30:00Z,2026-06-23T16:00:00Z,2026-06-23,35,26481,29489
2026-06-23T17:00:00Z,2026-06-23T16:30:00Z,2026-06-23,36,27747,30726
2026-06-23T17:30:00Z,2026-06-23T17:00:00Z,2026-06-23,37,28496,32919
2026-06-23T18:00:00Z,2026-06-23T17:30:00Z,2026-06-23,38,29496,34119
2026-06-23T18:30:00Z,2026-06-23T18:00:00Z,2026-06-23,39,29907,34824
2026-06-23T19:00:00Z,2026-06-23T18:30:00Z,2026-06-23,40,29912,34193
2026-06-23T19:30:00Z,2026-06-23T19:00:00Z,2026-06-23,41,30006,33433
2026-06-23T20:00:00Z,2026-06-23T19:30:00Z,2026-06-23,42,29912,33258
2026-06-23T20:30:00Z,2026-06-23T20:00:00Z,2026-06-23,43,30039,33031
2026-06-23T21:00:00Z,2026-06-23T20:30:00Z,2026-06-23,44,29616,33254
2026-06-23T21:30:00Z,2026-06-23T21:00:00Z,2026-06-23,45,29271,33621
2026-06-23T22:00:00Z,2026-06-23T21:30:00Z,2026-06-23,46,28342,32791
2026-06-23T22:30:00Z,2026-06-23T22:00:00Z,2026-06-23,47,27494,32411
2026-06-23T23:00:00Z,2026-06-23T22:30:00Z,2026-06-23,48,26513,31525
2026-06-23T23:30:00Z,2026-06-23T23:00:00Z,2026-06-24,1,25921,30805
2026-06-24T00:00:00Z,2026-06-23T23:30:00Z,2026-06-24,2,25431,30294
2026-06-24T00:30:00Z,2026-06-24T00:00:00Z,2026-06-24,3,25200,30157
2026-06-24T01:00:00Z,2026-06-24T00:30:00Z,2026-06-24,4,24539,29468
2026-06-24T01:30:00Z,2026-06-24T01:00:00Z,2026-06-24,5,24083,29071
2026-06-24T02:00:00Z,2026-06-24T01:30:00Z,2026-06-24,6,23806,28794
2026-06-24T02:30:00Z,2026-06-24T02:00:00Z,2026-06-24,7,23084,28071
2026-06-24T03:00:00Z,2026-06-24T02:30:00Z,2026-06-24,8,22977,27962
2026-06-24T03:30:00Z,2026-06-24T03:00:00Z,2026-06-24,9,22511,27522
2026-06-24T04:00:00Z,2026-06-24T03:30:00Z,2026-06-24,10,22067,27080
2026-06-24T04:30:00Z,2026-06-24T04:00:00Z,2026-06-24,11,21712,26725
2026-06-24T05:00:00Z,2026-06-24T04:30:00Z,2026-06-24,12,22100,27095
2026-06-24T05:30:00Z,2026-06-24T05:00:00Z,2026-06-24,13,23749,28642
2026-06-24T06:00:00Z,2026-06-24T05:30:00Z,2026-06-24,14,24933,29804
2026-06-24T06:30:00Z,2026-06-24T06:00:00Z,2026-06-24,15,26649,28968
2026-06-24T07:00:00Z,2026-06-24T06:30:00Z,2026-06-24,16,26855,29038
2026-06-24T07:30:00Z,2026-06-24T07:00:00Z,2026-06-24,17,26665,28780
2026-06-24T08:00:00Z,2026-06-24T07:30:00Z,2026-06-24,18,26014,28162
2026-06-24T08:30:00Z,2026-06-24T08:00:00Z,2026-06-24,19,25390,27923
2026-06-24T09:00:00Z,2026-06-24T08:30:00Z,2026-06-24,20,24617,27146
2026-06-24T09:30:00Z,2026-06-24T09:00:00Z,2026-06-24,21,24106,26631
2026-06-24T10:00:00Z,2026-06-24T09:30:00Z,2026-06-24,22,23508,26028
2026-06-24T10:30:00Z,2026-06-24T10:00:00Z,2026-06-24,23,23437,25951
2026-06-24T11:00:00Z,2026-06-24T10:30:00Z,2026-06-24,24,23048,25564
2026-06-24T11:30:00Z,2026-06-24T11:00:00Z,2026-06-24,25,22806,25313
2026-06-24T12:00:00Z,2026-06-24T11:30:00Z,2026-06-24,26,22983,25484
2026-06-24T12:30:00Z,2026-06-24T12:00:00Z,2026-06-24,27,22615,25121
2026-06-24T13:00:00Z,2026-06-24T12:30:00Z,2026-06-24,28,22362,24875
2026-06-24T13:30:00Z,2026-06-24T13:00:00Z,2026-06-24,29,22414,25418
2026-06-24T14:00:00Z,2026-06-24T13:30:00Z,2026-06-24,30,22626,25642
2026-06-24T14:30:00Z,2026-06-24T14:00:00Z,2026-06-24,31,22994,25833
2026-06-24T15:00:00Z,2026-06-24T14:30:00Z,2026-06-24,32,24084,26654
2026-06-24T15:30:00Z,2026-06-24T15:00:00Z,2026-06-24,33,24827,27129
2026-06-24T16:00:00Z,2026-06-24T15:30:00Z,2026-06-24,34,26272,28317
2026-06-24T16:30:00Z,2026-06-24T16:00:00Z,2026-06-24,35,27367,29249
2026-06-24T17:00:00Z,2026-06-24T16:30:00Z,2026-06-24,36,28577,29870
2026-06-24T17:30:00Z,2026-06-24T17:00:00Z,2026-06-24,37,29516,31635
2026-06-24T18:00:00Z,2026-06-24T17:30:00Z,2026-06-24,38,30074,32136
2026-06-24T18:30:00Z,2026-06-24T18:00:00Z,2026-06-24,39,30791,33261
2026-06-24T19:00:00Z,2026-06-24T18:30:00Z,2026-06-24,40,31118,33513
2026-06-24T19:30:00Z,2026-06-24T19:00:00Z,2026-06-24,41,31216,33590
2026-06-24T20:00:00Z,2026-06-24T19:30:00Z,2026-06-24,42,30611,32985
2026-06-24T20:30:00Z,2026-06-24T20:00:00Z,2026-06-24,43,31353,33712
2026-06-24T21:00:00Z,2026-06-24T20:30:00Z,2026-06-24,44,30627,33035
2026-06-24T21:30:00Z,2026-06-24T21:00:00Z,2026-06-24,45,29322,31620
2026-06-24T22:00:00Z,2026-06-24T21:30:00Z,2026-06-24,46,29235,31603
2026-06-24T22:30:00Z,2026-06-24T22:00:00Z,2026-06-24,47,27079,31088
2026-06-24T23:00:00Z,2026-06-24T22:30:00Z,2026-06-24,48,26451,30947
2026-06-24T23:30:00Z,2026-06-24T23:00:00Z,2026-06-25,1,26336,31135
2026-06-25T00:00:00Z,2026-06-24T23:30:00Z,2026-06-25,2,25541,30210
2026-06-25T00:30:00Z,2026-06-25T00:00:00Z,2026-06-25,3,25114,29550
2026-06-25T01:00:00Z,2026-06-25T00:30:00Z,2026-06-25,4,25299,29531
2026-06-25T01:30:00Z,2026-06-25T01:00:00Z,2026-06-25,5,24095,28508
2026-06-25T02:00:00Z,2026-06-25T01:30:00Z,2026-06-25,6,24084,28443
2026-06-25T02:30:00Z,2026-06-25T02:00:00Z,2026-06-25,7,23338,27621
2026-06-25T03:00:00Z,2026-06-25T02:30:00Z,2026-06-25,8,23095,27241
2026-06-25T03:30:00Z,2026-06-25T03:00:00Z,2026-06-25,9,22177,26399
2026-06-25T04:00:00Z,2026-06-25T03:30:00Z,2026-06-25,10,22331,26450
2026-06-25T04:30:00Z,2026-06-25T04:00:00Z,2026-06-25,11,21817,25882
2026-06-25T05:00:00Z,2026-06-25T04:30:00Z,2026-06-25,12,22083,26126
2026-06-25T05:30:00Z,2026-06-25T05:00:00Z,2026-06-25,13,23452,27472
2026-06-25T06:00:00Z,2026-06-25T05:30:00Z,2026-06-25,14,24257,28017
2026-06-25T06:30:00Z,2026-06-25T06:00:00Z,2026-06-25,15,26052,27403
2026-06-25T07:00:00Z,2026-06-25T06:30:00Z,2026-06-25,16,26277,27719
2026-06-25T07:30:00Z,2026-06-25T07:00:00Z,2026-06-25,17,26199,27236
2026-06-25T08:00:00Z,2026-06-25T07:30:00Z,2026-06-25,18,25499,26335
2026-06-25T08:30:00Z,2026-06-25T08:00:00Z,2026-06-25,19,25044,25882
2026-06-25T09:00:00Z,2026-06-25T08:30:00Z,2026-06-25,20,24177,24864
2026-06-25T09:30:00Z,2026-06-25T09:00:00Z,2026-06-25,21,23395,24651
2026-06-25T10:00:00Z,2026-06-25T09:30:00Z,2026-06-25,22,22776,24397
2026-06-25T10:30:00Z,2026-06-25T10:00:00Z,2026-06-25,23,22198,23973
2026-06-25T11:00:00Z,2026-06-25T10:30:00Z,2026-06-25,24,22003,23767
2026-06-25T11:30:00Z,2026-06-25T11:00:00Z,2026-06-25,25,22104,23900
2026-06-25T12:00:00Z,2026-06-25T11:30:00Z,2026-06-25,26,21857,23673
2026-06-25T12:30:00Z,2026-06-25T12:00:00Z,2026-06-25,27,21892,23664
2026-06-25T13:00:00Z,2026-06-25T12:30:00Z,2026-06-25,28,21526,23356
2026-06-25T13:30:00Z,2026-06-25T13:00:00Z,2026-06-25,29,21538,23201
2026-06-25T14:00:00Z,2026-06-25T13:30:00Z,2026-06-25,30,22365,24036
2026-06-25T14:30:00Z,2026-06-25T14:00:00Z,2026-06-25,31,22151,24088
2026-06-25T15:00:00Z,2026-06-25T14:30:00Z,2026-06-25,32,23301,25340
2026-06-25T15:30:00Z,2026-06-25T15:00:00Z,2026-06-25,33,23747,25970
2026-06-25T16:00:00Z,2026-06-25T15:30:00Z,2026-06-25,34,25151,27234
2026-06-25T16:30:00Z,2026-06-25T16:00:00Z,2026-06-25,35,26409,29259
2026-06-25T17:00:00Z,2026-06-25T16:30:00Z,2026-06-25,36,27867,30975
2026-06-25T17:30:00Z,2026-06-25T17:00:00Z,2026-06-25,37,28544,32122
2026-06-25T18:00:00Z,2026-06-25T17:30:00Z,2026-06-25,38,29697,33408
2026-06-25T18:30:00Z,2026-06-25T18:00:00Z,2026-06-25,39,30351,34563
2026-06-25T19:00:00Z,2026-06-25T18:30:00Z,2026-06-25,40,31747,36121
2026-06-25T19:30:00Z,2026-06-25T19:00:00Z,2026-06-25,41,31019,36316
2026-06-25T20:00:00Z,2026-06-25T19:30:00Z,2026-06-25,42,31180,36328
2026-06-25T20:30:00Z,2026-06-25T20:00:00Z,2026-06-25,43,30630,34340
2026-06-25T21:00:00Z,2026-06-25T20:30:00Z,2026-06-25,44,29883,33596
2026-06-25T21:30:00Z,2026-06-25T21:00:00Z,2026-06-25,45,29780,34846
2026-06-25T22:00:00Z,2026-06-25T21:30:00Z,2026-06-25,46,28369,33661
2026-06-25T22:30:00Z,2026-06-25T22:00:00Z,2026-06-25,47,27178,33557
2026-06-25T23:00:00Z,2026-06-25T22:30:00Z,2026-06-25,48,26836,33285
2026-06-25T23:30:00Z,2026-06-25T23:00:00Z,2026-06-26,1,26158,31908
2026-06-26T00:00:00Z,2026-06-25T23:30:00Z,2026-06-26,2,25742,31199
2026-06-26T00:30:00Z,2026-06-26T00:00:00Z,2026-06-26,3,25428,30535
2026-06-26T01:00:00Z,2026-06-26T00:30:00Z,2026-06-26,4,24882,29846
2026-06-26T01:30:00Z,2026-06-26T01:00:00Z,2026-06-26,5,24542,29269
2026-06-26T02:00:00Z,2026-06-26T01:30:00Z,2026-06-26,6,23903,28632
2026-06-26T02:30:00Z,2026-06-26T02:00:00Z,2026-06-26,7,23640,28241
2026-06-26T03:00:00Z,2026-06-26T02:30:00Z,2026-06-26,8,23088,27650
2026-06-26T03:30:00Z,2026-06-26T03:00:00Z,2026-06-26,9,22650,27307
2026-06-26T04:00:00Z,2026-06-26T03:30:00Z,2026-06-26,10,22140,26661
2026-06-26T04:30:00Z,2026-06-26T04:00:00Z,2026-06-26,11,22752,26819
2026-06-26T05:00:00Z,2026-06-26T04:30:00Z,2026-06-26,12,23312,27362
2026-06-26T05:30:00Z,2026-06-26T05:00:00Z,2026-06-26,13,24770,27655
2026-06-26T06:00:00Z,2026-06-26T05:30:00Z,2026-06-26,14,25476,28316
2026-06-26T06:30:00Z,2026-06-26T06:00:00Z,2026-06-26,15,27509,29403
2026-06-26T07:00:00Z,2026-06-26T06:30:00Z,2026-06-26,16,27848,29769
2026-06-26T07:30:00Z,2026-06-26T07:00:00Z,2026-06-26,17,28358,29856
2026-06-26T08:00:00Z,2026-06-26T07:30:00Z,2026-06-26,18,27812,29310
2026-06-26T08:30:00Z,2026-06-26T08:00:00Z,2026-06-26,19,27692,29187
2026-06-26T09:00:00Z,2026-06-26T08:30:00Z,2026-06-26,20,26863,28258
2026-06-26T09:30:00Z,2026-06-26T09:00:00Z,2026-06-26,21,26097,27637
2026-06-26T10:00:00Z,2026-06-26T09:30:00Z,2026-06-26,22,25183,26792
2026-06-26T10:30:00Z,2026-06-26T10:00:00Z,2026-06-26,23,24038,26183
2026-06-26T11:00:00Z,2026-06-26T10:30:00Z,2026-06-26,24,23602,25506
2026-06-26T11:30:00Z,2026-06-26T11:00:00Z,2026-06-26,25,23422,25304
2026-06-26T12:00:00Z,2026-06-26T11:30:00Z,2026-06-26,26,23194,25478
2026-06-26T12:30:00Z,2026-06-26T12:00:00Z,2026-06-26,27,22959,25275
2026-06-26T13:00:00Z,2026-06-26T12:30:00Z,2026-06-26,28,22933,25252
2026-06-26T13:30:00Z,2026-06-26T13:00:00Z,2026-06-26,29,23115,25503
2026-06-26T14:00:00Z,2026-06-26T13:30:00Z,2026-06-26,30,23528,25903
2026-06-26T14:30:00Z,2026-06-26T14:00:00Z,2026-06-26,31,22589,24822
2026-06-26T15:00:00Z,2026-06-26T14:30:00Z,2026-06-26,32,23016,24555
2026-06-26T15:30:00Z,2026-06-26T15:00:00Z,2026-06-26,33,23331,24491
2026-06-26T16:00:00Z,2026-06-26T15:30:00Z,2026-06-26,34,24741,25681
2026-06-26T16:30:00Z,2026-06-26T16:00:00Z,2026-06-26,35,26068,28379
2026-06-26T17:00:00Z,2026-06-26T16:30:00Z,2026-06-26,36,26927,29314
2026-06-26T17:30:00Z,2026-06-26T17:00:00Z,2026-06-26,37,27304,30566
2026-06-26T18:00:00Z,2026-06-26T17:30:00Z,2026-06-26,38,28240,31536
2026-06-26T18:30:00Z,2026-06-26T18:00:00Z,2026-06-26,39,28147,32096
2026-06-26T19:00:00Z,2026-06-26T18:30:00Z,2026-06-26,40,28642,32699
2026-06-26T19:30:00Z,2026-06-26T19:00:00Z,2026-06-26,41,28825,32591
2026-06-26T20:00:00Z,2026-06-26T19:30:00Z,2026-06-26,42,28779,32515
2026-06-26T20:30:00Z,2026-06-26T20:00:00Z,2026-06-26,43,28966,31740
2026-06-26T21:00:00Z,2026-06-26T20:30:00Z,2026-06-26,44,29333,32066
2026-06-26T21:30:00Z,2026-06-26T21:00:00Z,2026-06-26,45,28771,31442
2026-06-26T22:00:00Z,2026-06-26T21:30:00Z,2026-06-26,46,28015,30720
2026-06-26T22:30:00Z,2026-06-26T22:00:00Z,2026-06-26,47,26592,30955
2026-06-26T23:00:00Z,2026-06-26T22:30:00Z,2026-06-26,48,26136,30612
2026-06-26T23:30:00Z,2026-06-26T23:00:00Z,2026-06-27,1,25200,29605
2026-06-27T00:00:00Z,2026-06-26T23:30:00Z,2026-06-27,2,24572,28822
2026-06-27T00:30:00Z,2026-06-27T00:00:00Z,2026-06-27,3,24527,28185
2026-06-27T01:00:00Z,2026-06-27T00:30:00Z,2026-06-27,4,23946,27595
2026-06-27T01:30:00Z,2026-06-27T01:00:00Z,2026-06-27,5,23068,26918
2026-06-27T02:00:00Z,2026-06-27T01:30:00Z,2026-06-27,6,22394,26250
2026-06-27T02:30:00Z,2026-06-27T02:00:00Z,2026-06-27,7,22141,25825
2026-06-27T03:00:00Z,2026-06-27T02:30:00Z,2026-06-27,8,21482,25175
2026-06-27T03:30:00Z,2026-06-27T03:00:00Z,2026-06-27,9,20937,24506
2026-06-27T04:00:00Z,2026-06-27T03:30:00Z,2026-06-27,10,20424,23977
2026-06-27T04:30:00Z,2026-06-27T04:00:00Z,2026-06-27,11,20095,23284
2026-06-27T05:00:00Z,2026-06-27T04:30:00Z,2026-06-27,12,19632,22782
2026-06-27T05:30:00Z,2026-06-27T05:00:00Z,2026-06-27,13,20069,22331
2026-06-27T06:00:00Z,2026-06-27T05:30:00Z,2026-06-27,14,19974,22081
2026-06-27T06:30:00Z,2026-06-27T06:00:00Z,2026-06-27,15,20640,21307
2026-06-27T07:00:00Z,2026-06-27T06:30:00Z,2026-06-27,16,20381,21089
2026-06-27T07:30:00Z,2026-06-27T07:00:00Z,2026-06-27,17,20630,21271
2026-06-27T08:00:00Z,2026-06-27T07:30:00Z,2026-06-27,18,20305,21165
2026-06-27T08:30:00Z,2026-06-27T08:00:00Z,2026-06-27,19,19993,21769
2026-06-27T09:00:00Z,2026-06-27T08:30:00Z,2026-06-27,20,19425,21498
2026-06-27T09:30:00Z,2026-06-27T09:00:00Z,2026-06-27,21,18983,20756
2026-06-27T10:00:00Z,2026-06-27T09:30:00Z,2026-06-27,22,18056,20261
2026-06-27T10:30:00Z,2026-06-27T10:00:00Z,2026-06-27,23,17215,19676
2026-06-27T11:00:00Z,2026-06-27T10:30:00Z,2026-06-27,24,16855,19339
2026-06-27T11:30:00Z,2026-06-27T11:00:00Z,2026-06-27,25,16430,18892
2026-06-27T12:00:00Z,2026-06-27T11:30:00Z,2026-06-27,26,16508,18885
2026-06-27T12:30:00Z,2026-06-27T12:00:00Z,2026-06-27,27,16439,18735
2026-06-27T13:00:00Z,2026-06-27T12:30:00Z,2026-06-27,28,16106,18574
2026-06-27T13:30:00Z,2026-06-27T13:00:00Z,2026-06-27,29,16564,19192
2026-06-27T14:00:00Z,2026-06-27T13:30:00Z,2026-06-27,30,16715,19087
2026-06-27T14:30:00Z,2026-06-27T14:00:00Z,2026-06-27,31,16985,19230
2026-06-27T15:00:00Z,2026-06-27T14:30:00Z,2026-06-27,32,17726,19660
2026-06-27T15:30:00Z,2026-06-27T15:00:00Z,2026-06-27,33,18774,21326
2026-06-27T16:00:00Z,2026-06-27T15:30:00Z,2026-06-27,34,20323,22838
2026-06-27T16:30:00Z,2026-06-27T16:00:00Z,2026-06-27,35,21784,25583
2026-06-27T17:00:00Z,2026-06-27T16:30:00Z,2026-06-27,36,22790,26642
2026-06-27T17:30:00Z,2026-06-27T17:00:00Z,2026-06-27,37,24457,28267
2026-06-27T18:00:00Z,2026-06-27T17:30:00Z,2026-06-27,38,25003,28818
2026-06-27T18:30:00Z,2026-06-27T18:00:00Z,2026-06-27,39,25785,29832
2026-06-27T19:00:00Z,2026-06-27T18:30:00Z,2026-06-27,40,26181,30228
2026-06-27T19:30:00Z,2026-06-27T19:00:00Z,2026-06-27,41,25725,29812
2026-06-27T20:00:00Z,2026-06-27T19:30:00Z,2026-06-27,42,25705,29868
2026-06-27T20:30:00Z,2026-06-27T20:00:00Z,2026-06-27,43,25584,29721
2026-06-27T21:00:00Z,2026-06-27T20:30:00Z,2026-06-27,44,25619,29819
2026-06-27T21:30:00Z,2026-06-27T21:00:00Z,2026-06-27,45,25312,29567
2026-06-27T22:00:00Z,2026-06-27T21:30:00Z,2026-06-27,46,24740,29029
2026-06-27T22:30:00Z,2026-06-27T22:00:00Z,2026-06-27,47,24290,29339
2026-06-27T23:00:00Z,2026-06-27T22:30:00Z,2026-06-27,48,23325,28372
2026-06-27T23:30:00Z,2026-06-27T23:00:00Z,2026-06-28,1,23134,27975
2026-06-28T00:00:00Z,2026-06-27T23:30:00Z,2026-06-28,2,22384,27268
2026-06-28T00:30:00Z,2026-06-28T00:00:00Z,2026-06-28,3,21396,25954
2026-06-28T01:00:00Z,2026-06-28T00:30:00Z,2026-06-28,4,20610,25079
2026-06-28T01:30:00Z,2026-06-28T01:00:00Z,2026-06-28,5,20309,24019
2026-06-28T02:00:00Z,2026-06-28T01:30:00Z,2026-06-28,6,19673,23316
2026-06-28T02:30:00Z,2026-06-28T02:00:00Z,2026-06-28,7,19124,22563
2026-06-28T03:00:00Z,2026-06-28T02:30:00Z,2026-06-28,8,18647,22030
2026-06-28T03:30:00Z,2026-06-28T03:00:00Z,2026-06-28,9,18545,21589
2026-06-28T04:00:00Z,2026-06-28T03:30:00Z,2026-06-28,10,18389,21468
2026-06-28T04:30:00Z,2026-06-28T04:00:00Z,2026-06-28,11,18110,20318
2026-06-28T05:00:00Z,2026-06-28T04:30:00Z,2026-06-28,12,17668,19815
2026-06-28T05:30:00Z,2026-06-28T05:00:00Z,2026-06-28,13,17884,19528
2026-06-28T06:00:00Z,2026-06-28T05:30:00Z,2026-06-28,14,17679,19036
2026-06-28T06:30:00Z,2026-06-28T06:00:00Z,2026-06-28,15,17796,18821
2026-06-28T07:00:00Z,2026-06-28T06:30:00Z,2026-06-28,16,17322,18806
2026-06-28T07:30:00Z,2026-06-28T07:00:00Z,2026-06-28,17,17437,18976
2026-06-28T08:00:00Z,2026-06-28T07:30:00Z,2026-06-28,18,17278,19052
2026-06-28T08:30:00Z,2026-06-28T08:00:00Z,2026-06-28,19,17494,19517
2026-06-28T09:00:00Z,2026-06-28T08:30:00Z,2026-06-28,20,17541,19611
2026-06-28T09:30:00Z,2026-06-28T09:00:00Z,2026-06-28,21,17393,19488
2026-06-28T10:00:00Z,2026-06-28T09:30:00Z,2026-06-28,22,16973,19138
2026-06-28T10:30:00Z,2026-06-28T10:00:00Z,2026-06-28,23,16420,18508
2026-06-28T11:00:00Z,2026-06-28T10:30:00Z,2026-06-28,24,16173,18121
2026-06-28T11:30:00Z,2026-06-28T11:00:00Z,2026-06-28,25,15628,17957
2026-06-28T12:00:00Z,2026-06-28T11:30:00Z,2026-06-28,26,15078,17624
2026-06-28T12:30:00Z,2026-06-28T12:00:00Z,2026-06-28,27,14233,17114
2026-06-28T13:00:00Z,2026-06-28T12:30:00Z,2026-06-28,28,13972,16817
2026-06-28T13:30:00Z,2026-06-28T13:00:00Z,2026-06-28,29,13434,16682
2026-06-28T14:00:00Z,2026-06-28T13:30:00Z,2026-06-28,30,13264,16465
2026-06-28T14:30:00Z,2026-06-28T14:00:00Z,2026-06-28,31,13093,16766
2026-06-28T15:00:00Z,2026-06-28T14:30:00Z,2026-06-28,32,13718,17360
2026-06-28T15:30:00Z,2026-06-28T15:00:00Z,2026-06-28,33,14871,19726
2026-06-28T16:00:00Z,2026-06-28T15:30:00Z,2026-06-28,34,16453,21153
2026-06-28T16:30:00Z,2026-06-28T16:00:00Z,2026-06-28,35,18333,22483
2026-06-28T17:00:00Z,2026-06-28T16:30:00Z,2026-06-28,36,19936,24001
2026-06-28T17:30:00Z,2026-06-28T17:00:00Z,2026-06-28,37,20866,24659
2026-06-28T18:00:00Z,2026-06-28T17:30:00Z,2026-06-28,38,21508,25227
2026-06-28T18:30:00Z,2026-06-28T18:00:00Z,2026-06-28,39,23299,26883
2026-06-28T19:00:00Z,2026-06-28T18:30:00Z,2026-06-28,40,23893,27341
2026-06-28T19:30:00Z,2026-06-28T19:00:00Z,2026-06-28,41,24308,27696
2026-06-28T20:00:00Z,2026-06-28T19:30:00Z,2026-06-28,42,23695,27079
2026-06-28T20:30:00Z,2026-06-28T20:00:00Z,2026-06-28,43,24149,27220
2026-06-28T21:00:00Z,2026-06-28T20:30:00Z,2026-06-28,44,23401,26484
2026-06-28T21:30:00Z,2026-06-28T21:00:00Z,2026-06-28,45,23745,26735
2026-06-28T22:00:00Z,2026-06-28T21:30:00Z,2026-06-28,46,22808,25774
2026-06-28T22:30:00Z,2026-06-28T22:00:00Z,2026-06-28,47,21971,25057
2026-06-28T23:00:00Z,2026-06-28T22:30:00Z,2026-06-28,48,21734,24801
2026-06-28T23:30:00Z,2026-06-28T23:00:00Z,2026-06-29,1,20841,24107
2026-06-29T00:00:00Z,2026-06-28T23:30:00Z,2026-06-29,2,20689,23979
2026-06-29T00:30:00Z,2026-06-29T00:00:00Z,2026-06-29,3,20106,23849
2026-06-29T01:00:00Z,2026-06-29T00:30:00Z,2026-06-29,4,19880,23640
2026-06-29T01:30:00Z,2026-06-29T01:00:00Z,2026-06-29,5,19313,23348
2026-06-29T02:00:00Z,2026-06-29T01:30:00Z,2026-06-29,6,18926,22958
2026-06-29T02:30:00Z,2026-06-29T02:00:00Z,2026-06-29,7,18993,23223
2026-06-29T03:00:00Z,2026-06-29T02:30:00Z,2026-06-29,8,18981,23341
2026-06-29T03:30:00Z,2026-06-29T03:00:00Z,2026-06-29,9,18346,22811
2026-06-29T04:00:00Z,2026-06-29T03:30:00Z,2026-06-29,10,18283,22657
2026-06-29T04:30:00Z,2026-06-29T04:00:00Z,2026-06-29,11,18525,22883
2026-06-29T05:00:00Z,2026-06-29T04:30:00Z,2026-06-29,12,18467,22638
2026-06-29T05:30:00Z,2026-06-29T05:00:00Z,2026-06-29,13,19553,23184
2026-06-29T06:00:00Z,2026-06-29T05:30:00Z,2026-06-29,14,20078,23980
2026-06-29T06:30:00Z,2026-06-29T06:00:00Z,2026-06-29,15,21534,25150
2026-06-29T07:00:00Z,2026-06-29T06:30:00Z,2026-06-29,16,21670,25351
2026-06-29T07:30:00Z,2026-06-29T07:00:00Z,2026-06-29,17,22285,24418
2026-06-29T08:00:00Z,2026-06-29T07:30:00Z,2026-06-29,18,21992,24070
2026-06-29T08:30:00Z,2026-06-29T08:00:00Z,2026-06-29,19,22408,23897
2026-06-29T09:00:00Z,2026-06-29T08:30:00Z,2026-06-29,20,21761,23251
2026-06-29T09:30:00Z,2026-06-29T09:00:00Z,2026-06-29,21,21429,23190
2026-06-29T10:00:00Z,2026-06-29T09:30:00Z,2026-06-29,22,21293,23306
2026-06-29T10:30:00Z,2026-06-29T10:00:00Z,2026-06-29,23,21322,23595
2026-06-29T11:00:00Z,2026-06-29T10:30:00Z,2026-06-29,24,20774,22932
2026-06-29T11:30:00Z,2026-06-29T11:00:00Z,2026-06-29,25,20806,22873
2026-06-29T12:00:00Z,2026-06-29T11:30:00Z,2026-06-29,26,20643,22535
2026-06-29T12:30:00Z,2026-06-29T12:00:00Z,2026-06-29,27,20487,22333
2026-06-29T13:00:00Z,2026-06-29T12:30:00Z,2026-06-29,28,20778,22430
2026-06-29T13:30:00Z,2026-06-29T13:00:00Z,2026-06-29,29,21028,22758
2026-06-29T14:00:00Z,2026-06-29T13:30:00Z,2026-06-29,30,21290,23004
2026-06-29T14:30:00Z,2026-06-29T14:00:00Z,2026-06-29,31,21369,23070
2026-06-29T15:00:00Z,2026-06-29T14:30:00Z,2026-06-29,32,22017,23906
2026-06-29T15:30:00Z,2026-06-29T15:00:00Z,2026-06-29,33,22701,24990
2026-06-29T16:00:00Z,2026-06-29T15:30:00Z,2026-06-29,34,24082,26276
2026-06-29T16:30:00Z,2026-06-29T16:00:00Z,2026-06-29,35,25156,27292
2026-06-29T17:00:00Z,2026-06-29T16:30:00Z,2026-06-29,36,26141,28117
2026-06-29T17:30:00Z,2026-06-29T17:00:00Z,2026-06-29,37,26376,29938
2026-06-29T18:00:00Z,2026-06-29T17:30:00Z,2026-06-29,38,27037,30498
2026-06-29T18:30:00Z,2026-06-29T18:00:00Z,2026-06-29,39,27449,31493
2026-06-29T19:00:00Z,2026-06-29T18:30:00Z,2026-06-29,40,27202,31266
2026-06-29T19:30:00Z,2026-06-29T19:00:00Z,2026-06-29,41,26936,30986
2026-06-29T20:00:00Z,2026-06-29T19:30:00Z,2026-06-29,42,27037,31092
2026-06-29T20:30:00Z,2026-06-29T20:00:00Z,2026-06-29,43,26805,30851
2026-06-29T21:00:00Z,2026-06-29T20:30:00Z,2026-06-29,44,26239,30284
2026-06-29T21:30:00Z,2026-06-29T21:00:00Z,2026-06-29,45,25645,29692
2026-06-29T22:00:00Z,2026-06-29T21:30:00Z,2026-06-29,46,24682,28734
2026-06-29T22:30:00Z,2026-06-29T22:00:00Z,2026-06-29,47,24005,28023
2026-06-29T23:00:00Z,2026-06-29T22:30:00Z,2026-06-29,48,23548,27566
2026-06-29T23:30:00Z,2026-06-29T23:00:00Z,2026-06-30,1,22808,26851
2026-06-30T00:00:00Z,2026-06-29T23:30:00Z,2026-06-30,2,22301,26348
2026-06-30T00:30:00Z,2026-06-30T00:00:00Z,2026-06-30,3,21740,25782
2026-06-30T01:00:00Z,2026-06-30T00:30:00Z,2026-06-30,4,21620,25663
2026-06-30T01:30:00Z,2026-06-30T01:00:00Z,2026-06-30,5,21567,25606
2026-06-30T02:00:00Z,2026-06-30T01:30:00Z,2026-06-30,6,21283,25323
2026-06-30T02:30:00Z,2026-06-30T02:00:00Z,2026-06-30,7,20278,24327
2026-06-30T03:00:00Z,2026-06-30T02:30:00Z,2026-06-30,8,20485,24529
2026-06-30T03:30:00Z,2026-06-30T03:00:00Z,2026-06-30,9,19665,23712
2026-06-30T04:00:00Z,2026-06-30T03:30:00Z,2026-06-30,10,19648,23697
2026-06-30T04:30:00Z,2026-06-30T04:00:00Z,2026-06-30,11,19829,23872
2026-06-30T05:00:00Z,2026-06-30T04:30:00Z,2026-06-30,12,20024,24066
2026-06-30T05:30:00Z,2026-06-30T05:00:00Z,2026-06-30,13,21449,25513
2026-06-30T06:00:00Z,2026-06-30T05:30:00Z,2026-06-30,14,22949,27161
2026-06-30T06:30:00Z,2026-06-30T06:00:00Z,2026-06-30,15,24221,27773
2026-06-30T07:00:00Z,2026-06-30T06:30:00Z,2026-06-30,16,24692,28413
2026-06-30T07:30:00Z,2026-06-30T07:00:00Z,2026-06-30,17,25449,27817
2026-06-30T08:00:00Z,2026-06-30T07:30:00Z,2026-06-30,18,25023,27653
2026-06-30T08:30:00Z,2026-06-30T08:00:00Z,2026-06-30,19,25373,27658
2026-06-30T09:00:00Z,2026-06-30T08:30:00Z,2026-06-30,20,24665,27023
2026-06-30T09:30:00Z,2026-06-30T09:00:00Z,2026-06-30,21,24075,26427
2026-06-30T10:00:00Z,2026-06-30T09:30:00Z,2026-06-30,22,23756,26101
2026-06-30T10:30:00Z,2026-06-30T10:00:00Z,2026-06-30,23,23202,25547
2026-06-30T11:00:00Z,2026-06-30T10:30:00Z,2026-06-30,24,22882,25226
2026-06-30T11:30:00Z,2026-06-30T11:00:00Z,2026-06-30,25,22645,25127
2026-06-30T12:00:00Z,2026-06-30T11:30:00Z,2026-06-30,26,22526,25022
2026-06-30T12:30:00Z,2026-06-30T12:00:00Z,2026-06-30,27,22131,24611
2026-06-30T13:00:00Z,2026-06-30T12:30:00Z,2026-06-30,28,21847,24333
2026-06-30T13:30:00Z,2026-06-30T13:00:00Z,2026-06-30,29,21549,24429
2026-06-30T14:00:00Z,2026-06-30T13:30:00Z,2026-06-30,30,21410,24177
2026-06-30T14:30:00Z,2026-06-30T14:00:00Z,2026-06-30,31,21751,24740
2026-06-30T15:00:00Z,2026-06-30T14:30:00Z,2026-06-30,32,22239,24780
2026-06-30T15:30:00Z,2026-06-30T15:00:00Z,2026-06-30,33,22933,26213
2026-06-30T16:00:00Z,2026-06-30T15:30:00Z,2026-06-30,34,23920,27152
2026-06-30T16:30:00Z,2026-06-30T16:00:00Z,2026-06-30,35,25492,28423
2026-06-30T17:00:00Z,2026-06-30T16:30:00Z,2026-06-30,36,26539,29506
2026-06-30T17:30:00Z,2026-06-30T17:00:00Z,2026-06-30,37,27189,31211
2026-06-30T18:00:00Z,2026-06-30T17:30:00Z,2026-06-30,38,27397,31446
2026-06-30T18:30:00Z,2026-06-30T18:00:00Z,2026-06-30,39,27674,31719
2026-06-30T19:00:00Z,2026-06-30T18:30:00Z,2026-06-30,40,28274,32318
2026-06-30T19:30:00Z,2026-06-30T19:00:00Z,2026-06-30,41,28360,32401
2026-06-30T20:00:00Z,2026-06-30T19:30:00Z,2026-06-30,42,27367,31408
2026-06-30T20:30:00Z,2026-06-30T20:00:00Z,2026-06-30,43,27840,31881
2026-06-30T21:00:00Z,2026-06-30T20:30:00Z,2026-06-30,44,26692,30765
2026-06-30T21:30:00Z,2026-06-30T21:00:00Z,2026-06-30,45,26122,30157
2026-06-30T22:00:00Z,2026-06-30T21:30:00Z,2026-06-30,46,25499,29553
2026-06-30T22:30:00Z,2026-06-30T22:00:00Z,2026-06-30,47,24208,28625
2026-06-30T23:00:00Z,2026-06-30T22:30:00Z,2026-06-30,48,23225,27822
2026-06-30T23:30:00Z,2026-06-30T23:00:00Z,2026-07-01,1,22977,27629
2026-07-01T00:00:00Z,2026-06-30T23:30:00Z,2026-07-01,2,22714,27352
2026-07-01T00:30:00Z,2026-07-01T00:00:00Z,2026-07-01,3,22243,26966
2026-07-01T01:00:00Z,2026-07-01T00:30:00Z,2026-07-01,4,21960,26727
2026-07-01T01:30:00Z,2026-07-01T01:00:00Z,2026-07-01,5,21935,26825
2026-07-01T02:00:00Z,2026-07-01T01:30:00Z,2026-07-01,6,21273,26183
2026-07-01T02:30:00Z,2026-07-01T02:00:00Z,2026-07-01,7,20904,25819
2026-07-01T03:00:00Z,2026-07-01T02:30:00Z,2026-07-01,8,20526,25441
2026-07-01T03:30:00Z,2026-07-01T03:00:00Z,2026-07-01,9,20343,25252
2026-07-01T04:00:00Z,2026-07-01T03:30:00Z,2026-07-01,10,19854,24768
2026-07-01T04:30:00Z,2026-07-01T04:00:00Z,2026-07-01,11,19972,24895
2026-07-01T05:00:00Z,2026-07-01T04:30:00Z,2026-07-01,12,20202,25124
2026-07-01T05:30:00Z,2026-07-01T05:00:00Z,2026-07-01,13,21689,26676
2026-07-01T06:00:00Z,2026-07-01T05:30:00Z,2026-07-01,14,22395,27415
2026-07-01T06:30:00Z,2026-07-01T06:00:00Z,2026-07-01,15,23748,28486
2026-07-01T07:00:00Z,2026-07-01T06:30:00Z,2026-07-01,16,23999,28519
2026-07-01T07:30:00Z,2026-07-01T07:00:00Z,2026-07-01,17,24518,26709
2026-07-01T08:00:00Z,2026-07-01T07:30:00Z,2026-07-01,18,24144,26204
2026-07-01T08:30:00Z,2026-07-01T08:00:00Z,2026-07-01,19,24224,25717
2026-07-01T09:00:00Z,2026-07-01T08:30:00Z,2026-07-01,20,24006,25498
2026-07-01T09:30:00Z,2026-07-01T09:00:00Z,2026-07-01,21,24009,25486
2026-07-01T10:00:00Z,2026-07-01T09:30:00Z,2026-07-01,22,23850,25253
2026-07-01T10:30:00Z,2026-07-01T10:00:00Z,2026-07-01,23,23658,25147
2026-07-01T11:00:00Z,2026-07-01T10:30:00Z,2026-07-01,24,23723,25182
2026-07-01T11:30:00Z,2026-07-01T11:00:00Z,2026-07-01,25,23736,25099
2026-07-01T12:00:00Z,2026-07-01T11:30:00Z,2026-07-01,26,23113,24443
2026-07-01T12:30:00Z,2026-07-01T12:00:00Z,2026-07-01,27,22737,23841
2026-07-01T13:00:00Z,2026-07-01T12:30:00Z,2026-07-01,28,22356,23172
2026-07-01T13:30:00Z,2026-07-01T13:00:00Z,2026-07-01,29,22170,22881
2026-07-01T14:00:00Z,2026-07-01T13:30:00Z,2026-07-01,30,22132,22709
2026-07-01T14:30:00Z,2026-07-01T14:00:00Z,2026-07-01,31,21579,22088
2026-07-01T15:00:00Z,2026-07-01T14:30:00Z,2026-07-01,32,22282,22944
2026-07-01T15:30:00Z,2026-07-01T15:00:00Z,2026-07-01,33,22707,23529
2026-07-01T16:00:00Z,2026-07-01T15:30:00Z,2026-07-01,34,23421,24269
2026-07-01T16:30:00Z,2026-07-01T16:00:00Z,2026-07-01,35,23710,26544
2026-07-01T17:00:00Z,2026-07-01T16:30:00Z,2026-07-01,36,24563,27620
2026-07-01T17:30:00Z,2026-07-01T17:00:00Z,2026-07-01,37,25413,29715
2026-07-01T18:00:00Z,2026-07-01T17:30:00Z,2026-07-01,38,25281,29620
2026-07-01T18:30:00Z,2026-07-01T18:00:00Z,2026-07-01,39,26464,30845
2026-07-01T19:00:00Z,2026-07-01T18:30:00Z,2026-07-01,40,26440,30834
2026-07-01T19:30:00Z,2026-07-01T19:00:00Z,2026-07-01,41,26247,30709
2026-07-01T20:00:00Z,2026-07-01T19:30:00Z,2026-07-01,42,25805,30442
2026-07-01T20:30:00Z,2026-07-01T20:00:00Z,2026-07-01,43,25243,30249
2026-07-01T21:00:00Z,2026-07-01T20:30:00Z,2026-07-01,44,24836,29908
2026-07-01T21:30:00Z,2026-07-01T21:00:00Z,2026-07-01,45,23613,29090
2026-07-01T22:00:00Z,2026-07-01T21:30:00Z,2026-07-01,46,22347,27840
2026-07-01T22:30:00Z,2026-07-01T22:00:00Z,2026-07-01,47,21304,26455
2026-07-01T23:00:00Z,2026-07-01T22:30:00Z,2026-07-01,48,20383,25532
2026-07-01T23:30:00Z,2026-07-01T23:00:00Z,2026-07-02,1,20378,25909
2026-07-02T00:00:00Z,2026-07-01T23:30:00Z,2026-07-02,2,20149,25766
2026-07-02T00:30:00Z,2026-07-02T00:00:00Z,2026-07-02,3,19050,25058
2026-07-02T01:00:00Z,2026-07-02T00:30:00Z,2026-07-02,4,18571,24644
2026-07-02T01:30:00Z,2026-07-02T01:00:00Z,2026-07-02,5,17438,23893
2026-07-02T02:00:00Z,2026-07-02T01:30:00Z,2026-07-02,6,16437,23079
2026-07-02T02:30:00Z,2026-07-02T02:00:00Z,2026-07-02,7,16729,23675
2026-07-02T03:00:00Z,2026-07-02T02:30:00Z,2026-07-02,8,16422,23464
2026-07-02T03:30:00Z,2026-07-02T03:00:00Z,2026-07-02,9,15998,24102
2026-07-02T04:00:00Z,2026-07-02T03:30:00Z,2026-07-02,10,16064,24361
2026-07-02T04:30:00Z,2026-07-02T04:00:00Z,2026-07-02,11,16025,24771
2026-07-02T05:00:00Z,2026-07-02T04:30:00Z,2026-07-02,12,16025,24506
2026-07-02T05:30:00Z,2026-07-02T05:00:00Z,2026-07-02,13,17813,24432
2026-07-02T06:00:00Z,2026-07-02T05:30:00Z,2026-07-02,14,19086,25539
2026-07-02T06:30:00Z,2026-07-02T06:00:00Z,2026-07-02,15,20894,26232
2026-07-02T07:00:00Z,2026-07-02T06:30:00Z,2026-07-02,16,21236,26406
2026-07-02T07:30:00Z,2026-07-02T07:00:00Z,2026-07-02,17,21604,26522
2026-07-02T08:00:00Z,2026-07-02T07:30:00Z,2026-07-02,18,20999,26049
2026-07-02T08:30:00Z,2026-07-02T08:00:00Z,2026-07-02,19,20114,25430
2026-07-02T09:00:00Z,2026-07-02T08:30:00Z,2026-07-02,20,19372,24716
2026-07-02T09:30:00Z,2026-07-02T09:00:00Z,2026-07-02,21,18254,24866
2026-07-02T10:00:00Z,2026-07-02T09:30:00Z,2026-07-02,22,17663,24429
2026-07-02T10:30:00Z,2026-07-02T10:00:00Z,2026-07-02,23,16588,23313
2026-07-02T11:00:00Z,2026-07-02T10:30:00Z,2026-07-02,24,15943,22613
2026-07-02T11:30:00Z,2026-07-02T11:00:00Z,2026-07-02,25,15701,22018
2026-07-02T12:00:00Z,2026-07-02T11:30:00Z,2026-07-02,26,15322,21932
2026-07-02T12:30:00Z,2026-07-02T12:00:00Z,2026-07-02,27,15120,21248
2026-07-02T13:00:00Z,2026-07-02T12:30:00Z,2026-07-02,28,14848,20621
2026-07-02T13:30:00Z,2026-07-02T13:00:00Z,2026-07-02,29,14753,20128
2026-07-02T14:00:00Z,2026-07-02T13:30:00Z,2026-07-02,30,14548,19769
2026-07-02T14:30:00Z,2026-07-02T14:00:00Z,2026-07-02,31,15117,18448
2026-07-02T15:00:00Z,2026-07-02T14:30:00Z,2026-07-02,32,16108,19329
2026-07-02T15:30:00Z,2026-07-02T15:00:00Z,2026-07-02,33,17501,19977
2026-07-02T16:00:00Z,2026-07-02T15:30:00Z,2026-07-02,34,18595,20869
2026-07-02T16:30:00Z,2026-07-02T16:00:00Z,2026-07-02,35,20113,22012
2026-07-02T17:00:00Z,2026-07-02T16:30:00Z,2026-07-02,36,21545,23219
2026-07-02T17:30:00Z,2026-07-02T17:00:00Z,2026-07-02,37,23024,24514
2026-07-02T18:00:00Z,2026-07-02T17:30:00Z,2026-07-02,38,24507,25990
2026-07-02T18:30:00Z,2026-07-02T18:00:00Z,2026-07-02,39,25939,27422
2026-07-02T19:00:00Z,2026-07-02T18:30:00Z,2026-07-02,40,26095,27585
2026-07-02T19:30:00Z,2026-07-02T19:00:00Z,2026-07-02,41,26023,27966
2026-07-02T20:00:00Z,2026-07-02T19:30:00Z,2026-07-02,42,25857,27810
2026-07-02T20:30:00Z,2026-07-02T20:00:00Z,2026-07-02,43,25709,27672
2026-07-02T21:00:00Z,2026-07-02T20:30:00Z,2026-07-02,44,25559,27519
2026-07-02T21:30:00Z,2026-07-02T21:00:00Z,2026-07-02,45,25316,26948
2026-07-02T22:00:00Z,2026-07-02T21:30:00Z,2026-07-02,46,24404,26038
2026-07-02T22:30:00Z,2026-07-02T22:00:00Z,2026-07-02,47,22888,25023
2026-07-02T23:00:00Z,2026-07-02T22:30:00Z,2026-07-02,48,21850,24020
2026-07-02T23:30:00Z,2026-07-02T23:00:00Z,2026-07-03,1,21339,23423
2026-07-03T00:00:00Z,2026-07-02T23:30:00Z,2026-07-03,2,21017,23099
2026-07-03T00:30:00Z,2026-07-03T00:00:00Z,2026-07-03,3,20809,23015
2026-07-03T01:00:00Z,2026-07-03T00:30:00Z,2026-07-03,4,20592,22807
2026-07-03T01:30:00Z,2026-07-03T01:00:00Z,2026-07-03,5,20214,22353
2026-07-03T02:00:00Z,2026-07-03T01:30:00Z,2026-07-03,6,19677,21757
2026-07-03T02:30:00Z,2026-07-03T02:00:00Z,2026-07-03,7,19481,21662
2026-07-03T03:00:00Z,2026-07-03T02:30:00Z,2026-07-03,8,19108,21297
2026-07-03T03:30:00Z,2026-07-03T03:00:00Z,2026-07-03,9,18929,21032
2026-07-03T04:00:00Z,2026-07-03T03:30:00Z,2026-07-03,10,18428,20526
2026-07-03T04:30:00Z,2026-07-03T04:00:00Z,2026-07-03,11,18614,21124
2026-07-03T05:00:00Z,2026-07-03T04:30:00Z,2026-07-03,12,18563,21099
2026-07-03T05:30:00Z,2026-07-03T05:00:00Z,2026-07-03,13,20088,21603
2026-07-03T06:00:00Z,2026-07-03T05:30:00Z,2026-07-03,14,20629,22129
2026-07-03T06:30:00Z,2026-07-03T06:00:00Z,2026-07-03,15,22173,23670
2026-07-03T07:00:00Z,2026-07-03T06:30:00Z,2026-07-03,16,22403,23901
2026-07-03T07:30:00Z,2026-07-03T07:00:00Z,2026-07-03,17,22566,24066
2026-07-03T08:00:00Z,2026-07-03T07:30:00Z,2026-07-03,18,21816,23314
2026-07-03T08:30:00Z,2026-07-03T08:00:00Z,2026-07-03,19,21229,22728
2026-07-03T09:00:00Z,2026-07-03T08:30:00Z,2026-07-03,20,20366,21864
2026-07-03T09:30:00Z,2026-07-03T09:00:00Z,2026-07-03,21,19317,20813
2026-07-03T10:00:00Z,2026-07-03T09:30:00Z,2026-07-03,22,18944,20390
2026-07-03T10:30:00Z,2026-07-03T10:00:00Z,2026-07-03,23,18209,19706
2026-07-03T11:00:00Z,2026-07-03T10:30:00Z,2026-07-03,24,17519,18980
2026-07-03T11:30:00Z,2026-07-03T11:00:00Z,2026-07-03,25,17500,19034
2026-07-03T12:00:00Z,2026-07-03T11:30:00Z,2026-07-03,26,16721,18771
2026-07-03T12:30:00Z,2026-07-03T12:00:00Z,2026-07-03,27,16634,18825
2026-07-03T13:00:00Z,2026-07-03T12:30:00Z,2026-07-03,28,16374,18712
2026-07-03T13:30:00Z,2026-07-03T13:00:00Z,2026-07-03,29,16584,18868
2026-07-03T14:00:00Z,2026-07-03T13:30:00Z,2026-07-03,30,16690,18920
2026-07-03T14:30:00Z,2026-07-03T14:00:00Z,2026-07-03,31,16652,18853
2026-07-03T15:00:00Z,2026-07-03T14:30:00Z,2026-07-03,32,17737,19554
2026-07-03T15:30:00Z,2026-07-03T15:00:00Z,2026-07-03,33,19036,20158
2026-07-03T16:00:00Z,2026-07-03T15:30:00Z,2026-07-03,34,20321,20988
2026-07-03T16:30:00Z,2026-07-03T16:00:00Z,2026-07-03,35,21675,22190
2026-07-03T17:00:00Z,2026-07-03T16:30:00Z,2026-07-03,36,23051,23563
2026-07-03T17:30:00Z,2026-07-03T17:00:00Z,2026-07-03,37,24290,24803
2026-07-03T18:00:00Z,2026-07-03T17:30:00Z,2026-07-03,38,25275,25785
2026-07-03T18:30:00Z,2026-07-03T18:00:00Z,2026-07-03,39,26544,27208
2026-07-03T19:00:00Z,2026-07-03T18:30:00Z,2026-07-03,40,26617,27317
2026-07-03T19:30:00Z,2026-07-03T19:00:00Z,2026-07-03,41,26290,27316
2026-07-03T20:00:00Z,2026-07-03T19:30:00Z,2026-07-03,42,25721,26752
2026-07-03T20:30:00Z,2026-07-03T20:00:00Z,2026-07-03,43,25305,26471
2026-07-03T21:00:00Z,2026-07-03T20:30:00Z,2026-07-03,44,25319,26485
2026-07-03T21:30:00Z,2026-07-03T21:00:00Z,2026-07-03,45,24885,25799
2026-07-03T22:00:00Z,2026-07-03T21:30:00Z,2026-07-03,46,24139,25050
2026-07-03T22:30:00Z,2026-07-03T22:00:00Z,2026-07-03,47,22958,24150
2026-07-03T23:00:00Z,2026-07-03T22:30:00Z,2026-07-03,48,21912,23320
2026-07-03T23:30:00Z,2026-07-03T23:00:00Z,2026-07-04,1,21458,22773
2026-07-04T00:00:00Z,2026-07-03T23:30:00Z,2026-07-04,2,20961,22329
2026-07-04T00:30:00Z,2026-07-04T00:00:00Z,2026-07-04,3,20552,21612
2026-07-04T01:00:00Z,2026-07-04T00:30:00Z,2026-07-04,4,20066,21128
2026-07-04T01:30:00Z,2026-07-04T01:00:00Z,2026-07-04,5,19601,21251
2026-07-04T02:00:00Z,2026-07-04T01:30:00Z,2026-07-04,6,19087,20808
2026-07-04T02:30:00Z,2026-07-04T02:00:00Z,2026-07-04,7,18422,21135
2026-07-04T03:00:00Z,2026-07-04T02:30:00Z,2026-07-04,8,18342,21096
2026-07-04T03:30:00Z,2026-07-04T03:00:00Z,2026-07-04,9,17911,21431
2026-07-04T04:00:00Z,2026-07-04T03:30:00Z,2026-07-04,10,17536,21431
2026-07-04T04:30:00Z,2026-07-04T04:00:00Z,2026-07-04,11,17042,21016
2026-07-04T05:00:00Z,2026-07-04T04:30:00Z,2026-07-04,12,16780,20944
2026-07-04T05:30:00Z,2026-07-04T05:00:00Z,2026-07-04,13,17619,22400
2026-07-04T06:00:00Z,2026-07-04T05:30:00Z,2026-07-04,14,17285,22196
2026-07-04T06:30:00Z,2026-07-04T06:00:00Z,2026-07-04,15,17743,21681
2026-07-04T07:00:00Z,2026-07-04T06:30:00Z,2026-07-04,16,17983,21960
2026-07-04T07:30:00Z,2026-07-04T07:00:00Z,2026-07-04,17,18272,21677
2026-07-04T08:00:00Z,2026-07-04T07:30:00Z,2026-07-04,18,18107,21536
2026-07-04T08:30:00Z,2026-07-04T08:00:00Z,2026-07-04,19,18264,21815
2026-07-04T09:00:00Z,2026-07-04T08:30:00Z,2026-07-04,20,18448,22067
2026-07-04T09:30:00Z,2026-07-04T09:00:00Z,2026-07-04,21,18228,22456
2026-07-04T10:00:00Z,2026-07-04T09:30:00Z,2026-07-04,22,18158,22262
2026-07-04T10:30:00Z,2026-07-04T10:00:00Z,2026-07-04,23,18198,21425
2026-07-04T11:00:00Z,2026-07-04T10:30:00Z,2026-07-04,24,17877,21532
2026-07-04T11:30:00Z,2026-07-04T11:00:00Z,2026-07-04,25,17372,21243
2026-07-04T12:00:00Z,2026-07-04T11:30:00Z,2026-07-04,26,17296,21134
2026-07-04T12:30:00Z,2026-07-04T12:00:00Z,2026-07-04,27,16391,20663
2026-07-04T13:00:00Z,2026-07-04T12:30:00Z,2026-07-04,28,16052,20346
2026-07-04T13:30:00Z,2026-07-04T13:00:00Z,2026-07-04,29,15208,19770
2026-07-04T14:00:00Z,2026-07-04T13:30:00Z,2026-07-04,30,15313,19961
2026-07-04T14:30:00Z,2026-07-04T14:00:00Z,2026-07-04,31,15429,21103
2026-07-04T15:00:00Z,2026-07-04T14:30:00Z,2026-07-04,32,15736,21439
2026-07-04T15:30:00Z,2026-07-04T15:00:00Z,2026-07-04,33,16739,21191
2026-07-04T16:00:00Z,2026-07-04T15:30:00Z,2026-07-04,34,18037,22084
2026-07-04T16:30:00Z,2026-07-04T16:00:00Z,2026-07-04,35,19736,22494
2026-07-04T17:00:00Z,2026-07-04T16:30:00Z,2026-07-04,36,20857,23100
2026-07-04T17:30:00Z,2026-07-04T17:00:00Z,2026-07-04,37,21732,23710
2026-07-04T18:00:00Z,2026-07-04T17:30:00Z,2026-07-04,38,22124,24032
2026-07-04T18:30:00Z,2026-07-04T18:00:00Z,2026-07-04,39,23716,25753
2026-07-04T19:00:00Z,2026-07-04T18:30:00Z,2026-07-04,40,23307,25345
2026-07-04T19:30:00Z,2026-07-04T19:00:00Z,2026-07-04,41,24131,26259
2026-07-04T20:00:00Z,2026-07-04T19:30:00Z,2026-07-04,42,24194,26346
2026-07-04T20:30:00Z,2026-07-04T20:00:00Z,2026-07-04,43,23440,25386
2026-07-04T21:00:00Z,2026-07-04T20:30:00Z,2026-07-04,44,23365,25440
2026-07-04T21:30:00Z,2026-07-04T21:00:00Z,2026-07-04,45,23008,24673
2026-07-04T22:00:00Z,2026-07-04T21:30:00Z,2026-07-04,46,22434,24263
2026-07-04T22:30:00Z,2026-07-04T22:00:00Z,2026-07-04,47,21792,24763
2026-07-04T23:00:00Z,2026-07-04T22:30:00Z,2026-07-04,48,21556,24589
2026-07-04T23:30:00Z,2026-07-04T23:00:00Z,2026-07-05,1,21490,23631
2026-07-05T00:00:00Z,2026-07-04T23:30:00Z,2026-07-05,2,21066,23173
2026-07-05T00:30:00Z,2026-07-05T00:00:00Z,2026-07-05,3,20366,23493
2026-07-05T01:00:00Z,2026-07-05T00:30:00Z,2026-07-05,4,20133,23291
2026-07-05T01:30:00Z,2026-07-05T01:00:00Z,2026-07-05,5,19614,22406
2026-07-05T02:00:00Z,2026-07-05T01:30:00Z,2026-07-05,6,19046,22181
2026-07-05T02:30:00Z,2026-07-05T02:00:00Z,2026-07-05,7,18938,21903
2026-07-05T03:00:00Z,2026-07-05T02:30:00Z,2026-07-05,8,18820,21789
2026-07-05T03:30:00Z,2026-07-05T03:00:00Z,2026-07-05,9,18501,22021
2026-07-05T04:00:00Z,2026-07-05T03:30:00Z,2026-07-05,10,17950,21375
2026-07-05T04:30:00Z,2026-07-05T04:00:00Z,2026-07-05,11,17394,20659
2026-07-05T05:00:00Z,2026-07-05T04:30:00Z,2026-07-05,12,16923,20294
2026-07-05T05:30:00Z,2026-07-05T05:00:00Z,2026-07-05,13,17326,19268
2026-07-05T06:00:00Z,2026-07-05T05:30:00Z,2026-07-05,14,17337,19337
2026-07-05T06:30:00Z,2026-07-05T06:00:00Z,2026-07-05,15,17481,19426
2026-07-05T07:00:00Z,2026-07-05T06:30:00Z,2026-07-05,16,17564,19569
2026-07-05T07:30:00Z,2026-07-05T07:00:00Z,2026-07-05,17,18048,20002
2026-07-05T08:00:00Z,2026-07-05T07:30:00Z,2026-07-05,18,18503,20108
2026-07-05T08:30:00Z,2026-07-05T08:00:00Z,2026-07-05,19,18956,20459
2026-07-05T09:00:00Z,2026-07-05T08:30:00Z,2026-07-05,20,19221,20724
2026-07-05T09:30:00Z,2026-07-05T09:00:00Z,2026-07-05,21,19167,20670
2026-07-05T10:00:00Z,2026-07-05T09:30:00Z,2026-07-05,22,18368,19871
2026-07-05T10:30:00Z,2026-07-05T10:00:00Z,2026-07-05,23,18061,19564
2026-07-05T11:00:00Z,2026-07-05T10:30:00Z,2026-07-05,24,17485,19141
2026-07-05T11:30:00Z,2026-07-05T11:00:00Z,2026-07-05,25,17634,19160
2026-07-05T12:00:00Z,2026-07-05T11:30:00Z,2026-07-05,26,17657,19486
2026-07-05T12:30:00Z,2026-07-05T12:00:00Z,2026-07-05,27,17220,18899
2026-07-05T13:00:00Z,2026-07-05T12:30:00Z,2026-07-05,28,16814,18443
2026-07-05T13:30:00Z,2026-07-05T13:00:00Z,2026-07-05,29,16402,18670
2026-07-05T14:00:00Z,2026-07-05T13:30:00Z,2026-07-05,30,16688,18811
2026-07-05T14:30:00Z,2026-07-05T14:00:00Z,2026-07-05,31,16764,18671
2026-07-05T15:00:00Z,2026-07-05T14:30:00Z,2026-07-05,32,17282,18966
2026-07-05T15:30:00Z,2026-07-05T15:00:00Z,2026-07-05,33,18189,19908
2026-07-05T16:00:00Z,2026-07-05T15:30:00Z,2026-07-05,34,19930,21314
2026-07-05T16:30:00Z,2026-07-05T16:00:00Z,2026-07-05,35,21838,22831
2026-07-05T17:00:00Z,2026-07-05T16:30:00Z,2026-07-05,36,23460,24336
2026-07-05T17:30:00Z,2026-07-05T17:00:00Z,2026-07-05,37,24256,25152
2026-07-05T18:00:00Z,2026-07-05T17:30:00Z,2026-07-05,38,25546,26536
2026-07-05T18:30:00Z,2026-07-05T18:00:00Z,2026-07-05,39,26062,27089
2026-07-05T19:00:00Z,2026-07-05T18:30:00Z,2026-07-05,40,26207,27362
2026-07-05T19:30:00Z,2026-07-05T19:00:00Z,2026-07-05,41,25287,26613
2026-07-05T20:00:00Z,2026-07-05T19:30:00Z,2026-07-05,42,25041,26415
2026-07-05T20:30:00Z,2026-07-05T20:00:00Z,2026-07-05,43,25456,27305
2026-07-05T21:00:00Z,2026-07-05T20:30:00Z,2026-07-05,44,24965,26819
2026-07-05T21:30:00Z,2026-07-05T21:00:00Z,2026-07-05,45,24133,26313
2026-07-05T22:00:00Z,2026-07-05T21:30:00Z,2026-07-05,46,23225,25601
2026-07-05T22:30:00Z,2026-07-05T22:00:00Z,2026-07-05,47,22369,25467
2026-07-05T23:00:00Z,2026-07-05T22:30:00Z,2026-07-05,48,21795,24609
2026-07-05T23:30:00Z,2026-07-05T23:00:00Z,2026-07-06,1,21341,23976
2026-07-06T00:00:00Z,2026-07-05T23:30:00Z,2026-07-06,2,20362,22891
2026-07-06T00:30:00Z,2026-07-06T00:00:00Z,2026-07-06,3,20139,22921
2026-07-06T01:00:00Z,2026-07-06T00:30:00Z,2026-07-06,4,20336,23205
2026-07-06T01:30:00Z,2026-07-06T01:00:00Z,2026-07-06,5,19614,22816
2026-07-06T02:00:00Z,2026-07-06T01:30:00Z,2026-07-06,6,19171,22542
2026-07-06T02:30:00Z,2026-07-06T02:00:00Z,2026-07-06,7,18796,22871
2026-07-06T03:00:00Z,2026-07-06T02:30:00Z,2026-07-06,8,18422,22459
2026-07-06T03:30:00Z,2026-07-06T03:00:00Z,2026-07-06,9,18257,22466
2026-07-06T04:00:00Z,2026-07-06T03:30:00Z,2026-07-06,10,17818,22024
2026-07-06T04:30:00Z,2026-07-06T04:00:00Z,2026-07-06,11,17408,21786
2026-07-06T05:00:00Z,2026-07-06T04:30:00Z,2026-07-06,12,17495,21995
2026-07-06T05:30:00Z,2026-07-06T05:00:00Z,2026-07-06,13,19476,23405
2026-07-06T06:00:00Z,2026-07-06T05:30:00Z,2026-07-06,14,20228,24108
2026-07-06T06:30:00Z,2026-07-06T06:00:00Z,2026-07-06,15,21573,23629
2026-07-06T07:00:00Z,2026-07-06T06:30:00Z,2026-07-06,16,21934,24071
2026-07-06T07:30:00Z,2026-07-06T07:00:00Z,2026-07-06,17,22084,24306
2026-07-06T08:00:00Z,2026-07-06T07:30:00Z,2026-07-06,18,21376,23509
2026-07-06T08:30:00Z,2026-07-06T08:00:00Z,2026-07-06,19,21499,23554
2026-07-06T09:00:00Z,2026-07-06T08:30:00Z,2026-07-06,20,20878,22831
2026-07-06T09:30:00Z,2026-07-06T09:00:00Z,2026-07-06,21,20118,23464
2026-07-06T10:00:00Z,2026-07-06T09:30:00Z,2026-07-06,22,19717,23191
2026-07-06T10:30:00Z,2026-07-06T10:00:00Z,2026-07-06,23,19368,21911
2026-07-06T11:00:00Z,2026-07-06T10:30:00Z,2026-07-06,24,18924,21259
2026-07-06T11:30:00Z,2026-07-06T11:00:00Z,2026-07-06,25,18544,21026
2026-07-06T12:00:00Z,2026-07-06T11:30:00Z,2026-07-06,26,18134,20887
2026-07-06T12:30:00Z,2026-07-06T12:00:00Z,2026-07-06,27,18366,21071
2026-07-06T13:00:00Z,2026-07-06T12:30:00Z,2026-07-06,28,18671,21322
2026-07-06T13:30:00Z,2026-07-06T13:00:00Z,2026-07-06,29,18280,21026
2026-07-06T14:00:00Z,2026-07-06T13:30:00Z,2026-07-06,30,18542,21145
2026-07-06T14:30:00Z,2026-07-06T14:00:00Z,2026-07-06,31,19313,21753
2026-07-06T15:00:00Z,2026-07-06T14:30:00Z,2026-07-06,32,20173,22664
2026-07-06T15:30:00Z,2026-07-06T15:00:00Z,2026-07-06,33,21851,24150
2026-07-06T16:00:00Z,2026-07-06T15:30:00Z,2026-07-06,34,23067,24892
2026-07-06T16:30:00Z,2026-07-06T16:00:00Z,2026-07-06,35,24214,25792
2026-07-06T17:00:00Z,2026-07-06T16:30:00Z,2026-07-06,36,25700,27310
2026-07-06T17:30:00Z,2026-07-06T17:00:00Z,2026-07-06,37,26845,28829
2026-07-06T18:00:00Z,2026-07-06T17:30:00Z,2026-07-06,38,27477,29360
2026-07-06T18:30:00Z,2026-07-06T18:00:00Z,2026-07-06,39,27838,30043
2026-07-06T19:00:00Z,2026-07-06T18:30:00Z,2026-07-06,40,28223,30430
2026-07-06T19:30:00Z,2026-07-06T19:00:00Z,2026-07-06,41,27993,30347
2026-07-06T20:00:00Z,2026-07-06T19:30:00Z,2026-07-06,42,28072,30426
2026-07-06T20:30:00Z,2026-07-06T20:00:00Z,2026-07-06,43,27277,29562
2026-07-06T21:00:00Z,2026-07-06T20:30:00Z,2026-07-06,44,26595,28878
2026-07-06T21:30:00Z,2026-07-06T21:00:00Z,2026-07-06,45,25543,27604
2026-07-06T22:00:00Z,2026-07-06T21:30:00Z,2026-07-06,46,24446,26511
2026-07-06T22:30:00Z,2026-07-06T22:00:00Z,2026-07-06,47,23071,25882
2026-07-06T23:00:00Z,2026-07-06T22:30:00Z,2026-07-06,48,22429,25149
2026-07-06T23:30:00Z,2026-07-06T23:00:00Z,2026-07-07,1,22418,24543
2026-07-07T00:00:00Z,2026-07-06T23:30:00Z,2026-07-07,2,22131,24236
2026-07-07T00:30:00Z,2026-07-07T00:00:00Z,2026-07-07,3,21155,23804
2026-07-07T01:00:00Z,2026-07-07T00:30:00Z,2026-07-07,4,20744,23401
2026-07-07T01:30:00Z,2026-07-07T01:00:00Z,2026-07-07,5,20307,23213
2026-07-07T02:00:00Z,2026-07-07T01:30:00Z,2026-07-07,6,19516,22425
2026-07-07T02:30:00Z,2026-07-07T02:00:00Z,2026-07-07,7,19745,22782
2026-07-07T03:00:00Z,2026-07-07T02:30:00Z,2026-07-07,8,19041,22080
2026-07-07T03:30:00Z,2026-07-07T03:00:00Z,2026-07-07,9,18840,21844
2026-07-07T04:00:00Z,2026-07-07T03:30:00Z,2026-07-07,10,18758,21763
2026-07-07T04:30:00Z,2026-07-07T04:00:00Z,2026-07-07,11,18259,21520
2026-07-07T05:00:00Z,2026-07-07T04:30:00Z,2026-07-07,12,18622,21988
2026-07-07T05:30:00Z,2026-07-07T05:00:00Z,2026-07-07,13,20153,23036
2026-07-07T06:00:00Z,2026-07-07T05:30:00Z,2026-07-07,14,21338,24113
2026-07-07T06:30:00Z,2026-07-07T06:00:00Z,2026-07-07,15,23080,24524
2026-07-07T07:00:00Z,2026-07-07T06:30:00Z,2026-07-07,16,23202,24699
2026-07-07T07:30:00Z,2026-07-07T07:00:00Z,2026-07-07,17,23413,24910
2026-07-07T08:00:00Z,2026-07-07T07:30:00Z,2026-07-07,18,23086,24587
2026-07-07T08:30:00Z,2026-07-07T08:00:00Z,2026-07-07,19,22619,24119
2026-07-07T09:00:00Z,2026-07-07T08:30:00Z,2026-07-07,20,21794,23298
2026-07-07T09:30:00Z,2026-07-07T09:00:00Z,2026-07-07,21,20923,22445
2026-07-07T12:55:00Z,2026-07-07T09:30:00Z,2026-07-07,22,20122,21836
2026-07-07T12:55:00Z,2026-07-07T10:00:00Z,2026-07-07,23,19741,21202
2026-07-07T12:56:00Z,2026-07-07T10:30:00Z,2026-07-07,24,19802,21233
2026-07-07T12:56:00Z,2026-07-07T11:00:00Z,2026-07-07,25,19669,21486
2026-07-07T12:56:00Z,2026-07-07T11:30:00Z,2026-07-07,26,19352,20808
2026-07-07T12:57:00Z,2026-07-07T12:00:00Z,2026-07-07,27,19346,20715
2026-07-07T13:00:00Z,2026-07-07T12:30:00Z,2026-07-07,28,19333,20633
2026-07-07T13:30:00Z,2026-07-07T13:00:00Z,2026-07-07,29,19538,20846
2026-07-07T14:00:00Z,2026-07-07T13:30:00Z,2026-07-07,30,19614,20762
2026-07-07T14:30:00Z,2026-07-07T14:00:00Z,2026-07-07,31,19932,21030
2026-07-07T15:00:00Z,2026-07-07T14:30:00Z,2026-07-07,32,20691,21809
2026-07-07T15:30:00Z,2026-07-07T15:00:00Z,2026-07-07,33,21429,22540
2026-07-07T16:00:00Z,2026-07-07T15:30:00Z,2026-07-07,34,23324,24534
2026-07-07T16:30:00Z,2026-07-07T16:00:00Z,2026-07-07,35,25106,26299
2026-07-07T17:00:00Z,2026-07-07T16:30:00Z,2026-07-07,36,26059,27411
2026-07-07T17:30:00Z,2026-07-07T17:00:00Z,2026-07-07,37,27366,28851
2026-07-07T18:00:00Z,2026-07-07T17:30:00Z,2026-07-07,38,28459,29951
2026-07-07T18:30:00Z,2026-07-07T18:00:00Z,2026-07-07,39,30111,31597
2026-07-07T19:00:00Z,2026-07-07T18:30:00Z,2026-07-07,40,29702,31194
2026-07-07T19:30:00Z,2026-07-07T19:00:00Z,2026-07-07,41,29791,31457
2026-07-07T20:00:00Z,2026-07-07T19:30:00Z,2026-07-07,42,29240,30910
2026-07-07T20:30:00Z,2026-07-07T20:00:00Z,2026-07-07,43,29140,30662
2026-07-07T21:00:00Z,2026-07-07T20:30:00Z,2026-07-07,44,28905,30425
2026-07-07T21:30:00Z,2026-07-07T21:00:00Z,2026-07-07,45,27762,29565
2026-07-07T22:00:00Z,2026-07-07T21:30:00Z,2026-07-07,46,26643,28472
2026-07-07T22:30:00Z,2026-07-07T22:00:00Z,2026-07-07,47,25261,28195
2026-07-07T23:00:00Z,2026-07-07T22:30:00Z,2026-07-07,48,24933,27933
2026-07-07T23:30:00Z,2026-07-07T23:00:00Z,2026-07-08,1,24223,27203
2026-07-08T00:00:00Z,2026-07-07T23:30:00Z,2026-07-08,2,23805,26783
2026-07-08T00:30:00Z,2026-07-08T00:00:00Z,2026-07-08,3,23362,26224
2026-07-08T01:00:00Z,2026-07-08T00:30:00Z,2026-07-08,4,23130,25995
2026-07-08T01:30:00Z,2026-07-08T01:00:00Z,2026-07-08,5,22518,25726
2026-07-08T02:00:00Z,2026-07-08T01:30:00Z,2026-07-08,6,21997,25212
2026-07-08T02:30:00Z,2026-07-08T02:00:00Z,2026-07-08,7,22053,25591
2026-07-08T03:00:00Z,2026-07-08T02:30:00Z,2026-07-08,8,21465,25007
2026-07-08T03:30:00Z,2026-07-08T03:00:00Z,2026-07-08,9,21255,24820
2026-07-08T04:00:00Z,2026-07-08T03:30:00Z,2026-07-08,10,21131,24696
2026-07-08T04:30:00Z,2026-07-08T04:00:00Z,2026-07-08,11,21524,25082
2026-07-08T05:00:00Z,2026-07-08T04:30:00Z,2026-07-08,12,21558,25113
2026-07-08T05:30:00Z,2026-07-08T05:00:00Z,2026-07-08,13,22789,26270
2026-07-08T06:00:00Z,2026-07-08T05:30:00Z,2026-07-08,14,23362,26670
2026-07-08T06:30:00Z,2026-07-08T06:00:00Z,2026-07-08,15,25265,27058
2026-07-08T07:00:00Z,2026-07-08T06:30:00Z,2026-07-08,16,25332,27102
2026-07-08T07:30:00Z,2026-07-08T07:00:00Z,2026-07-08,17,25200,26695
2026-07-08T08:00:00Z,2026-07-08T07:30:00Z,2026-07-08,18,24672,26168
2026-07-08T08:30:00Z,2026-07-08T08:00:00Z,2026-07-08,19,24313,25814
2026-07-08T09:00:00Z,2026-07-08T08:30:00Z,2026-07-08,20,23397,24896
2026-07-08T09:30:00Z,2026-07-08T09:00:00Z,2026-07-08,21,22538,24249
2026-07-08T10:00:00Z,2026-07-08T09:30:00Z,2026-07-08,22,21910,23615
2026-07-08T10:30:00Z,2026-07-08T10:00:00Z,2026-07-08,23,22174,23665
2026-07-08T11:00:00Z,2026-07-08T10:30:00Z,2026-07-08,24,21615,23109
2026-07-08T11:30:00Z,2026-07-08T11:00:00Z,2026-07-08,25,21825,23527
2026-07-08T12:00:00Z,2026-07-08T11:30:00Z,2026-07-08,26,21472,23158
2026-07-08T12:30:00Z,2026-07-08T12:00:00Z,2026-07-08,27,21303,22795
2026-07-08T13:00:00Z,2026-07-08T12:30:00Z,2026-07-08,28,21293,22785
2026-07-08T13:30:00Z,2026-07-08T13:00:00Z,2026-07-08,29,21385,22874
2026-07-08T14:00:00Z,2026-07-08T13:30:00Z,2026-07-08,30,21564,23052
2026-07-08T14:30:00Z,2026-07-08T14:00:00Z,2026-07-08,31,21787,23282
2026-07-08T15:00:00Z,2026-07-08T14:30:00Z,2026-07-08,32,22822,24317
2026-07-08T15:30:00Z,2026-07-08T15:00:00Z,2026-07-08,33,23855,25350
2026-07-08T16:00:00Z,2026-07-08T15:30:00Z,2026-07-08,34,25203,26698
2026-07-08T16:30:00Z,2026-07-08T16:00:00Z,2026-07-08,35,26703,28197
2026-07-08T17:00:00Z,2026-07-08T16:30:00Z,2026-07-08,36,27712,29206
2026-07-08T17:30:00Z,2026-07-08T17:00:00Z,2026-07-08,37,28907,30400
2026-07-08T18:00:00Z,2026-07-08T17:30:00Z,2026-07-08,38,29472,30964
2026-07-08T18:30:00Z,2026-07-08T18:00:00Z,2026-07-08,39,30973,32465
2026-07-08T19:00:00Z,2026-07-08T18:30:00Z,2026-07-08,40,30978,32471
2026-07-08T19:30:00Z,2026-07-08T19:00:00Z,2026-07-08,41,30886,32379
2026-07-08T20:00:00Z,2026-07-08T19:30:00Z,2026-07-08,42,30532,32023
2026-07-08T20:30:00Z,2026-07-08T20:00:00Z,2026-07-08,43,30457,31966
2026-07-08T21:00:00Z,2026-07-08T20:30:00Z,2026-07-08,44,30094,31600
2026-07-08T21:30:00Z,2026-07-08T21:00:00Z,2026-07-08,45,29246,30739
2026-07-08T22:00:00Z,2026-07-08T21:30:00Z,2026-07-08,46,27663,29155
2026-07-08T22:30:00Z,2026-07-08T22:00:00Z,2026-07-08,47,26324,28059
2026-07-08T23:00:00Z,2026-07-08T22:30:00Z,2026-07-08,48,25971,27731
2026-07-08T23:30:00Z,2026-07-08T23:00:00Z,2026-07-09,1,25235,26864
2026-07-09T00:00:00Z,2026-07-08T23:30:00Z,2026-07-09,2,25199,26829
2026-07-09T00:30:00Z,2026-07-09T00:00:00Z,2026-07-09,3,24500,26300
2026-07-09T01:00:00Z,2026-07-09T00:30:00Z,2026-07-09,4,24089,25887
2026-07-09T01:30:00Z,2026-07-09T01:00:00Z,2026-07-09,5,23270,25109
2026-07-09T02:00:00Z,2026-07-09T01:30:00Z,2026-07-09,6,22771,24610
2026-07-09T02:30:00Z,2026-07-09T02:00:00Z,2026-07-09,7,22362,24135
2026-07-09T03:00:00Z,2026-07-09T02:30:00Z,2026-07-09,8,22150,23928
2026-07-09T03:30:00Z,2026-07-09T03:00:00Z,2026-07-09,9,21695,24094
2026-07-09T04:00:00Z,2026-07-09T03:30:00Z,2026-07-09,10,21577,24029
2026-07-09T04:30:00Z,2026-07-09T04:00:00Z,2026-07-09,11,21203,25406
2026-07-09T05:00:00Z,2026-07-09T04:30:00Z,2026-07-09,12,21504,25757
2026-07-09T05:30:00Z,2026-07-09T05:00:00Z,2026-07-09,13,22803,25861
2026-07-09T06:00:00Z,2026-07-09T05:30:00Z,2026-07-09,14,24042,26938
2026-07-09T06:30:00Z,2026-07-09T06:00:00Z,2026-07-09,15,25666,27165
2026-07-09T07:00:00Z,2026-07-09T06:30:00Z,2026-07-09,16,26016,27504
2026-07-09T07:30:00Z,2026-07-09T07:00:00Z,2026-07-09,17,25888,27376
2026-07-09T08:00:00Z,2026-07-09T07:30:00Z,2026-07-09,18,25365,26853
2026-07-09T08:30:00Z,2026-07-09T08:00:00Z,2026-07-09,19,24370,25897
2026-07-09T09:00:00Z,2026-07-09T08:30:00Z,2026-07-09,20,23662,25188
2026-07-09T09:30:00Z,2026-07-09T09:00:00Z,2026-07-09,21,22825,24736
2026-07-09T10:00:00Z,2026-07-09T09:30:00Z,2026-07-09,22,22071,23842
2026-07-09T10:30:00Z,2026-07-09T10:00:00Z,2026-07-09,23,21937,24215
2026-07-09T11:00:00Z,2026-07-09T10:30:00Z,2026-07-09,24,21446,23794
2026-07-09T11:30:00Z,2026-07-09T11:00:00Z,2026-07-09,25,21506,23853
2026-07-09T12:00:00Z,2026-07-09T11:30:00Z,2026-07-09,26,21117,23457
2026-07-09T12:30:00Z,2026-07-09T12:00:00Z,2026-07-09,27,20876,23208
2026-07-09T13:00:00Z,2026-07-09T12:30:00Z,2026-07-09,28,21004,23314
2026-07-09T13:30:00Z,2026-07-09T13:00:00Z,2026-07-09,29,21016,23306
2026-07-09T14:00:00Z,2026-07-09T13:30:00Z,2026-07-09,30,21099,23424
2026-07-09T14:30:00Z,2026-07-09T14:00:00Z,2026-07-09,31,21468,23789
2026-07-09T15:00:00Z,2026-07-09T14:30:00Z,2026-07-09,32,22430,24626
2026-07-09T15:30:00Z,2026-07-09T15:00:00Z,2026-07-09,33,23732,25298
2026-07-09T16:00:00Z,2026-07-09T15:30:00Z,2026-07-09,34,25295,26794
2026-07-09T16:30:00Z,2026-07-09T16:00:00Z,2026-07-09,35,26643,28145
2026-07-09T17:00:00Z,2026-07-09T16:30:00Z,2026-07-09,36,27880,29384
2026-07-09T17:30:00Z,2026-07-09T17:00:00Z,2026-07-09,37,28691,30540
2026-07-09T18:00:00Z,2026-07-09T17:30:00Z,2026-07-09,38,29773,31665
2026-07-09T18:30:00Z,2026-07-09T18:00:00Z,2026-07-09,39,30127,32650
2026-07-09T19:00:00Z,2026-07-09T18:30:00Z,2026-07-09,40,30201,32749
2026-07-09T19:30:00Z,2026-07-09T19:00:00Z,2026-07-09,41,30110,32515
2026-07-09T20:00:00Z,2026-07-09T19:30:00Z,2026-07-09,42,30102,32463
2026-07-09T20:30:00Z,2026-07-09T20:00:00Z,2026-07-09,43,30602,32789
2026-07-09T21:00:00Z,2026-07-09T20:30:00Z,2026-07-09,44,30021,32210
2026-07-09T21:30:00Z,2026-07-09T21:00:00Z,2026-07-09,45,28988,31109
2026-07-09T22:00:00Z,2026-07-09T21:30:00Z,2026-07-09,46,28605,30725
2026-07-09T22:30:00Z,2026-07-09T22:00:00Z,2026-07-09,47,26717,29041
2026-07-09T23:00:00Z,2026-07-09T22:30:00Z,2026-07-09,48,25743,28075
2026-07-09T23:30:00Z,2026-07-09T23:00:00Z,2026-07-10,1,26028,28223
2026-07-10T00:00:00Z,2026-07-09T23:30:00Z,2026-07-10,2,25129,27327
2026-07-10T00:30:00Z,2026-07-10T00:00:00Z,2026-07-10,3,24671,26872
2026-07-10T01:00:00Z,2026-07-10T00:30:00Z,2026-07-10,4,24343,26554
2026-07-10T01:30:00Z,2026-07-10T01:00:00Z,2026-07-10,5,23625,26199
2026-07-10T02:00:00Z,2026-07-10T01:30:00Z,2026-07-10,6,23161,25763
2026-07-10T02:30:00Z,2026-07-10T02:00:00Z,2026-07-10,7,22518,25762
2026-07-10T03:00:00Z,2026-07-10T02:30:00Z,2026-07-10,8,22410,25689
2026-07-10T03:30:00Z,2026-07-10T03:00:00Z,2026-07-10,9,22011,26066
2026-07-10T04:00:00Z,2026-07-10T03:30:00Z,2026-07-10,10,21704,25804
2026-07-10T04:30:00Z,2026-07-10T04:00:00Z,2026-07-10,11,21487,26132
2026-07-10T05:00:00Z,2026-07-10T04:30:00Z,2026-07-10,12,21787,26375
2026-07-10T05:30:00Z,2026-07-10T05:00:00Z,2026-07-10,13,23210,25850
2026-07-10T06:00:00Z,2026-07-10T05:30:00Z,2026-07-10,14,24172,26639
2026-07-10T06:30:00Z,2026-07-10T06:00:00Z,2026-07-10,15,25668,27161
2026-07-10T07:00:00Z,2026-07-10T06:30:00Z,2026-07-10,16,25940,27433
2026-07-10T07:30:00Z,2026-07-10T07:00:00Z,2026-07-10,17,26249,27743
2026-07-10T08:00:00Z,2026-07-10T07:30:00Z,2026-07-10,18,25270,26763
2026-07-10T08:30:00Z,2026-07-10T08:00:00Z,2026-07-10,19,24773,26266
2026-07-10T09:06:00Z,2026-07-10T08:30:00Z,2026-07-10,20,23955,25448
2026-07-10T09:30:00Z,2026-07-10T09:00:00Z,2026-07-10,21,23116,24614
2026-07-10T10:00:00Z,2026-07-10T09:30:00Z,2026-07-10,22,22584,24080
2026-07-10T10:30:00Z,2026-07-10T10:00:00Z,2026-07-10,23,22133,23627
2026-07-10T11:00:00Z,2026-07-10T10:30:00Z,2026-07-10,24,21929,23424
2026-07-10T11:30:00Z,2026-07-10T11:00:00Z,2026-07-10,25,21814,23307
2026-07-10T12:00:00Z,2026-07-10T11:30:00Z,2026-07-10,26,21514,23010
2026-07-10T12:30:00Z,2026-07-10T12:00:00Z,2026-07-10,27,21519,23517
2026-07-10T13:00:00Z,2026-07-10T12:30:00Z,2026-07-10,28,21517,23593
2026-07-10T13:30:00Z,2026-07-10T13:00:00Z,2026-07-10,29,21591,23660
2026-07-10T14:00:00Z,2026-07-10T13:30:00Z,2026-07-10,30,21587,23726
2026-07-10T14:30:00Z,2026-07-10T14:00:00Z,2026-07-10,31,21697,24049
2026-07-10T15:00:00Z,2026-07-10T14:30:00Z,2026-07-10,32,22328,24528
2026-07-10T15:30:00Z,2026-07-10T15:00:00Z,2026-07-10,33,23200,24953
2026-07-10T16:00:00Z,2026-07-10T15:30:00Z,2026-07-10,34,24375,25844
2026-07-10T16:30:00Z,2026-07-10T16:00:00Z,2026-07-10,35,25166,26463
2026-07-10T17:00:00Z,2026-07-10T16:30:00Z,2026-07-10,36,25950,27315
2026-07-10T17:30:00Z,2026-07-10T17:00:00Z,2026-07-10,37,27109,28588
2026-07-10T18:00:00Z,2026-07-10T17:30:00Z,2026-07-10,38,27747,29241
2026-07-10T18:30:00Z,2026-07-10T18:00:00Z,2026-07-10,39,28358,30447
2026-07-10T19:00:00Z,2026-07-10T18:30:00Z,2026-07-10,40,29044,31137
2026-07-10T19:30:00Z,2026-07-10T19:00:00Z,2026-07-10,41,28664,30843
2026-07-10T20:00:00Z,2026-07-10T19:30:00Z,2026-07-10,42,28415,30563
2026-07-10T20:30:00Z,2026-07-10T20:00:00Z,2026-07-10,43,28384,29806
2026-07-10T21:00:00Z,2026-07-10T20:30:00Z,2026-07-10,44,28077,29422
2026-07-10T21:30:00Z,2026-07-10T21:00:00Z,2026-07-10,45,27995,29341
2026-07-10T22:00:00Z,2026-07-10T21:30:00Z,2026-07-10,46,27145,28331
2026-07-10T22:30:00Z,2026-07-10T22:00:00Z,2026-07-10,47,25671,26826
2026-07-10T23:00:00Z,2026-07-10T22:30:00Z,2026-07-10,48,24994,26265
2026-07-10T23:30:00Z,2026-07-10T23:00:00Z,2026-07-11,1,24361,25655
2026-07-11T00:00:00Z,2026-07-10T23:30:00Z,2026-07-11,2,23626,24914
2026-07-11T00:30:00Z,2026-07-11T00:00:00Z,2026-07-11,3,23114,24402
2026-07-11T01:00:00Z,2026-07-11T00:30:00Z,2026-07-11,4,22915,24194
2026-07-11T01:30:00Z,2026-07-11T01:00:00Z,2026-07-11,5,22133,24249
2026-07-11T02:00:00Z,2026-07-11T01:30:00Z,2026-07-11,6,21664,23833
2026-07-11T02:30:00Z,2026-07-11T02:00:00Z,2026-07-11,7,20890,23530
2026-07-11T03:00:00Z,2026-07-11T02:30:00Z,2026-07-11,8,20465,23060
2026-07-11T03:30:00Z,2026-07-11T03:00:00Z,2026-07-11,9,19980,23240
2026-07-11T04:00:00Z,2026-07-11T03:30:00Z,2026-07-11,10,19815,23016
2026-07-11T04:30:00Z,2026-07-11T04:00:00Z,2026-07-11,11,19619,22234
2026-07-11T05:00:00Z,2026-07-11T04:30:00Z,2026-07-11,12,19485,21937
2026-07-11T05:30:00Z,2026-07-11T05:00:00Z,2026-07-11,13,20095,21162
2026-07-11T06:00:00Z,2026-07-11T05:30:00Z,2026-07-11,14,20126,21160
2026-07-11T06:30:00Z,2026-07-11T06:00:00Z,2026-07-11,15,20784,21874
2026-07-11T07:00:00Z,2026-07-11T06:30:00Z,2026-07-11,16,20551,21689
2026-07-11T07:30:00Z,2026-07-11T07:00:00Z,2026-07-11,17,20697,21866
2026-07-11T08:00:00Z,2026-07-11T07:30:00Z,2026-07-11,18,20282,21405
2026-07-11T08:30:00Z,2026-07-11T08:00:00Z,2026-07-11,19,20014,20984
2026-07-11T09:00:00Z,2026-07-11T08:30:00Z,2026-07-11,20,19382,20253
2026-07-11T09:30:00Z,2026-07-11T09:00:00Z,2026-07-11,21,18770,19680
2026-07-11T10:00:00Z,2026-07-11T09:30:00Z,2026-07-11,22,18233,19153
2026-07-11T10:30:00Z,2026-07-11T10:00:00Z,2026-07-11,23,17538,18559
2026-07-11T11:00:00Z,2026-07-11T10:30:00Z,2026-07-11,24,16973,18108
2026-07-11T11:30:00Z,2026-07-11T11:00:00Z,2026-07-11,25,16724,17883
2026-07-11T12:00:00Z,2026-07-11T11:30:00Z,2026-07-11,26,16177,17437
2026-07-11T12:30:00Z,2026-07-11T12:00:00Z,2026-07-11,27,15682,17274
2026-07-11T13:00:00Z,2026-07-11T12:30:00Z,2026-07-11,28,15535,17157
2026-07-11T13:30:00Z,2026-07-11T13:00:00Z,2026-07-11,29,15519,17433
2026-07-11T14:00:00Z,2026-07-11T13:30:00Z,2026-07-11,30,15715,17602
2026-07-11T14:30:00Z,2026-07-11T14:00:00Z,2026-07-11,31,16348,18184
2026-07-11T15:00:00Z,2026-07-11T14:30:00Z,2026-07-11,32,16905,18756
2026-07-11T15:30:00Z,2026-07-11T15:00:00Z,2026-07-11,33,18021,19420
2026-07-11T16:00:00Z,2026-07-11T15:30:00Z,2026-07-11,34,19407,20685
2026-07-11T16:30:00Z,2026-07-11T16:00:00Z,2026-07-11,35,20867,22051
2026-07-11T17:00:00Z,2026-07-11T16:30:00Z,2026-07-11,36,22590,24009
2026-07-11T17:30:00Z,2026-07-11T17:00:00Z,2026-07-11,37,22867,24360
2026-07-11T18:00:00Z,2026-07-11T17:30:00Z,2026-07-11,38,24653,26149
2026-07-11T18:30:00Z,2026-07-11T18:00:00Z,2026-07-11,39,25609,27507
2026-07-11T19:00:00Z,2026-07-11T18:30:00Z,2026-07-11,40,25926,27858
2026-07-11T19:30:00Z,2026-07-11T19:00:00Z,2026-07-11,41,26415,28342
2026-07-11T20:00:00Z,2026-07-11T19:30:00Z,2026-07-11,42,25750,27663
2026-07-11T20:30:00Z,2026-07-11T20:00:00Z,2026-07-11,43,24940,26584
2026-07-11T21:00:00Z,2026-07-11T20:30:00Z,2026-07-11,44,24804,26446
2026-07-11T21:30:00Z,2026-07-11T21:00:00Z,2026-07-11,45,24135,25878
2026-07-11T22:00:00Z,2026-07-11T21:30:00Z,2026-07-11,46,24019,25699
2026-07-11T22:30:00Z,2026-07-11T22:00:00Z,2026-07-11,47,23128,25289
2026-07-11T23:00:00Z,2026-07-11T22:30:00Z,2026-07-11,48,22543,24665
2026-07-11T23:30:00Z,2026-07-11T23:00:00Z,2026-07-12,1,22559,24262
2026-07-12T00:00:00Z,2026-07-11T23:30:00Z,2026-07-12,2,22182,23881
2026-07-12T00:30:00Z,2026-07-12T00:00:00Z,2026-07-12,3,21832,23371
2026-07-12T01:00:00Z,2026-07-12T00:30:00Z,2026-07-12,4,21271,22805
2026-07-12T01:30:00Z,2026-07-12T01:00:00Z,2026-07-12,5,20738,22229
2026-07-12T02:00:00Z,2026-07-12T01:30:00Z,2026-07-12,6,19836,21320
2026-07-12T02:30:00Z,2026-07-12T02:00:00Z,2026-07-12,7,19487,20829
2026-07-12T03:00:00Z,2026-07-12T02:30:00Z,2026-07-12,8,19100,20442
2026-07-12T03:30:00Z,2026-07-12T03:00:00Z,2026-07-12,9,18898,20240
2026-07-12T04:00:00Z,2026-07-12T03:30:00Z,2026-07-12,10,18321,19663
2026-07-12T04:30:00Z,2026-07-12T04:00:00Z,2026-07-12,11,17856,19424
2026-07-12T05:00:00Z,2026-07-12T04:30:00Z,2026-07-12,12,17402,18971
2026-07-12T05:30:00Z,2026-07-12T05:00:00Z,2026-07-12,13,17446,18930
2026-07-12T06:00:00Z,2026-07-12T05:30:00Z,2026-07-12,14,17033,19277
2026-07-12T06:30:00Z,2026-07-12T06:00:00Z,2026-07-12,15,17087,19515
2026-07-12T07:00:00Z,2026-07-12T06:30:00Z,2026-07-12,16,16560,18981
2026-07-12T07:30:00Z,2026-07-12T07:00:00Z,2026-07-12,17,16633,19187
2026-07-12T08:00:00Z,2026-07-12T07:30:00Z,2026-07-12,18,15862,18431
2026-07-12T08:30:00Z,2026-07-12T08:00:00Z,2026-07-12,19,15010,17577
2026-07-12T09:00:00Z,2026-07-12T08:30:00Z,2026-07-12,20,14561,17138
2026-07-12T09:30:00Z,2026-07-12T09:00:00Z,2026-07-12,21,14168,17194
2026-07-12T10:00:00Z,2026-07-12T09:30:00Z,2026-07-12,22,13596,17044
2026-07-12T10:30:00Z,2026-07-12T10:00:00Z,2026-07-12,23,13158,16774
2026-07-12T11:00:00Z,2026-07-12T10:30:00Z,2026-07-12,24,12934,16558
2026-07-12T11:30:00Z,2026-07-12T11:00:00Z,2026-07-12,25,13024,16544
2026-07-12T12:00:00Z,2026-07-12T11:30:00Z,2026-07-12,26,12989,16472
2026-07-12T12:30:00Z,2026-07-12T12:00:00Z,2026-07-12,27,12963,16734
2026-07-12T13:00:00Z,2026-07-12T12:30:00Z,2026-07-12,28,12962,16768
2026-07-12T13:30:00Z,2026-07-12T13:00:00Z,2026-07-12,29,12991,16883
2026-07-12T14:00:00Z,2026-07-12T13:30:00Z,2026-07-12,30,13056,17074
2026-07-12T14:30:00Z,2026-07-12T14:00:00Z,2026-07-12,31,13708,17584
2026-07-12T15:00:00Z,2026-07-12T14:30:00Z,2026-07-12,32,14367,18154
2026-07-12T15:30:00Z,2026-07-12T15:00:00Z,2026-07-12,33,15727,19020
2026-07-12T16:00:00Z,2026-07-12T15:30:00Z,2026-07-12,34,17225,19991
2026-07-12T16:30:00Z,2026-07-12T16:00:00Z,2026-07-12,35,19096,20457
2026-07-12T17:00:00Z,2026-07-12T16:30:00Z,2026-07-12,36,20622,21668
2026-07-12T17:30:00Z,2026-07-12T17:00:00Z,2026-07-12,37,21552,22459
2026-07-12T18:00:00Z,2026-07-12T17:30:00Z,2026-07-12,38,22894,24037
2026-07-12T18:30:00Z,2026-07-12T18:00:00Z,2026-07-12,39,24070,25460
2026-07-12T19:00:00Z,2026-07-12T18:30:00Z,2026-07-12,40,24882,26405
2026-07-12T19:30:00Z,2026-07-12T19:00:00Z,2026-07-12,41,25225,26834
2026-07-12T20:00:00Z,2026-07-12T19:30:00Z,2026-07-12,42,25214,26794
2026-07-12T20:30:00Z,2026-07-12T20:00:00Z,2026-07-12,43,25041,26459
2026-07-12T21:00:00Z,2026-07-12T20:30:00Z,2026-07-12,44,24820,26112
2026-07-12T21:30:00Z,2026-07-12T21:00:00Z,2026-07-12,45,24475,25788
2026-07-12T22:00:00Z,2026-07-12T21:30:00Z,2026-07-12,46,23556,24747
2026-07-12T22:30:00Z,2026-07-12T22:00:00Z,2026-07-12,47,22513,23759
2026-07-12T23:00:00Z,2026-07-12T22:30:00Z,2026-07-12,48,22285,23571
2026-07-12T23:30:00Z,2026-07-12T23:00:00Z,2026-07-13,1,21397,22608
2026-07-13T00:00:00Z,2026-07-12T23:30:00Z,2026-07-13,2,21090,22157
2026-07-13T00:30:00Z,2026-07-13T00:00:00Z,2026-07-13,3,20824,21918
2026-07-13T01:00:00Z,2026-07-13T00:30:00Z,2026-07-13,4,20580,21650
2026-07-13T01:30:00Z,2026-07-13T01:00:00Z,2026-07-13,5,20086,21406
2026-07-13T02:00:00Z,2026-07-13T01:30:00Z,2026-07-13,6,19704,21068
2026-07-13T02:30:00Z,2026-07-13T02:00:00Z,2026-07-13,7,19233,21009
2026-07-13T03:00:00Z,2026-07-13T02:30:00Z,2026-07-13,8,18869,20659
2026-07-13T03:30:00Z,2026-07-13T03:00:00Z,2026-07-13,9,18424,21671
2026-07-13T04:00:00Z,2026-07-13T03:30:00Z,2026-07-13,10,18226,21476
2026-07-13T04:30:00Z,2026-07-13T04:00:00Z,2026-07-13,11,17835,21746
2026-07-13T05:00:00Z,2026-07-13T04:30:00Z,2026-07-13,12,18380,22338
2026-07-13T05:30:00Z,2026-07-13T05:00:00Z,2026-07-13,13,20202,23610
2026-07-13T06:00:00Z,2026-07-13T05:30:00Z,2026-07-13,14,21442,24847
2026-07-13T06:30:00Z,2026-07-13T06:00:00Z,2026-07-13,15,23054,24458
2026-07-13T07:00:00Z,2026-07-13T06:30:00Z,2026-07-13,16,23455,24937
2026-07-13T07:30:00Z,2026-07-13T07:00:00Z,2026-07-13,17,23806,25249
2026-07-13T08:00:00Z,2026-07-13T07:30:00Z,2026-07-13,18,23051,24578
2026-07-13T08:30:00Z,2026-07-13T08:00:00Z,2026-07-13,19,22952,24364
2026-07-13T09:00:00Z,2026-07-13T08:30:00Z,2026-07-13,20,22350,23627
2026-07-13T09:30:00Z,2026-07-13T09:00:00Z,2026-07-13,21,21407,22879
2026-07-13T10:00:00Z,2026-07-13T09:30:00Z,2026-07-13,22,20368,21629
2026-07-13T10:30:00Z,2026-07-13T10:00:00Z,2026-07-13,23,19562,20704
2026-07-13T11:00:00Z,2026-07-13T10:30:00Z,2026-07-13,24,19242,20355
2026-07-13T11:30:00Z,2026-07-13T11:00:00Z,2026-07-13,25,18252,20082
2026-07-13T12:00:00Z,2026-07-13T11:30:00Z,2026-07-13,26,18385,20352
2026-07-13T12:30:00Z,2026-07-13T12:00:00Z,2026-07-13,27,17230,19270
2026-07-13T13:00:00Z,2026-07-13T12:30:00Z,2026-07-13,28,17338,19601
2026-07-13T13:30:00Z,2026-07-13T13:00:00Z,2026-07-13,29,17003,19388
2026-07-13T14:00:00Z,2026-07-13T13:30:00Z,2026-07-13,30,17117,19371
2026-07-13T14:30:00Z,2026-07-13T14:00:00Z,2026-07-13,31,17261,18975
2026-07-13T15:00:00Z,2026-07-13T14:30:00Z,2026-07-13,32,18134,19574
2026-07-13T15:30:00Z,2026-07-13T15:00:00Z,2026-07-13,33,18584,19748
2026-07-13T16:00:00Z,2026-07-13T15:30:00Z,2026-07-13,34,20497,21608
2026-07-13T16:30:00Z,2026-07-13T16:00:00Z,2026-07-13,35,21471,22929
2026-07-13T17:00:00Z,2026-07-13T16:30:00Z,2026-07-13,36,23203,24865
2026-07-13T17:30:00Z,2026-07-13T17:00:00Z,2026-07-13,37,24531,26756
2026-07-13T18:00:00Z,2026-07-13T17:30:00Z,2026-07-13,38,25899,28354
2026-07-13T18:30:00Z,2026-07-13T18:00:00Z,2026-07-13,39,26559,29344
2026-07-13T19:00:00Z,2026-07-13T18:30:00Z,2026-07-13,40,27127,30102
2026-07-13T19:30:00Z,2026-07-13T19:00:00Z,2026-07-13,41,26876,29380
2026-07-13T20:00:00Z,2026-07-13T19:30:00Z,2026-07-13,42,26821,29394
2026-07-13T20:30:00Z,2026-07-13T20:00:00Z,2026-07-13,43,27001,29395
2026-07-13T21:00:00Z,2026-07-13T20:30:00Z,2026-07-13,44,26663,29100
2026-07-13T21:30:00Z,2026-07-13T21:00:00Z,2026-07-13,45,25086,27309
2026-07-13T22:00:00Z,2026-07-13T21:30:00Z,2026-07-13,46,24420,26594
2026-07-13T22:30:00Z,2026-07-13T22:00:00Z,2026-07-13,47,23494,26452
2026-07-13T23:00:00Z,2026-07-13T22:30:00Z,2026-07-13,48,22422,25290
2026-07-13T23:30:00Z,2026-07-13T23:00:00Z,2026-07-14,1,22249,25067
2026-07-14T00:00:00Z,2026-07-13T23:30:00Z,2026-07-14,2,21546,24278
2026-07-14T00:30:00Z,2026-07-14T00:00:00Z,2026-07-14,3,21047,23817
2026-07-14T01:00:00Z,2026-07-14T00:30:00Z,2026-07-14,4,20813,23599
2026-07-14T01:30:00Z,2026-07-14T01:00:00Z,2026-07-14,5,20795,23789
2026-07-14T02:00:00Z,2026-07-14T01:30:00Z,2026-07-14,6,20402,23339
2026-07-14T02:30:00Z,2026-07-14T02:00:00Z,2026-07-14,7,19737,22932
2026-07-14T03:00:00Z,2026-07-14T02:30:00Z,2026-07-14,8,19674,22853
2026-07-14T03:30:00Z,2026-07-14T03:00:00Z,2026-07-14,9,19380,23543
2026-07-14T04:00:00Z,2026-07-14T03:30:00Z,2026-07-14,10,18847,23025
2026-07-14T04:30:00Z,2026-07-14T04:00:00Z,2026-07-14,11,18810,22885
2026-07-14T05:00:00Z,2026-07-14T04:30:00Z,2026-07-14,12,19002,23113
2026-07-14T05:30:00Z,2026-07-14T05:00:00Z,2026-07-14,13,20577,24338
2026-07-14T06:00:00Z,2026-07-14T05:30:00Z,2026-07-14,14,21255,24048
2026-07-14T06:30:00Z,2026-07-14T06:00:00Z,2026-07-14,15,23757,24829
2026-07-14T07:00:00Z,2026-07-14T06:30:00Z,2026-07-14,16,23609,25812
2026-07-14T07:30:00Z,2026-07-14T07:00:00Z,2026-07-14,17,24789,26788
2026-07-14T08:00:00Z,2026-07-14T07:30:00Z,2026-07-14,18,23801,25792
2026-07-14T08:30:00Z,2026-07-14T08:00:00Z,2026-07-14,19,23826,25645
2026-07-14T09:00:00Z,2026-07-14T08:30:00Z,2026-07-14,20,22799,24485
2026-07-14T09:30:00Z,2026-07-14T09:00:00Z,2026-07-14,21,22156,23554
2026-07-14T10:00:00Z,2026-07-14T09:30:00Z,2026-07-14,22,21436,22637
2026-07-14T10:30:00Z,2026-07-14T10:00:00Z,2026-07-14,23,20732,22226
2026-07-14T11:00:00Z,2026-07-14T10:30:00Z,2026-07-14,24,19853,21709
2026-07-14T11:30:00Z,2026-07-14T11:00:00Z,2026-07-14,25,19424,21376
2026-07-14T12:00:00Z,2026-07-14T11:30:00Z,2026-07-14,26,19025,21236
2026-07-14T12:30:00Z,2026-07-14T12:00:00Z,2026-07-14,27,18017,20036
2026-07-14T13:00:00Z,2026-07-14T12:30:00Z,2026-07-14,28,17726,19944
2026-07-14T13:30:00Z,2026-07-14T13:00:00Z,2026-07-14,29,17710,20049
2026-07-14T14:00:00Z,2026-07-14T13:30:00Z,2026-07-14,30,17882,20271
2026-07-14T14:30:00Z,2026-07-14T14:00:00Z,2026-07-14,31,18113,20091
2026-07-14T15:00:00Z,2026-07-14T14:30:00Z,2026-07-14,32,19179,20579
2026-07-14T15:30:00Z,2026-07-14T15:00:00Z,2026-07-14,33,20574,21893
2026-07-14T16:00:00Z,2026-07-14T15:30:00Z,2026-07-14,34,21978,23336
2026-07-14T16:30:00Z,2026-07-14T16:00:00Z,2026-07-14,35,23160,24451
2026-07-14T17:00:00Z,2026-07-14T16:30:00Z,2026-07-14,36,24303,25779
2026-07-14T17:30:00Z,2026-07-14T17:00:00Z,2026-07-14,37,25628,27898
2026-07-14T18:00:00Z,2026-07-14T17:30:00Z,2026-07-14,38,26952,29478
2026-07-14T18:30:00Z,2026-07-14T18:00:00Z,2026-07-14,39,27806,30756
2026-07-14T19:00:00Z,2026-07-14T18:30:00Z,2026-07-14,40,28274,31388
2026-07-14T19:30:00Z,2026-07-14T19:00:00Z,2026-07-14,41,28438,31133
2026-07-14T20:00:00Z,2026-07-14T19:30:00Z,2026-07-14,42,28089,30744
2026-07-14T20:30:00Z,2026-07-14T20:00:00Z,2026-07-14,43,27863,30065
2026-07-14T21:00:00Z,2026-07-14T20:30:00Z,2026-07-14,44,27473,29650
2026-07-14T21:30:00Z,2026-07-14T21:00:00Z,2026-07-14,45,27138,29212
2026-07-14T22:00:00Z,2026-07-14T21:30:00Z,2026-07-14,46,25977,28058
2026-07-14T22:30:00Z,2026-07-14T22:00:00Z,2026-07-14,47,24528,27020
2026-07-14T23:00:00Z,2026-07-14T22:30:00Z,2026-07-14,48,23824,26230
2026-07-14T23:30:00Z,2026-07-14T23:00:00Z,2026-07-15,1,23656,25722
2026-07-15T00:00:00Z,2026-07-14T23:30:00Z,2026-07-15,2,23244,25225
2026-07-15T00:30:00Z,2026-07-15T00:00:00Z,2026-07-15,3,23008,24796
2026-07-15T01:00:00Z,2026-07-15T00:30:00Z,2026-07-15,4,22434,24226
2026-07-15T01:30:00Z,2026-07-15T01:00:00Z,2026-07-15,5,21754,24167
2026-07-15T02:00:00Z,2026-07-15T01:30:00Z,2026-07-15,6,21216,23715
2026-07-15T02:30:00Z,2026-07-15T02:00:00Z,2026-07-15,7,20914,23571
2026-07-15T03:00:00Z,2026-07-15T02:30:00Z,2026-07-15,8,20695,23410
2026-07-15T03:30:00Z,2026-07-15T03:00:00Z,2026-07-15,9,20195,23952
2026-07-15T04:00:00Z,2026-07-15T03:30:00Z,2026-07-15,10,19881,23631
2026-07-15T04:30:00Z,2026-07-15T04:00:00Z,2026-07-15,11,19864,23813
2026-07-15T05:00:00Z,2026-07-15T04:30:00Z,2026-07-15,12,19901,23869
2026-07-15T05:30:00Z,2026-07-15T05:00:00Z,2026-07-15,13,21503,24601
2026-07-15T06:00:00Z,2026-07-15T05:30:00Z,2026-07-15,14,22442,25582
2026-07-15T06:30:00Z,2026-07-15T06:00:00Z,2026-07-15,15,24532,26536
2026-07-15T07:00:00Z,2026-07-15T06:30:00Z,2026-07-15,16,25086,27100
2026-07-15T07:30:00Z,2026-07-15T07:00:00Z,2026-07-15,17,26026,28044
2026-07-15T08:00:00Z,2026-07-15T07:30:00Z,2026-07-15,18,25782,27800
2026-07-15T08:30:00Z,2026-07-15T08:00:00Z,2026-07-15,19,25317,27320
2026-07-15T09:00:00Z,2026-07-15T08:30:00Z,2026-07-15,20,24291,26165
2026-07-15T09:30:00Z,2026-07-15T09:00:00Z,2026-07-15,21,23189,24906
2026-07-15T10:00:00Z,2026-07-15T09:30:00Z,2026-07-15,22,22244,23781
2026-07-15T10:30:00Z,2026-07-15T10:00:00Z,2026-07-15,23,21333,22919
2026-07-15T11:00:00Z,2026-07-15T10:30:00Z,2026-07-15,24,20261,21854
2026-07-15T11:30:00Z,2026-07-15T11:00:00Z,2026-07-15,25,19525,21135
2026-07-15T12:00:00Z,2026-07-15T11:30:00Z,2026-07-15,26,18920,20537
2026-07-15T12:30:00Z,2026-07-15T12:00:00Z,2026-07-15,27,18517,20133
2026-07-15T13:00:00Z,2026-07-15T12:30:00Z,2026-07-15,28,18179,19836
2026-07-15T13:30:00Z,2026-07-15T13:00:00Z,2026-07-15,29,18541,20228
2026-07-15T14:00:00Z,2026-07-15T13:30:00Z,2026-07-15,30,18903,20507
2026-07-15T14:30:00Z,2026-07-15T14:00:00Z,2026-07-15,31,19127,20852
2026-07-15T15:00:00Z,2026-07-15T14:30:00Z,2026-07-15,32,20000,21744
2026-07-15T15:30:00Z,2026-07-15T15:00:00Z,2026-07-15,33,20665,22292
2026-07-15T16:00:00Z,2026-07-15T15:30:00Z,2026-07-15,34,22502,24247
2026-07-15T16:30:00Z,2026-07-15T16:00:00Z,2026-07-15,35,23790,25356
2026-07-15T17:00:00Z,2026-07-15T16:30:00Z,2026-07-15,36,25059,26757
2026-07-15T17:30:00Z,2026-07-15T17:00:00Z,2026-07-15,37,26541,28867
2026-07-15T18:00:00Z,2026-07-15T17:30:00Z,2026-07-15,38,27629,30072
2026-07-15T18:30:00Z,2026-07-15T18:00:00Z,2026-07-15,39,28723,31052
2026-07-15T19:00:00Z,2026-07-15T18:30:00Z,2026-07-15,40,28693,31069
2026-07-15T19:30:00Z,2026-07-15T19:00:00Z,2026-07-15,41,28248,30683
2026-07-15T20:00:00Z,2026-07-15T19:30:00Z,2026-07-15,42,27374,29798
2026-07-15T20:30:00Z,2026-07-15T20:00:00Z,2026-07-15,43,27293,29431
2026-07-15T21:00:00Z,2026-07-15T20:30:00Z,2026-07-15,44,26762,28797
2026-07-15T21:30:00Z,2026-07-15T21:00:00Z,2026-07-15,45,26190,28227
2026-07-15T22:00:00Z,2026-07-15T21:30:00Z,2026-07-15,46,25957,28048
2026-07-15T22:30:00Z,2026-07-15T22:00:00Z,2026-07-15,47,24651,27048
2026-07-15T23:00:00Z,2026-07-15T22:30:00Z,2026-07-15,48,24246,26620
2026-07-15T23:30:00Z,2026-07-15T23:00:00Z,2026-07-16,1,23875,26050
2026-07-16T00:00:00Z,2026-07-15T23:30:00Z,2026-07-16,2,23281,25428
2026-07-16T00:30:00Z,2026-07-16T00:00:00Z,2026-07-16,3,22457,24931
2026-07-16T01:00:00Z,2026-07-16T00:30:00Z,2026-07-16,4,22372,24743
2026-07-16T01:30:00Z,2026-07-16T01:00:00Z,2026-07-16,5,21919,24387
2026-07-16T02:00:00Z,2026-07-16T01:30:00Z,2026-07-16,6,21105,23548
2026-07-16T02:30:00Z,2026-07-16T02:00:00Z,2026-07-16,7,20569,23728
2026-07-16T03:00:00Z,2026-07-16T02:30:00Z,2026-07-16,8,20434,23578
2026-07-16T03:30:00Z,2026-07-16T03:00:00Z,2026-07-16,9,20269,23844
2026-07-16T04:00:00Z,2026-07-16T03:30:00Z,2026-07-16,10,19946,23510
2026-07-16T04:30:00Z,2026-07-16T04:00:00Z,2026-07-16,11,19913,23954
2026-07-16T05:00:00Z,2026-07-16T04:30:00Z,2026-07-16,12,20137,24203
2026-07-16T05:30:00Z,2026-07-16T05:00:00Z,2026-07-16,13,21522,25397
2026-07-16T06:00:00Z,2026-07-16T05:30:00Z,2026-07-16,14,22423,26220
2026-07-16T06:30:00Z,2026-07-16T06:00:00Z,2026-07-16,15,24188,26198
2026-07-16T07:00:00Z,2026-07-16T06:30:00Z,2026-07-16,16,24731,26740
2026-07-16T07:30:00Z,2026-07-16T07:00:00Z,2026-07-16,17,25074,27084
2026-07-16T08:00:00Z,2026-07-16T07:30:00Z,2026-07-16,18,23897,25909
2026-07-16T08:30:00Z,2026-07-16T08:00:00Z,2026-07-16,19,23482,25491
2026-07-16T09:00:00Z,2026-07-16T08:30:00Z,2026-07-16,20,22358,24577
2026-07-16T09:30:00Z,2026-07-16T09:00:00Z,2026-07-16,21,21715,24462
2026-07-16T10:00:00Z,2026-07-16T09:30:00Z,2026-07-16,22,20864,23664
2026-07-16T10:30:00Z,2026-07-16T10:00:00Z,2026-07-16,23,20104,23380
2026-07-16T11:00:00Z,2026-07-16T10:30:00Z,2026-07-16,24,19617,22719
2026-07-16T11:30:00Z,2026-07-16T11:00:00Z,2026-07-16,25,19461,22488
2026-07-16T12:00:00Z,2026-07-16T11:30:00Z,2026-07-16,26,19240,22151
2026-07-16T12:30:00Z,2026-07-16T12:00:00Z,2026-07-16,27,19224,22033
2026-07-16T13:00:00Z,2026-07-16T12:30:00Z,2026-07-16,28,19239,22024
2026-07-16T13:30:00Z,2026-07-16T13:00:00Z,2026-07-16,29,19616,22272
2026-07-16T14:00:00Z,2026-07-16T13:30:00Z,2026-07-16,30,19908,22499
2026-07-16T14:30:00Z,2026-07-16T14:00:00Z,2026-07-16,31,19945,21935
2026-07-16T15:00:00Z,2026-07-16T14:30:00Z,2026-07-16,32,21027,22635
2026-07-16T15:30:00Z,2026-07-16T15:00:00Z,2026-07-16,33,22035,23331
2026-07-16T16:00:00Z,2026-07-16T15:30:00Z,2026-07-16,34,23585,24971
2026-07-16T16:30:00Z,2026-07-16T16:00:00Z,2026-07-16,35,24420,26540
2026-07-16T17:00:00Z,2026-07-16T16:30:00Z,2026-07-16,36,25776,28161
2026-07-16T17:30:00Z,2026-07-16T17:00:00Z,2026-07-16,37,26388,29404
2026-07-16T18:00:00Z,2026-07-16T17:30:00Z,2026-07-16,38,27190,30251
2026-07-16T18:30:00Z,2026-07-16T18:00:00Z,2026-07-16,39,28055,31870
2026-07-16T19:00:00Z,2026-07-16T18:30:00Z,2026-07-16,40,28353,32447
2026-07-16T19:30:00Z,2026-07-16T19:00:00Z,2026-07-16,41,28476,32074
2026-07-16T20:00:00Z,2026-07-16T19:30:00Z,2026-07-16,42,28319,31944
2026-07-16T20:30:00Z,2026-07-16T20:00:00Z,2026-07-16,43,28615,31205
2026-07-16T21:00:00Z,2026-07-16T20:30:00Z,2026-07-16,44,28038,30534
2026-07-16T21:30:00Z,2026-07-16T21:00:00Z,2026-07-16,45,27622,29641
2026-07-16T22:00:00Z,2026-07-16T21:30:00Z,2026-07-16,46,26481,28500
2026-07-16T22:30:00Z,2026-07-16T22:00:00Z,2026-07-16,47,25457,27544
2026-07-16T23:00:00Z,2026-07-16T22:30:00Z,2026-07-16,48,24864,27101
2026-07-16T23:30:00Z,2026-07-16T23:00:00Z,2026-07-17,1,24208,26529
2026-07-17T00:00:00Z,2026-07-16T23:30:00Z,2026-07-17,2,24163,26418
2026-07-17T00:30:00Z,2026-07-17T00:00:00Z,2026-07-17,3,23142,25682
2026-07-17T01:00:00Z,2026-07-17T00:30:00Z,2026-07-17,4,22746,25221
2026-07-17T01:30:00Z,2026-07-17T01:00:00Z,2026-07-17,5,22090,24980
2026-07-17T02:00:00Z,2026-07-17T01:30:00Z,2026-07-17,6,21416,24302
2026-07-17T02:30:00Z,2026-07-17T02:00:00Z,2026-07-17,7,20973,24734
2026-07-17T03:00:00Z,2026-07-17T02:30:00Z,2026-07-17,8,20903,24630
2026-07-17T03:30:00Z,2026-07-17T03:00:00Z,2026-07-17,9,20599,24837
2026-07-17T04:00:00Z,2026-07-17T03:30:00Z,2026-07-17,10,20688,24843
2026-07-17T04:30:00Z,2026-07-17T04:00:00Z,2026-07-17,11,20415,25043
2026-07-17T05:00:00Z,2026-07-17T04:30:00Z,2026-07-17,12,20640,25309
2026-07-17T05:30:00Z,2026-07-17T05:00:00Z,2026-07-17,13,22096,25151
2026-07-17T06:00:00Z,2026-07-17T05:30:00Z,2026-07-17,14,22845,25858
2026-07-17T06:30:00Z,2026-07-17T06:00:00Z,2026-07-17,15,24606,26595
2026-07-17T07:00:00Z,2026-07-17T06:30:00Z,2026-07-17,16,24915,27038
2026-07-17T07:30:00Z,2026-07-17T07:00:00Z,2026-07-17,17,25210,27372
2026-07-17T08:00:00Z,2026-07-17T07:30:00Z,2026-07-17,18,23880,26040
2026-07-17T08:30:00Z,2026-07-17T08:00:00Z,2026-07-17,19,23696,25832
2026-07-17T09:00:00Z,2026-07-17T08:30:00Z,2026-07-17,20,22706,24604
2026-07-17T09:30:00Z,2026-07-17T09:00:00Z,2026-07-17,21,21510,23157
2026-07-17T10:00:00Z,2026-07-17T09:30:00Z,2026-07-17,22,20803,22263
2026-07-17T10:30:00Z,2026-07-17T10:00:00Z,2026-07-17,23,20250,21984
2026-07-17T11:00:00Z,2026-07-17T10:30:00Z,2026-07-17,24,19632,21178
2026-07-17T11:30:00Z,2026-07-17T11:00:00Z,2026-07-17,25,19362,20891
2026-07-17T12:00:00Z,2026-07-17T11:30:00Z,2026-07-17,26,18992,20445
2026-07-17T12:30:00Z,2026-07-17T12:00:00Z,2026-07-17,27,18758,20168
2026-07-17T13:00:00Z,2026-07-17T12:30:00Z,2026-07-17,28,18616,20036
2026-07-17T13:30:00Z,2026-07-17T13:00:00Z,2026-07-17,29,18726,19915
2026-07-17T14:00:00Z,2026-07-17T13:30:00Z,2026-07-17,30,18800,20016
2026-07-17T14:30:00Z,2026-07-17T14:00:00Z,2026-07-17,31,18878,19932
2026-07-17T15:00:00Z,2026-07-17T14:30:00Z,2026-07-17,32,19513,20437
2026-07-17T15:30:00Z,2026-07-17T15:00:00Z,2026-07-17,33,20254,20924
2026-07-17T16:00:00Z,2026-07-17T15:30:00Z,2026-07-17,34,21627,22250
2026-07-17T16:30:00Z,2026-07-17T16:00:00Z,2026-07-17,35,22694,23204
2026-07-17T17:00:00Z,2026-07-17T16:30:00Z,2026-07-17,36,23840,24453
2026-07-17T17:30:00Z,2026-07-17T17:00:00Z,2026-07-17,37,25035,26236
2026-07-17T18:00:00Z,2026-07-17T17:30:00Z,2026-07-17,38,25875,27253
2026-07-17T18:30:00Z,2026-07-17T18:00:00Z,2026-07-17,39,26693,27973
2026-07-17T19:00:00Z,2026-07-17T18:30:00Z,2026-07-17,40,27168,28513
2026-07-17T19:30:00Z,2026-07-17T19:00:00Z,2026-07-17,41,27287,28840
2026-07-17T20:00:00Z,2026-07-17T19:30:00Z,2026-07-17,42,26830,28342
2026-07-17T20:30:00Z,2026-07-17T20:00:00Z,2026-07-17,43,26826,28141
2026-07-17T21:00:00Z,2026-07-17T20:30:00Z,2026-07-17,44,26694,27866
2026-07-17T21:30:00Z,2026-07-17T21:00:00Z,2026-07-17,45,25958,27224
2026-07-17T22:00:00Z,2026-07-17T21:30:00Z,2026-07-17,46,25093,26433
2026-07-17T22:30:00Z,2026-07-17T22:00:00Z,2026-07-17,47,24668,26093
2026-07-17T23:00:00Z,2026-07-17T22:30:00Z,2026-07-17,48,23870,25348
2026-07-17T23:30:00Z,2026-07-17T23:00:00Z,2026-07-18,1,23588,25069
2026-07-18T00:00:00Z,2026-07-17T23:30:00Z,2026-07-18,2,23005,24496
2026-07-18T00:30:00Z,2026-07-18T00:00:00Z,2026-07-18,3,22179,23770
2026-07-18T01:00:00Z,2026-07-18T00:30:00Z,2026-07-18,4,21766,23153
2026-07-18T01:30:00Z,2026-07-18T01:00:00Z,2026-07-18,5,21502,22998
2026-07-18T02:00:00Z,2026-07-18T01:30:00Z,2026-07-18,6,20913,22426
2026-07-18T02:30:00Z,2026-07-18T02:00:00Z,2026-07-18,7,20363,21821
2026-07-18T03:00:00Z,2026-07-18T02:30:00Z,2026-07-18,8,20078,21413
2026-07-18T03:30:00Z,2026-07-18T03:00:00Z,2026-07-18,9,19836,21163
2026-07-18T04:00:00Z,2026-07-18T03:30:00Z,2026-07-18,10,19153,20480
2026-07-18T04:30:00Z,2026-07-18T04:00:00Z,2026-07-18,11,18751,20079
2026-07-18T05:00:00Z,2026-07-18T04:30:00Z,2026-07-18,12,18557,20082
2026-07-18T05:30:00Z,2026-07-18T05:00:00Z,2026-07-18,13,18992,20897
2026-07-18T06:00:00Z,2026-07-18T05:30:00Z,2026-07-18,14,19216,21127
2026-07-18T06:30:00Z,2026-07-18T06:00:00Z,2026-07-18,15,19490,22003
2026-07-18T07:00:00Z,2026-07-18T06:30:00Z,2026-07-18,16,19725,21818
2026-07-18T07:30:00Z,2026-07-18T07:00:00Z,2026-07-18,17,19808,21821
2026-07-18T08:00:00Z,2026-07-18T07:30:00Z,2026-07-18,18,19738,21748
2026-07-18T08:30:00Z,2026-07-18T08:00:00Z,2026-07-18,19,19933,21941
2026-07-18T09:00:00Z,2026-07-18T08:30:00Z,2026-07-18,20,19501,21433
2026-07-18T09:30:00Z,2026-07-18T09:00:00Z,2026-07-18,21,19285,21524
2026-07-18T10:00:00Z,2026-07-18T09:30:00Z,2026-07-18,22,18969,21462
2026-07-18T10:30:00Z,2026-07-18T10:00:00Z,2026-07-18,23,18380,21189
2026-07-18T11:00:00Z,2026-07-18T10:30:00Z,2026-07-18,24,17943,20776
2026-07-18T11:30:00Z,2026-07-18T11:00:00Z,2026-07-18,25,17638,20569
2026-07-18T12:00:00Z,2026-07-18T11:30:00Z,2026-07-18,26,17711,20658
2026-07-18T12:30:00Z,2026-07-18T12:00:00Z,2026-07-18,27,17418,20570
2026-07-18T13:00:00Z,2026-07-18T12:30:00Z,2026-07-18,28,16900,20158
2026-07-18T13:30:00Z,2026-07-18T13:00:00Z,2026-07-18,29,17026,20101
2026-07-18T14:00:00Z,2026-07-18T13:30:00Z,2026-07-18,30,16889,20048
2026-07-18T14:30:00Z,2026-07-18T14:00:00Z,2026-07-18,31,16639,19770
2026-07-18T15:00:00Z,2026-07-18T14:30:00Z,2026-07-18,32,17158,20305
2026-07-18T15:30:00Z,2026-07-18T15:00:00Z,2026-07-18,33,18022,20777
2026-07-18T16:00:00Z,2026-07-18T15:30:00Z,2026-07-18,34,18662,21468
2026-07-18T16:30:00Z,2026-07-18T16:00:00Z,2026-07-18,35,20207,22743
2026-07-18T17:00:00Z,2026-07-18T16:30:00Z,2026-07-18,36,21736,24020
2026-07-18T17:30:00Z,2026-07-18T17:00:00Z,2026-07-18,37,22548,24843
2026-07-18T18:00:00Z,2026-07-18T17:30:00Z,2026-07-18,38,23245,25514
2026-07-18T18:30:00Z,2026-07-18T18:00:00Z,2026-07-18,39,23801,25976
2026-07-18T19:00:00Z,2026-07-18T18:30:00Z,2026-07-18,40,24007,26268
2026-07-18T19:30:00Z,2026-07-18T19:00:00Z,2026-07-18,41,24177,26427
2026-07-18T20:00:00Z,2026-07-18T19:30:00Z,2026-07-18,42,24032,26193
2026-07-18T20:30:00Z,2026-07-18T20:00:00Z,2026-07-18,43,24057,26209
2026-07-18T21:00:00Z,2026-07-18T20:30:00Z,2026-07-18,44,23998,26155
2026-07-18T21:30:00Z,2026-07-18T21:00:00Z,2026-07-18,45,23807,25968
2026-07-18T22:00:00Z,2026-07-18T21:30:00Z,2026-07-18,46,23157,25318
2026-07-18T22:30:00Z,2026-07-18T22:00:00Z,2026-07-18,47,22152,24314
2026-07-18T23:00:00Z,2026-07-18T22:30:00Z,2026-07-18,48,21786,23948
2026-07-18T23:30:00Z,2026-07-18T23:00:00Z,2026-07-19,1,21635,23746
2026-07-19T00:00:00Z,2026-07-18T23:30:00Z,2026-07-19,2,21034,23043
2026-07-19T00:30:00Z,2026-07-19T00:00:00Z,2026-07-19,3,20160,22170
2026-07-19T01:00:00Z,2026-07-19T00:30:00Z,2026-07-19,4,19824,21813
2026-07-19T01:30:00Z,2026-07-19T01:00:00Z,2026-07-19,5,19275,21132
2026-07-19T02:00:00Z,2026-07-19T01:30:00Z,2026-07-19,6,18719,20583
2026-07-19T02:30:00Z,2026-07-19T02:00:00Z,2026-07-19,7,18515,20381
2026-07-19T03:00:00Z,2026-07-19T02:30:00Z,2026-07-19,8,18381,20247
2026-07-19T03:30:00Z,2026-07-19T03:00:00Z,2026-07-19,9,18312,20252
2026-07-19T04:00:00Z,2026-07-19T03:30:00Z,2026-07-19,10,17600,19692
2026-07-19T04:30:00Z,2026-07-19T04:00:00Z,2026-07-19,11,16818,19824
2026-07-19T05:00:00Z,2026-07-19T04:30:00Z,2026-07-19,12,16372,19727
2026-07-19T05:30:00Z,2026-07-19T05:00:00Z,2026-07-19,13,16704,19549
2026-07-19T06:00:00Z,2026-07-19T05:30:00Z,2026-07-19,14,16528,19312
2026-07-19T06:30:00Z,2026-07-19T06:00:00Z,2026-07-19,15,16684,19661
2026-07-19T07:00:00Z,2026-07-19T06:30:00Z,2026-07-19,16,16682,19498
2026-07-19T07:30:00Z,2026-07-19T07:00:00Z,2026-07-19,17,16846,19673
2026-07-19T08:00:00Z,2026-07-19T07:30:00Z,2026-07-19,18,16601,19468
2026-07-19T08:30:00Z,2026-07-19T08:00:00Z,2026-07-19,19,16315,19196
2026-07-19T09:00:00Z,2026-07-19T08:30:00Z,2026-07-19,20,15801,18830
2026-07-19T09:30:00Z,2026-07-19T09:00:00Z,2026-07-19,21,15494,18581
2026-07-19T10:00:00Z,2026-07-19T09:30:00Z,2026-07-19,22,15159,18251
2026-07-19T10:30:00Z,2026-07-19T10:00:00Z,2026-07-19,23,15219,18313
2026-07-19T11:00:00Z,2026-07-19T10:30:00Z,2026-07-19,24,15206,18277
2026-07-19T11:30:00Z,2026-07-19T11:00:00Z,2026-07-19,25,15391,18315
2026-07-19T12:00:00Z,2026-07-19T11:30:00Z,2026-07-19,26,15511,18587
2026-07-19T12:30:00Z,2026-07-19T12:00:00Z,2026-07-19,27,14993,18006
2026-07-19T13:00:00Z,2026-07-19T12:30:00Z,2026-07-19,28,14563,17502
2026-07-19T13:30:00Z,2026-07-19T13:00:00Z,2026-07-19,29,14044,16906
2026-07-19T14:00:00Z,2026-07-19T13:30:00Z,2026-07-19,30,13801,16477
2026-07-19T14:30:00Z,2026-07-19T14:00:00Z,2026-07-19,31,13943,16557
2026-07-19T15:00:00Z,2026-07-19T14:30:00Z,2026-07-19,32,14601,17196
2026-07-19T15:30:00Z,2026-07-19T15:00:00Z,2026-07-19,33,15724,18318
2026-07-19T16:00:00Z,2026-07-19T15:30:00Z,2026-07-19,34,17106,19686
2026-07-19T16:30:00Z,2026-07-19T16:00:00Z,2026-07-19,35,18651,20953
2026-07-19T17:00:00Z,2026-07-19T16:30:00Z,2026-07-19,36,19938,22041
2026-07-19T17:30:00Z,2026-07-19T17:00:00Z,2026-07-19,37,22220,24056
2026-07-19T18:00:00Z,2026-07-19T17:30:00Z,2026-07-19,38,23249,25065
2026-07-19T18:30:00Z,2026-07-19T18:00:00Z,2026-07-19,39,24176,25982
2026-07-19T19:00:00Z,2026-07-19T18:30:00Z,2026-07-19,40,25341,27148
2026-07-19T19:30:00Z,2026-07-19T19:00:00Z,2026-07-19,41,24940,26774
2026-07-19T20:00:00Z,2026-07-19T19:30:00Z,2026-07-19,42,24833,26796
2026-07-19T20:30:00Z,2026-07-19T20:00:00Z,2026-07-19,43,25476,27429
2026-07-19T21:00:00Z,2026-07-19T20:30:00Z,2026-07-19,44,24909,26737
2026-07-19T21:30:00Z,2026-07-19T21:00:00Z,2026-07-19,45,24206,25976
2026-07-19T22:00:00Z,2026-07-19T21:30:00Z,2026-07-19,46,23491,25294
2026-07-19T22:30:00Z,2026-07-19T22:00:00Z,2026-07-19,47,22242,23975
2026-07-19T23:00:00Z,2026-07-19T22:30:00Z,2026-07-19,48,22248,23844
2026-07-19T23:30:00Z,2026-07-19T23:00:00Z,2026-07-20,1,21914,23525
2026-07-20T00:00:00Z,2026-07-19T23:30:00Z,2026-07-20,2,21266,22757
2026-07-20T00:30:00Z,2026-07-20T00:00:00Z,2026-07-20,3,20609,22052
2026-07-20T01:00:00Z,2026-07-20T00:30:00Z,2026-07-20,4,20771,22225
2026-07-20T01:30:00Z,2026-07-20T01:00:00Z,2026-07-20,5,20223,21814
2026-07-20T02:00:00Z,2026-07-20T01:30:00Z,2026-07-20,6,19255,20895
2026-07-20T02:30:00Z,2026-07-20T02:00:00Z,2026-07-20,7,19101,20796
2026-07-20T03:00:00Z,2026-07-20T02:30:00Z,2026-07-20,8,18729,20361
2026-07-20T03:30:00Z,2026-07-20T03:00:00Z,2026-07-20,9,18596,20120
2026-07-20T04:00:00Z,2026-07-20T03:30:00Z,2026-07-20,10,18208,19620
2026-07-20T04:30:00Z,2026-07-20T04:00:00Z,2026-07-20,11,18606,19857
2026-07-20T05:00:00Z,2026-07-20T04:30:00Z,2026-07-20,12,18852,20043
2026-07-20T05:30:00Z,2026-07-20T05:00:00Z,2026-07-20,13,20577,22202
2026-07-20T06:00:00Z,2026-07-20T05:30:00Z,2026-07-20,14,21536,23363
2026-07-20T06:30:00Z,2026-07-20T06:00:00Z,2026-07-20,15,22546,24547
2026-07-20T07:00:00Z,2026-07-20T06:30:00Z,2026-07-20,16,22818,24821
2026-07-20T07:30:00Z,2026-07-20T07:00:00Z,2026-07-20,17,22643,24648
2026-07-20T08:00:00Z,2026-07-20T07:30:00Z,2026-07-20,18,22505,24512
2026-07-20T08:30:00Z,2026-07-20T08:00:00Z,2026-07-20,19,21554,23744
2026-07-20T09:00:00Z,2026-07-20T08:30:00Z,2026-07-20,20,20757,23030
2026-07-20T09:30:00Z,2026-07-20T09:00:00Z,2026-07-20,21,19887,22117
2026-07-20T10:00:00Z,2026-07-20T09:30:00Z,2026-07-20,22,19015,21116
2026-07-20T10:30:00Z,2026-07-20T10:00:00Z,2026-07-20,23,18348,20634
2026-07-20T11:00:00Z,2026-07-20T10:30:00Z,2026-07-20,24,18011,20304
2026-07-20T11:30:00Z,2026-07-20T11:00:00Z,2026-07-20,25,17771,20155
2026-07-20T12:00:00Z,2026-07-20T11:30:00Z,2026-07-20,26,17532,19879
2026-07-20T12:30:00Z,2026-07-20T12:00:00Z,2026-07-20,27,17459,19664
2026-07-20T13:00:00Z,2026-07-20T12:30:00Z,2026-07-20,28,17383,19565
2026-07-20T13:30:00Z,2026-07-20T13:00:00Z,2026-07-20,29,17526,19568
2026-07-20T14:00:00Z,2026-07-20T13:30:00Z,2026-07-20,30,17684,19654
2026-07-20T14:30:00Z,2026-07-20T14:00:00Z,2026-07-20,31,18275,20288
2026-07-20T15:00:00Z,2026-07-20T14:30:00Z,2026-07-20,32,19235,21185
2026-07-20T15:30:00Z,2026-07-20T15:00:00Z,2026-07-20,33,20320,22133
2026-07-20T16:00:00Z,2026-07-20T15:30:00Z,2026-07-20,34,21837,23732
2026-07-20T16:30:00Z,2026-07-20T16:00:00Z,2026-07-20,35,23325,25328
2026-07-20T17:00:00Z,2026-07-20T16:30:00Z,2026-07-20,36,24420,26429
2026-07-20T17:30:00Z,2026-07-20T17:00:00Z,2026-07-20,37,25413,27424
2026-07-20T18:00:00Z,2026-07-20T17:30:00Z,2026-07-20,38,26742,28748
2026-07-20T18:30:00Z,2026-07-20T18:00:00Z,2026-07-20,39,27021,29027
2026-07-20T19:00:00Z,2026-07-20T18:30:00Z,2026-07-20,40,27630,29704
2026-07-20T19:30:00Z,2026-07-20T19:00:00Z,2026-07-20,41,27330,29575
2026-07-20T20:00:00Z,2026-07-20T19:30:00Z,2026-07-20,42,27222,29476
2026-07-20T20:30:00Z,2026-07-20T20:00:00Z,2026-07-20,43,26748,29003
2026-07-20T21:00:00Z,2026-07-20T20:30:00Z,2026-07-20,44,26298,28551
2026-07-20T21:30:00Z,2026-07-20T21:00:00Z,2026-07-20,45,25734,27985
2026-07-20T22:00:00Z,2026-07-20T21:30:00Z,2026-07-20,46,24812,27071
2026-07-20T22:30:00Z,2026-07-20T22:00:00Z,2026-07-20,47,23824,26084
2026-07-20T23:00:00Z,2026-07-20T22:30:00Z,2026-07-20,48,23511,25700
2026-07-20T23:30:00Z,2026-07-20T23:00:00Z,2026-07-21,1,22727,25009
2026-07-21T00:00:00Z,2026-07-20T23:30:00Z,2026-07-21,2,22571,24262
2026-07-21T00:30:00Z,2026-07-21T00:00:00Z,2026-07-21,3,21685,23172
2026-07-21T01:00:00Z,2026-07-21T00:30:00Z,2026-07-21,4,21446,22950
2026-07-21T01:30:00Z,2026-07-21T01:00:00Z,2026-07-21,5,21232,22888
2026-07-21T02:00:00Z,2026-07-21T01:30:00Z,2026-07-21,6,20913,22589
2026-07-21T02:30:00Z,2026-07-21T02:00:00Z,2026-07-21,7,20463,22129
2026-07-21T03:00:00Z,2026-07-21T02:30:00Z,2026-07-21,8,20432,22003
2026-07-21T03:30:00Z,2026-07-21T03:00:00Z,2026-07-21,9,19938,21705
2026-07-21T04:00:00Z,2026-07-21T03:30:00Z,2026-07-21,10,19822,21554
2026-07-21T04:30:00Z,2026-07-21T04:00:00Z,2026-07-21,11,19561,21880
2026-07-21T05:00:00Z,2026-07-21T04:30:00Z,2026-07-21,12,19632,22013
2026-07-21T05:30:00Z,2026-07-21T05:00:00Z,2026-07-21,13,21080,22710
2026-07-21T06:00:00Z,2026-07-21T05:30:00Z,2026-07-21,14,22029,23850
2026-07-21T06:30:00Z,2026-07-21T06:00:00Z,2026-07-21,15,23627,25607
2026-07-21T07:00:00Z,2026-07-21T06:30:00Z,2026-07-21,16,24175,26183
2026-07-21T07:30:00Z,2026-07-21T07:00:00Z,2026-07-21,17,24495,26500
2026-07-21T08:00:00Z,2026-07-21T07:30:00Z,2026-07-21,18,24098,26103
2026-07-21T08:30:00Z,2026-07-21T08:00:00Z,2026-07-21,19,23911,25915
2026-07-21T09:00:00Z,2026-07-21T08:30:00Z,2026-07-21,20,23462,25457
2026-07-21T09:30:00Z,2026-07-21T09:00:00Z,2026-07-21,21,22818,24698
2026-07-21T10:00:00Z,2026-07-21T09:30:00Z,2026-07-21,22,22596,24355
2026-07-21T10:30:00Z,2026-07-21T10:00:00Z,2026-07-21,23,22517,24378
2026-07-21T11:00:00Z,2026-07-21T10:30:00Z,2026-07-21,24,22457,24361
2026-07-21T11:30:00Z,2026-07-21T11:00:00Z,2026-07-21,25,22184,24030
2026-07-21T12:00:00Z,2026-07-21T11:30:00Z,2026-07-21,26,22006,23984
2026-07-21T12:30:00Z,2026-07-21T12:00:00Z,2026-07-21,27,21894,23806
2026-07-21T13:00:00Z,2026-07-21T12:30:00Z,2026-07-21,28,21754,23625
2026-07-21T13:30:00Z,2026-07-21T13:00:00Z,2026-07-21,29,21670,23433
2026-07-21T14:00:00Z,2026-07-21T13:30:00Z,2026-07-21,30,21932,23714
2026-07-21T14:30:00Z,2026-07-21T14:00:00Z,2026-07-21,31,21530,23343
2026-07-21T15:00:00Z,2026-07-21T14:30:00Z,2026-07-21,32,22218,23945
2026-07-21T15:30:00Z,2026-07-21T15:00:00Z,2026-07-21,33,22517,24122
2026-07-21T16:00:00Z,2026-07-21T15:30:00Z,2026-07-21,34,23523,25090
2026-07-21T16:30:00Z,2026-07-21T16:00:00Z,2026-07-21,35,24517,26297
2026-07-21T17:00:00Z,2026-07-21T16:30:00Z,2026-07-21,36,25682,27623
2026-07-21T17:30:00Z,2026-07-21T17:00:00Z,2026-07-21,37,25472,27521
2026-07-21T18:00:00Z,2026-07-21T17:30:00Z,2026-07-21,38,26632,28787
2026-07-21T18:30:00Z,2026-07-21T18:00:00Z,2026-07-21,39,27065,29203
2026-07-21T19:00:00Z,2026-07-21T18:30:00Z,2026-07-21,40,27685,29816
2026-07-21T19:30:00Z,2026-07-21T19:00:00Z,2026-07-21,41,27380,29530
2026-07-21T20:00:00Z,2026-07-21T19:30:00Z,2026-07-21,42,27059,29219
2026-07-21T20:30:00Z,2026-07-21T20:00:00Z,2026-07-21,43,27202,29321
2026-07-21T21:00:00Z,2026-07-21T20:30:00Z,2026-07-21,44,27108,29165
2026-07-21T21:30:00Z,2026-07-21T21:00:00Z,2026-07-21,45,26262,28185
2026-07-21T22:00:00Z,2026-07-21T21:30:00Z,2026-07-21,46,25802,27659
2026-07-21T22:30:00Z,2026-07-21T22:00:00Z,2026-07-21,47,23996,25836
2026-07-21T23:00:00Z,2026-07-21T22:30:00Z,2026-07-21,48,23465,25022
2026-07-21T23:30:00Z,2026-07-21T23:00:00Z,2026-07-22,1,23176,24588
2026-07-22T00:00:00Z,2026-07-21T23:30:00Z,2026-07-22,2,22437,23842
2026-07-22T00:30:00Z,2026-07-22T00:00:00Z,2026-07-22,3,21907,23325
2026-07-22T01:00:00Z,2026-07-22T00:30:00Z,2026-07-22,4,22007,23233
2026-07-22T01:30:00Z,2026-07-22T01:00:00Z,2026-07-22,5,21690,22999
2026-07-22T02:00:00Z,2026-07-22T01:30:00Z,2026-07-22,6,21347,22710
2026-07-22T02:30:00Z,2026-07-22T02:00:00Z,2026-07-22,7,21077,22405
2026-07-22T03:00:00Z,2026-07-22T02:30:00Z,2026-07-22,8,20407,21735
2026-07-22T03:30:00Z,2026-07-22T03:00:00Z,2026-07-22,9,20549,21830
2026-07-22T04:00:00Z,2026-07-22T03:30:00Z,2026-07-22,10,20476,21756
2026-07-22T04:30:00Z,2026-07-22T04:00:00Z,2026-07-22,11,19861,21472
2026-07-22T05:00:00Z,2026-07-22T04:30:00Z,2026-07-22,12,20435,22112
2026-07-22T05:30:00Z,2026-07-22T05:00:00Z,2026-07-22,13,21649,23470
2026-07-22T06:00:00Z,2026-07-22T05:30:00Z,2026-07-22,14,22362,24156
2026-07-22T06:30:00Z,2026-07-22T06:00:00Z,2026-07-22,15,24441,26438
2026-07-22T07:00:00Z,2026-07-22T06:30:00Z,2026-07-22,16,25325,27329
2026-07-22T07:30:00Z,2026-07-22T07:00:00Z,2026-07-22,17,25532,27535
2026-07-22T08:00:00Z,2026-07-22T07:30:00Z,2026-07-22,18,25153,27156
2026-07-22T08:30:00Z,2026-07-22T08:00:00Z,2026-07-22,19,25084,27087
2026-07-22T09:00:00Z,2026-07-22T08:30:00Z,2026-07-22,20,24505,26508
2026-07-22T09:30:00Z,2026-07-22T09:00:00Z,2026-07-22,21,23489,25458
2026-07-22T10:00:00Z,2026-07-22T09:30:00Z,2026-07-22,22,23128,25021
2026-07-22T10:30:00Z,2026-07-22T10:00:00Z,2026-07-22,23,22940,24610
2026-07-22T11:00:00Z,2026-07-22T10:30:00Z,2026-07-22,24,23101,24664
2026-07-22T11:30:00Z,2026-07-22T11:00:00Z,2026-07-22,25,23020,24534
2026-07-22T12:00:00Z,2026-07-22T11:30:00Z,2026-07-22,26,22916,24401
2026-07-22T12:30:00Z,2026-07-22T12:00:00Z,2026-07-22,27,22672,24278
2026-07-22T13:00:00Z,2026-07-22T12:30:00Z,2026-07-22,28,22011,23585
2026-07-22T13:30:00Z,2026-07-22T13:00:00Z,2026-07-22,29,21770,23384
2026-07-22T14:00:00Z,2026-07-22T13:30:00Z,2026-07-22,30,21639,23209
2026-07-22T14:30:00Z,2026-07-22T14:00:00Z,2026-07-22,31,22083,23718
2026-07-22T15:00:00Z,2026-07-22T14:30:00Z,2026-07-22,32,22334,23943
2026-07-22T15:30:00Z,2026-07-22T15:00:00Z,2026-07-22,33,23083,24606
2026-07-22T16:00:00Z,2026-07-22T15:30:00Z,2026-07-22,34,24058,25687
2026-07-22T16:30:00Z,2026-07-22T16:00:00Z,2026-07-22,35,24979,26829
2026-07-22T17:00:00Z,2026-07-22T16:30:00Z,2026-07-22,36,26348,28332
2026-07-22T17:30:00Z,2026-07-22T17:00:00Z,2026-07-22,37,27169,29173
2026-07-22T18:00:00Z,2026-07-22T17:30:00Z,2026-07-22,38,27845,29851
2026-07-22T18:30:00Z,2026-07-22T18:00:00Z,2026-07-22,39,28591,30594
2026-07-22T19:00:00Z,2026-07-22T18:30:00Z,2026-07-22,40,28356,30295
2026-07-22T19:30:00Z,2026-07-22T19:00:00Z,2026-07-22,41,27878,29790
2026-07-22T20:00:00Z,2026-07-22T19:30:00Z,2026-07-22,42,27844,29757
2026-07-22T20:30:00Z,2026-07-22T20:00:00Z,2026-07-22,43,27347,29267
2026-07-22T21:00:00Z,2026-07-22T20:30:00Z,2026-07-22,44,27092,29013
2026-07-22T21:30:00Z,2026-07-22T21:00:00Z,2026-07-22,45,26367,28289
2026-07-22T22:00:00Z,2026-07-22T21:30:00Z,2026-07-22,46,25340,27268
2026-07-22T22:30:00Z,2026-07-22T22:00:00Z,2026-07-22,47,24219,26074
2026-07-22T23:00:00Z,2026-07-22T22:30:00Z,2026-07-22,48,24093,25849
2026-07-22T23:30:00Z,2026-07-22T23:00:00Z,2026-07-23,1,24002,25720
2026-07-23T00:00:00Z,2026-07-22T23:30:00Z,2026-07-23,2,23263,24890
2026-07-23T00:30:00Z,2026-07-23T00:00:00Z,2026-07-23,3,23110,24870
2026-07-23T01:00:00Z,2026-07-23T00:30:00Z,2026-07-23,4,22616,24373
2026-07-23T01:30:00Z,2026-07-23T01:00:00Z,2026-07-23,5,22046,24206
2026-07-23T02:00:00Z,2026-07-23T01:30:00Z,2026-07-23,6,21607,23572
2026-07-23T02:30:00Z,2026-07-23T02:00:00Z,2026-07-23,7,21393,23559
2026-07-23T03:00:00Z,2026-07-23T02:30:00Z,2026-07-23,8,20943,23090
2026-07-23T03:30:00Z,2026-07-23T03:00:00Z,2026-07-23,9,20316,22064
2026-07-23T04:00:00Z,2026-07-23T03:30:00Z,2026-07-23,10,19930,21714
2026-07-23T04:30:00Z,2026-07-23T04:00:00Z,2026-07-23,11,19851,21925
2026-07-23T05:00:00Z,2026-07-23T04:30:00Z,2026-07-23,12,20058,22347
2026-07-23T05:30:00Z,2026-07-23T05:00:00Z,2026-07-23,13,21368,23526
2026-07-23T06:00:00Z,2026-07-23T05:30:00Z,2026-07-23,14,22383,24344
2026-07-23T06:30:00Z,2026-07-23T06:00:00Z,2026-07-23,15,23700,25769
2026-07-23T07:00:00Z,2026-07-23T06:30:00Z,2026-07-23,16,24004,25981
2026-07-23T07:30:00Z,2026-07-23T07:00:00Z,2026-07-23,17,24832,26637
2026-07-23T08:00:00Z,2026-07-23T07:30:00Z,2026-07-23,18,24544,26366
2026-07-23T08:30:00Z,2026-07-23T08:00:00Z,2026-07-23,19,23921,25744
2026-07-23T09:00:00Z,2026-07-23T08:30:00Z,2026-07-23,20,23174,24874
2026-07-23T09:30:00Z,2026-07-23T09:00:00Z,2026-07-23,21,22792,24565
2026-07-23T10:00:00Z,2026-07-23T09:30:00Z,2026-07-23,22,22394,24244
2026-07-23T10:30:00Z,2026-07-23T10:00:00Z,2026-07-23,23,22373,24141
2026-07-23T11:00:00Z,2026-07-23T10:30:00Z,2026-07-23,24,22299,23927
2026-07-23T11:30:00Z,2026-07-23T11:00:00Z,2026-07-23,25,22210,24005
2026-07-23T12:00:00Z,2026-07-23T11:30:00Z,2026-07-23,26,22094,23902
2026-07-23T12:30:00Z,2026-07-23T12:00:00Z,2026-07-23,27,22252,24006
2026-07-23T13:00:00Z,2026-07-23T12:30:00Z,2026-07-23,28,22072,23916
2026-07-23T13:30:00Z,2026-07-23T13:00:00Z,2026-07-23,29,22162,24109
2026-07-23T14:00:00Z,2026-07-23T13:30:00Z,2026-07-23,30,21924,24043
2026-07-23T14:30:00Z,2026-07-23T14:00:00Z,2026-07-23,31,22089,24025
2026-07-23T15:00:00Z,2026-07-23T14:30:00Z,2026-07-23,32,22207,23892
2026-07-23T15:30:00Z,2026-07-23T15:00:00Z,2026-07-23,33,22705,24458
2026-07-23T16:00:00Z,2026-07-23T15:30:00Z,2026-07-23,34,23528,25314
2026-07-23T16:30:00Z,2026-07-23T16:00:00Z,2026-07-23,35,24521,26244
2026-07-23T17:00:00Z,2026-07-23T16:30:00Z,2026-07-23,36,25704,27493
2026-07-23T17:30:00Z,2026-07-23T17:00:00Z,2026-07-23,37,26476,28327
2026-07-23T18:00:00Z,2026-07-23T17:30:00Z,2026-07-23,38,26953,28910
2026-07-23T18:30:00Z,2026-07-23T18:00:00Z,2026-07-23,39,27807,29560
2026-07-23T19:00:00Z,2026-07-23T18:30:00Z,2026-07-23,40,28258,30028
2026-07-23T19:30:00Z,2026-07-23T19:00:00Z,2026-07-23,41,27807,29562
2026-07-23T20:00:00Z,2026-07-23T19:30:00Z,2026-07-23,42,27657,29462
2026-07-23T20:30:00Z,2026-07-23T20:00:00Z,2026-07-23,43,26978,28782
2026-07-23T21:00:00Z,2026-07-23T20:30:00Z,2026-07-23,44,26855,28645
2026-07-23T21:30:00Z,2026-07-23T21:00:00Z,2026-07-23,45,25942,27841
2026-07-23T22:00:00Z,2026-07-23T21:30:00Z,2026-07-23,46,24973,26973
2026-07-23T22:30:00Z,2026-07-23T22:00:00Z,2026-07-23,47,24099,26106
2026-07-23T23:00:00Z,2026-07-23T22:30:00Z,2026-07-23,48,23121,25144
2026-07-23T23:30:00Z,2026-07-23T23:00:00Z,2026-07-24,1,22850,24887
2026-07-24T00:00:00Z,2026-07-23T23:30:00Z,2026-07-24,2,22484,24481
2026-07-24T00:30:00Z,2026-07-24T00:00:00Z,2026-07-24,3,22185,24119
2026-07-24T01:00:00Z,2026-07-24T00:30:00Z,2026-07-24,4,21816,23671
2026-07-24T01:30:00Z,2026-07-24T01:00:00Z,2026-07-24,5,21243,23162
2026-07-24T02:00:00Z,2026-07-24T01:30:00Z,2026-07-24,6,21054,22920
2026-07-24T02:30:00Z,2026-07-24T02:00:00Z,2026-07-24,7,20709,22615
2026-07-24T03:00:00Z,2026-07-24T02:30:00Z,2026-07-24,8,20164,21997
2026-07-24T03:30:00Z,2026-07-24T03:00:00Z,2026-07-24,9,19664,22258
2026-07-24T04:00:00Z,2026-07-24T03:30:00Z,2026-07-24,10,19426,21945
2026-07-24T04:30:00Z,2026-07-24T04:00:00Z,2026-07-24,11,19046,22077
2026-07-24T05:00:00Z,2026-07-24T04:30:00Z,2026-07-24,12,19290,22302
2026-07-24T05:30:00Z,2026-07-24T05:00:00Z,2026-07-24,13,20640,22831
2026-07-24T06:00:00Z,2026-07-24T05:30:00Z,2026-07-24,14,21093,23360
2026-07-24T06:30:00Z,2026-07-24T06:00:00Z,2026-07-24,15,22807,24733
2026-07-24T07:00:00Z,2026-07-24T06:30:00Z,2026-07-24,16,23183,25197
2026-07-24T07:30:00Z,2026-07-24T07:00:00Z,2026-07-24,17,23606,25611
2026-07-24T08:00:00Z,2026-07-24T07:30:00Z,2026-07-24,18,22954,24858
2026-07-24T08:30:00Z,2026-07-24T08:00:00Z,2026-07-24,19,22320,24102
2026-07-24T09:00:00Z,2026-07-24T08:30:00Z,2026-07-24,20,21502,23341
2026-07-24T09:30:00Z,2026-07-24T09:00:00Z,2026-07-24,21,20623,23185
2026-07-24T10:00:00Z,2026-07-24T09:30:00Z,2026-07-24,22,19840,22646
2026-07-24T10:30:00Z,2026-07-24T10:00:00Z,2026-07-24,23,19072,21933
2026-07-24T11:00:00Z,2026-07-24T10:30:00Z,2026-07-24,24,18849,21900
2026-07-24T11:30:00Z,2026-07-24T11:00:00Z,2026-07-24,25,18680,21615
2026-07-24T12:00:00Z,2026-07-24T11:30:00Z,2026-07-24,26,18215,21201
2026-07-24T12:30:00Z,2026-07-24T12:00:00Z,2026-07-24,27,17903,20879
2026-07-24T13:00:00Z,2026-07-24T12:30:00Z,2026-07-24,28,17561,20543
2026-07-24T13:30:00Z,2026-07-24T13:00:00Z,2026-07-24,29,17900,20697
2026-07-24T14:00:00Z,2026-07-24T13:30:00Z,2026-07-24,30,18022,20907
2026-07-24T14:30:00Z,2026-07-24T14:00:00Z,2026-07-24,31,18248,21045
2026-07-24T15:00:00Z,2026-07-24T14:30:00Z,2026-07-24,32,18812,21587
2026-07-24T15:30:00Z,2026-07-24T15:00:00Z,2026-07-24,33,19776,22311
2026-07-24T16:00:00Z,2026-07-24T15:30:00Z,2026-07-24,34,20841,22885
2026-07-24T16:30:00Z,2026-07-24T16:00:00Z,2026-07-24,35,21993,23631
2026-07-24T17:00:00Z,2026-07-24T16:30:00Z,2026-07-24,36,23709,25235
2026-07-24T17:30:00Z,2026-07-24T17:00:00Z,2026-07-24,37,24408,26297
2026-07-24T18:00:00Z,2026-07-24T17:30:00Z,2026-07-24,38,25093,27185
2026-07-24T18:30:00Z,2026-07-24T18:00:00Z,2026-07-24,39,25737,28184
2026-07-24T19:00:00Z,2026-07-24T18:30:00Z,2026-07-24,40,25984,28535
2026-07-24T19:30:00Z,2026-07-24T19:00:00Z,2026-07-24,41,26037,28846
2026-07-24T20:00:00Z,2026-07-24T19:30:00Z,2026-07-24,42,26037,28901
2026-07-24T20:30:00Z,2026-07-24T20:00:00Z,2026-07-24,43,26283,28422
2026-07-24T21:00:00Z,2026-07-24T20:30:00Z,2026-07-24,44,26163,28294
2026-07-24T21:30:00Z,2026-07-24T21:00:00Z,2026-07-24,45,25184,27531
2026-07-24T22:00:00Z,2026-07-24T21:30:00Z,2026-07-24,46,24253,26639
2026-07-24T22:30:00Z,2026-07-24T22:00:00Z,2026-07-24,47,23015,25641
2026-07-24T23:00:00Z,2026-07-24T22:30:00Z,2026-07-24,48,22540,25091
2026-07-24T23:30:00Z,2026-07-24T23:00:00Z,2026-07-25,1,22117,24077
2026-07-25T00:00:00Z,2026-07-24T23:30:00Z,2026-07-25,2,21444,23273
2026-07-25T00:30:00Z,2026-07-25T00:00:00Z,2026-07-25,3,21038,22732
2026-07-25T01:00:00Z,2026-07-25T00:30:00Z,2026-07-25,4,20645,22417
2026-07-25T01:30:00Z,2026-07-25T01:00:00Z,2026-07-25,5,20007,22652
2026-07-25T02:00:00Z,2026-07-25T01:30:00Z,2026-07-25,6,19547,22194
2026-07-25T02:30:00Z,2026-07-25T02:00:00Z,2026-07-25,7,18768,21890
2026-07-25T03:00:00Z,2026-07-25T02:30:00Z,2026-07-25,8,18456,21477
2026-07-25T03:30:00Z,2026-07-25T03:00:00Z,2026-07-25,9,17952,21794
2026-07-25T04:00:00Z,2026-07-25T03:30:00Z,2026-07-25,10,17863,21639
2026-07-25T04:30:00Z,2026-07-25T04:00:00Z,2026-07-25,11,17406,21237
2026-07-25T05:00:00Z,2026-07-25T04:30:00Z,2026-07-25,12,17163,20897
2026-07-25T05:30:00Z,2026-07-25T05:00:00Z,2026-07-25,13,17735,19966
2026-07-25T06:00:00Z,2026-07-25T05:30:00Z,2026-07-25,14,17700,20444
2026-07-25T06:30:00Z,2026-07-25T06:00:00Z,2026-07-25,15,18166,21055
2026-07-25T07:00:00Z,2026-07-25T06:30:00Z,2026-07-25,16,18019,21033
2026-07-25T07:30:00Z,2026-07-25T07:00:00Z,2026-07-25,17,17957,21091
2026-07-25T08:00:00Z,2026-07-25T07:30:00Z,2026-07-25,18,17361,20658
2026-07-25T08:30:00Z,2026-07-25T08:00:00Z,2026-07-25,19,16897,20003
2026-07-25T09:00:00Z,2026-07-25T08:30:00Z,2026-07-25,20,16190,19778
2026-07-25T09:30:00Z,2026-07-25T09:00:00Z,2026-07-25,21,15758,19418
2026-07-25T10:00:00Z,2026-07-25T09:30:00Z,2026-07-25,22,15246,19235
2026-07-25T10:30:00Z,2026-07-25T10:00:00Z,2026-07-25,23,15060,19175
2026-07-25T11:00:00Z,2026-07-25T10:30:00Z,2026-07-25,24,14936,19093
2026-07-25T11:30:00Z,2026-07-25T11:00:00Z,2026-07-25,25,14689,18978
2026-07-25T12:00:00Z,2026-07-25T11:30:00Z,2026-07-25,26,14543,18685
2026-07-25T12:30:00Z,2026-07-25T12:00:00Z,2026-07-25,27,14540,18645
2026-07-25T13:00:00Z,2026-07-25T12:30:00Z,2026-07-25,28,14495,18595
2026-07-25T13:30:00Z,2026-07-25T13:00:00Z,2026-07-25,29,14679,18572
2026-07-25T14:00:00Z,2026-07-25T13:30:00Z,2026-07-25,30,15120,18896
2026-07-25T14:30:00Z,2026-07-25T14:00:00Z,2026-07-25,31,15894,19201
2026-07-25T15:00:00Z,2026-07-25T14:30:00Z,2026-07-25,32,16517,19794
2026-07-25T15:30:00Z,2026-07-25T15:00:00Z,2026-07-25,33,17859,20785
2026-07-25T16:00:00Z,2026-07-25T15:30:00Z,2026-07-25,34,19156,22005
2026-07-25T16:30:00Z,2026-07-25T16:00:00Z,2026-07-25,35,20930,23772
2026-07-25T17:00:00Z,2026-07-25T16:30:00Z,2026-07-25,36,22408,24908
2026-07-25T17:30:00Z,2026-07-25T17:00:00Z,2026-07-25,37,23310,25515
2026-07-25T18:00:00Z,2026-07-25T17:30:00Z,2026-07-25,38,23628,25725
2026-07-25T18:30:00Z,2026-07-25T18:00:00Z,2026-07-25,39,24170,26113
2026-07-25T19:00:00Z,2026-07-25T18:30:00Z,2026-07-25,40,24433,26308
2026-07-25T19:30:00Z,2026-07-25T19:00:00Z,2026-07-25,41,24915,26593
2026-07-25T20:00:00Z,2026-07-25T19:30:00Z,2026-07-25,42,24854,26389
2026-07-25T20:30:00Z,2026-07-25T20:00:00Z,2026-07-25,43,24670,25972
2026-07-25T21:00:00Z,2026-07-25T20:30:00Z,2026-07-25,44,24618,25689
2026-07-25T21:30:00Z,2026-07-25T21:00:00Z,2026-07-25,45,23864,24854
2026-07-25T22:00:00Z,2026-07-25T21:30:00Z,2026-07-25,46,23252,24022
2026-07-25T22:30:00Z,2026-07-25T22:00:00Z,2026-07-25,47,22425,23261
2026-07-25T23:00:00Z,2026-07-25T22:30:00Z,2026-07-25,48,21847,22778
2026-07-25T23:30:00Z,2026-07-25T23:00:00Z,2026-07-26,1,21395,22143
2026-07-26T00:00:00Z,2026-07-25T23:30:00Z,2026-07-26,2,21018,21824
2026-07-26T00:30:00Z,2026-07-26T00:00:00Z,2026-07-26,3,20485,21137
2026-07-26T01:00:00Z,2026-07-26T00:30:00Z,2026-07-26,4,20355,21018
2026-07-26T01:30:00Z,2026-07-26T01:00:00Z,2026-07-26,5,19196,19710
2026-07-26T02:00:00Z,2026-07-26T01:30:00Z,2026-07-26,6,18798,19329
2026-07-26T02:30:00Z,2026-07-26T02:00:00Z,2026-07-26,7,18119,19583
2026-07-26T03:00:00Z,2026-07-26T02:30:00Z,2026-07-26,8,17832,19525
2026-07-26T03:30:00Z,2026-07-26T03:00:00Z,2026-07-26,9,17491,19249
2026-07-26T04:00:00Z,2026-07-26T03:30:00Z,2026-07-26,10,17171,19159
2026-07-26T04:30:00Z,2026-07-26T04:00:00Z,2026-07-26,11,16687,19561
2026-07-26T05:00:00Z,2026-07-26T04:30:00Z,2026-07-26,12,16470,19581
2026-07-26T05:30:00Z,2026-07-26T05:00:00Z,2026-07-26,13,16800,18488
2026-07-26T06:00:00Z,2026-07-26T05:30:00Z,2026-07-26,14,16859,18651
2026-07-26T06:30:00Z,2026-07-26T06:00:00Z,2026-07-26,15,16914,19923
2026-07-26T07:00:00Z,2026-07-26T06:30:00Z,2026-07-26,16,17213,20184
2026-07-26T07:30:00Z,2026-07-26T07:00:00Z,2026-07-26,17,17825,19741
2026-07-26T08:00:00Z,2026-07-26T07:30:00Z,2026-07-26,18,17890,19756
2026-07-26T08:30:00Z,2026-07-26T08:00:00Z,2026-07-26,19,17730,19428
2026-07-26T09:00:00Z,2026-07-26T08:30:00Z,2026-07-26,20,17827,19537
2026-07-26T09:30:00Z,2026-07-26T09:00:00Z,2026-07-26,21,17542,19811
2026-07-26T10:00:00Z,2026-07-26T09:30:00Z,2026-07-26,22,17344,19711
2026-07-26T10:30:00Z,2026-07-26T10:00:00Z,2026-07-26,23,16794,19978
2026-07-26T11:00:00Z,2026-07-26T10:30:00Z,2026-07-26,24,15989,19073
2026-07-26T11:30:00Z,2026-07-26T11:00:00Z,2026-07-26,25,16355,19427
2026-07-26T12:00:00Z,2026-07-26T11:30:00Z,2026-07-26,26,15961,19191
2026-07-26T12:30:00Z,2026-07-26T12:00:00Z,2026-07-26,27,15730,19002
2026-07-26T13:00:00Z,2026-07-26T12:30:00Z,2026-07-26,28,15474,18751
2026-07-26T13:30:00Z,2026-07-26T13:00:00Z,2026-07-26,29,15387,19038
2026-07-26T14:00:00Z,2026-07-26T13:30:00Z,2026-07-26,30,15179,18971
2026-07-26T14:30:00Z,2026-07-26T14:00:00Z,2026-07-26,31,15561,19000
2026-07-26T15:00:00Z,2026-07-26T14:30:00Z,2026-07-26,32,16235,19275
2026-07-26T15:30:00Z,2026-07-26T15:00:00Z,2026-07-26,33,17141,19456
2026-07-26T16:00:00Z,2026-07-26T15:30:00Z,2026-07-26,34,18557,20263
2026-07-26T16:30:00Z,2026-07-26T16:00:00Z,2026-07-26,35,19491,20506
2026-07-26T17:00:00Z,2026-07-26T16:30:00Z,2026-07-26,36,20857,21626
2026-07-26T17:30:00Z,2026-07-26T17:00:00Z,2026-07-26,37,21870,22868
2026-07-26T18:00:00Z,2026-07-26T17:30:00Z,2026-07-26,38,23201,24328
2026-07-26T18:30:00Z,2026-07-26T18:00:00Z,2026-07-26,39,23702,24705
2026-07-26T19:00:00Z,2026-07-26T18:30:00Z,2026-07-26,40,23641,24879
2026-07-26T19:30:00Z,2026-07-26T19:00:00Z,2026-07-26,41,24009,25334
2026-07-26T20:00:00Z,2026-07-26T19:30:00Z,2026-07-26,42,23782,25389
2026-07-26T20:30:00Z,2026-07-26T20:00:00Z,2026-07-26,43,23593,25358
2026-07-26T21:00:00Z,2026-07-26T20:30:00Z,2026-07-26,44,23173,25005
2026-07-26T21:30:00Z,2026-07-26T21:00:00Z,2026-07-26,45,22665,24389
2026-07-26T22:00:00Z,2026-07-26T21:30:00Z,2026-07-26,46,21851,23574
2026-07-26T22:30:00Z,2026-07-26T22:00:00Z,2026-07-26,47,20736,22604
2026-07-26T23:00:00Z,2026-07-26T22:30:00Z,2026-07-26,48,20321,22428
2026-07-26T23:30:00Z,2026-07-26T23:00:00Z,2026-07-27,1,20760,22905
2026-07-27T00:00:00Z,2026-07-26T23:30:00Z,2026-07-27,2,20288,22480
2026-07-27T00:30:00Z,2026-07-27T00:00:00Z,2026-07-27,3,20033,22616
2026-07-27T01:00:00Z,2026-07-27T00:30:00Z,2026-07-27,4,20211,22847
2026-07-27T01:30:00Z,2026-07-27T01:00:00Z,2026-07-27,5,19656,22299
2026-07-27T02:00:00Z,2026-07-27T01:30:00Z,2026-07-27,6,19427,22079
2026-07-27T02:30:00Z,2026-07-27T02:00:00Z,2026-07-27,7,18827,21550
2026-07-27T03:00:00Z,2026-07-27T02:30:00Z,2026-07-27,8,18544,21327
2026-07-27T03:30:00Z,2026-07-27T03:00:00Z,2026-07-27,9,18586,20891
2026-07-27T04:00:00Z,2026-07-27T03:30:00Z,2026-07-27,10,18247,20456
2026-07-27T04:30:00Z,2026-07-27T04:00:00Z,2026-07-27,11,18201,20135
2026-07-27T05:00:00Z,2026-07-27T04:30:00Z,2026-07-27,12,18562,20066
2026-07-27T05:30:00Z,2026-07-27T05:00:00Z,2026-07-27,13,19982,21261
2026-07-27T06:00:00Z,2026-07-27T05:30:00Z,2026-07-27,14,21084,22514
2026-07-27T06:30:00Z,2026-07-27T06:00:00Z,2026-07-27,15,22098,23536
2026-07-27T07:00:00Z,2026-07-27T06:30:00Z,2026-07-27,16,22258,23853
2026-07-27T07:30:00Z,2026-07-27T07:00:00Z,2026-07-27,17,22639,24230
2026-07-27T08:00:00Z,2026-07-27T07:30:00Z,2026-07-27,18,22765,24426
2026-07-27T08:30:00Z,2026-07-27T08:00:00Z,2026-07-27,19,22867,24603
2026-07-27T09:00:00Z,2026-07-27T08:30:00Z,2026-07-27,20,22942,24532
2026-07-27T09:30:00Z,2026-07-27T09:00:00Z,2026-07-27,21,22940,24305
2026-07-27T10:00:00Z,2026-07-27T09:30:00Z,2026-07-27,22,22460,23767
2026-07-27T10:30:00Z,2026-07-27T10:00:00Z,2026-07-27,23,21797,23232
2026-07-27T11:00:00Z,2026-07-27T10:30:00Z,2026-07-27,24,21242,22765
2026-07-27T11:30:00Z,2026-07-27T11:00:00Z,2026-07-27,25,20600,22149
2026-07-27T12:00:00Z,2026-07-27T11:30:00Z,2026-07-27,26,19913,21393
2026-07-27T12:30:00Z,2026-07-27T12:00:00Z,2026-07-27,27,19318,20913
2026-07-27T13:00:00Z,2026-07-27T12:30:00Z,2026-07-27,28,18939,20667
2026-07-27T13:30:00Z,2026-07-27T13:00:00Z,2026-07-27,29,18894,20668
2026-07-27T14:00:00Z,2026-07-27T13:30:00Z,2026-07-27,30,18882,20810
2026-07-27T14:30:00Z,2026-07-27T14:00:00Z,2026-07-27,31,19119,21032
2026-07-27T15:00:00Z,2026-07-27T14:30:00Z,2026-07-27,32,19573,21254
2026-07-27T15:30:00Z,2026-07-27T15:00:00Z,2026-07-27,33,20666,22145
2026-07-27T16:00:00Z,2026-07-27T15:30:00Z,2026-07-27,34,22113,23592
2026-07-27T16:30:00Z,2026-07-27T16:00:00Z,2026-07-27,35,23889,25364
2026-07-27T17:00:00Z,2026-07-27T16:30:00Z,2026-07-27,36,25239,26783
2026-07-27T17:30:00Z,2026-07-27T17:00:00Z,2026-07-27,37,25991,27691
2026-07-27T18:00:00Z,2026-07-27T17:30:00Z,2026-07-27,38,27170,29019
2026-07-27T18:30:00Z,2026-07-27T18:00:00Z,2026-07-27,39,27967,29945
2026-07-27T19:00:00Z,2026-07-27T18:30:00Z,2026-07-27,40,28440,30323
2026-07-27T19:30:00Z,2026-07-27T19:00:00Z,2026-07-27,41,28179,29823
2026-07-27T20:00:00Z,2026-07-27T19:30:00Z,2026-07-27,42,27859,29599
2026-07-27T20:30:00Z,2026-07-27T20:00:00Z,2026-07-27,43,27488,29288
2026-07-27T21:00:00Z,2026-07-27T20:30:00Z,2026-07-27,44,26708,28385
2026-07-27T21:30:00Z,2026-07-27T21:00:00Z,2026-07-27,45,25448,27115
2026-07-27T22:00:00Z,2026-07-27T21:30:00Z,2026-07-27,46,24753,26351
2026-07-27T22:30:00Z,2026-07-27T22:00:00Z,2026-07-27,47,23493,24835
2026-07-27T23:00:00Z,2026-07-27T22:30:00Z,2026-07-27,48,23016,24050
2026-07-27T23:30:00Z,2026-07-27T23:00:00Z,2026-07-28,1,22711,23504
2026-07-28T00:00:00Z,2026-07-27T23:30:00Z,2026-07-28,2,22233,22800
2026-07-28T00:30:00Z,2026-07-28T00:00:00Z,2026-07-28,3,22200,22706
2026-07-28T01:00:00Z,2026-07-28T00:30:00Z,2026-07-28,4,21511,22017
2026-07-28T01:30:00Z,2026-07-28T01:00:00Z,2026-07-28,5,21249,21843
2026-07-28T02:00:00Z,2026-07-28T01:30:00Z,2026-07-28,6,20959,21474
2026-07-28T02:30:00Z,2026-07-28T02:00:00Z,2026-07-28,7,20119,20625
2026-07-28T03:00:00Z,2026-07-28T02:30:00Z,2026-07-28,8,19798,20304
2026-07-28T03:30:00Z,2026-07-28T03:00:00Z,2026-07-28,9,19415,20188
2026-07-28T04:00:00Z,2026-07-28T03:30:00Z,2026-07-28,10,19379,20196
2026-07-28T04:30:00Z,2026-07-28T04:00:00Z,2026-07-28,11,18824,20716
2026-07-28T05:00:00Z,2026-07-28T04:30:00Z,2026-07-28,12,19105,21005
2026-07-28T05:30:00Z,2026-07-28T05:00:00Z,2026-07-28,13,20417,21299
2026-07-28T06:00:00Z,2026-07-28T05:30:00Z,2026-07-28,14,21433,22276
2026-07-28T06:30:00Z,2026-07-28T06:00:00Z,2026-07-28,15,23109,23761
2026-07-28T07:00:00Z,2026-07-28T06:30:00Z,2026-07-28,16,23943,24826
2026-07-28T07:30:00Z,2026-07-28T07:00:00Z,2026-07-28,17,24682,25741
2026-07-28T08:00:00Z,2026-07-28T07:30:00Z,2026-07-28,18,24803,25953
2026-07-28T08:30:00Z,2026-07-28T08:00:00Z,2026-07-28,19,24838,26332
2026-07-28T09:00:00Z,2026-07-28T08:30:00Z,2026-07-28,20,23692,25167
2026-07-28T09:30:00Z,2026-07-28T09:00:00Z,2026-07-28,21,22785,24596
2026-07-28T10:00:00Z,2026-07-28T09:30:00Z,2026-07-28,22,22002,24213
2026-07-28T10:30:00Z,2026-07-28T10:00:00Z,2026-07-28,23,21396,23958
2026-07-28T11:00:00Z,2026-07-28T10:30:00Z,2026-07-28,24,21561,24273
2026-07-28T11:30:00Z,2026-07-28T11:00:00Z,2026-07-28,25,21596,24422
2026-07-28T12:00:00Z,2026-07-28T11:30:00Z,2026-07-28,26,21207,23938
2026-07-28T12:30:00Z,2026-07-28T12:00:00Z,2026-07-28,27,21344,23974
2026-07-28T13:00:00Z,2026-07-28T12:30:00Z,2026-07-28,28,21059,23843
2026-07-28T13:30:00Z,2026-07-28T13:00:00Z,2026-07-28,29,21214,23827
2026-07-28T14:00:00Z,2026-07-28T13:30:00Z,2026-07-28,30,21606,24126
2026-07-28T14:30:00Z,2026-07-28T14:00:00Z,2026-07-28,31,21755,24008
2026-07-28T15:00:00Z,2026-07-28T14:30:00Z,2026-07-28,32,22497,24040
2026-07-28T15:30:00Z,2026-07-28T15:00:00Z,2026-07-28,33,23577,24905
2026-07-28T16:00:00Z,2026-07-28T15:30:00Z,2026-07-28,34,25030,26146
2026-07-28T16:30:00Z,2026-07-28T16:00:00Z,2026-07-28,35,25627,26383
2026-07-28T17:00:00Z,2026-07-28T16:30:00Z,2026-07-28,36,27120,28040
2026-07-28T17:30:00Z,2026-07-28T17:00:00Z,2026-07-28,37,27273,29992
2026-07-28T18:00:00Z,2026-07-28T17:30:00Z,2026-07-28,38,27986,31004
2026-07-28T18:30:00Z,2026-07-28T18:00:00Z,2026-07-28,39,28274,31592
2026-07-28T19:00:00Z,2026-07-28T18:30:00Z,2026-07-28,40,28333,31688
2026-07-28T19:30:00Z,2026-07-28T19:00:00Z,2026-07-28,41,27996,31556
2026-07-28T20:00:00Z,2026-07-28T19:30:00Z,2026-07-28,42,27924,31604
2026-07-28T20:30:00Z,2026-07-28T20:00:00Z,2026-07-28,43,28118,30751
2026-07-28T21:00:00Z,2026-07-28T20:30:00Z,2026-07-28,44,27450,30195
2026-07-28T21:30:00Z,2026-07-28T21:00:00Z,2026-07-28,45,26530,29394
2026-07-28T22:00:00Z,2026-07-28T21:30:00Z,2026-07-28,46,25656,28521
2026-07-28T22:30:00Z,2026-07-28T22:00:00Z,2026-07-28,47,24778,27690
2026-07-28T23:00:00Z,2026-07-28T22:30:00Z,2026-07-28,48,23878,26605
2026-07-28T23:30:00Z,2026-07-28T23:00:00Z,2026-07-29,1,23492,25761
2026-07-29T00:00:00Z,2026-07-28T23:30:00Z,2026-07-29,2,22905,25150
2026-07-29T00:30:00Z,2026-07-29T00:00:00Z,2026-07-29,3,22797,24997
2026-07-29T01:00:00Z,2026-07-29T00:30:00Z,2026-07-29,4,22830,24974
2026-07-29T01:30:00Z,2026-07-29T01:00:00Z,2026-07-29,5,22298,24661
2026-07-29T02:00:00Z,2026-07-29T01:30:00Z,2026-07-29,6,22076,24496
2026-07-29T02:30:00Z,2026-07-29T02:00:00Z,2026-07-29,7,21597,24463
2026-07-29T03:00:00Z,2026-07-29T02:30:00Z,2026-07-29,8,21319,24098
2026-07-29T03:30:00Z,2026-07-29T03:00:00Z,2026-07-29,9,21374,24643
2026-07-29T04:00:00Z,2026-07-29T03:30:00Z,2026-07-29,10,21232,24404
2026-07-29T04:30:00Z,2026-07-29T04:00:00Z,2026-07-29,11,20779,24568
2026-07-29T05:00:00Z,2026-07-29T04:30:00Z,2026-07-29,12,20970,24681
2026-07-29T05:30:00Z,2026-07-29T05:00:00Z,2026-07-29,13,22284,24493
2026-07-29T06:00:00Z,2026-07-29T05:30:00Z,2026-07-29,14,23067,25342
2026-07-29T06:30:00Z,2026-07-29T06:00:00Z,2026-07-29,15,24519,26292
2026-07-29T07:00:00Z,2026-07-29T06:30:00Z,2026-07-29,16,24973,26766
2026-07-29T07:30:00Z,2026-07-29T07:00:00Z,2026-07-29,17,25880,27669
2026-07-29T08:00:00Z,2026-07-29T07:30:00Z,2026-07-29,18,25481,27271
2026-07-29T08:30:00Z,2026-07-29T08:00:00Z,2026-07-29,19,24672,26467
2026-07-29T09:00:00Z,2026-07-29T08:30:00Z,2026-07-29,20,24026,25820
2026-07-29T09:30:00Z,2026-07-29T09:00:00Z,2026-07-29,21,23195,25056
2026-07-29T10:00:00Z,2026-07-29T09:30:00Z,2026-07-29,22,22456,24358
2026-07-29T10:30:00Z,2026-07-29T10:00:00Z,2026-07-29,23,21937,23839
2026-07-29T11:00:00Z,2026-07-29T10:30:00Z,2026-07-29,24,21918,23819
2026-07-29T11:30:00Z,2026-07-29T11:00:00Z,2026-07-29,25,22283,24185
2026-07-29T12:00:00Z,2026-07-29T11:30:00Z,2026-07-29,26,22096,23998
2026-07-29T12:30:00Z,2026-07-29T12:00:00Z,2026-07-29,27,22324,24220
2026-07-29T13:00:00Z,2026-07-29T12:30:00Z,2026-07-29,28,22116,24015
2026-07-29T13:30:00Z,2026-07-29T13:00:00Z,2026-07-29,29,22181,24080
2026-07-29T14:00:00Z,2026-07-29T13:30:00Z,2026-07-29,30,22075,23979
2026-07-29T14:30:00Z,2026-07-29T14:00:00Z,2026-07-29,31,21935,23900
2026-07-29T15:00:00Z,2026-07-29T14:30:00Z,2026-07-29,32,22496,24460
2026-07-29T15:30:00Z,2026-07-29T15:00:00Z,2026-07-29,33,23172,25086
2026-07-29T16:00:00Z,2026-07-29T15:30:00Z,2026-07-29,34,24696,26594
2026-07-29T16:30:00Z,2026-07-29T16:00:00Z,2026-07-29,35,25572,27417
2026-07-29T17:00:00Z,2026-07-29T16:30:00Z,2026-07-29,36,26816,28664
2026-07-29T17:30:00Z,2026-07-29T17:00:00Z,2026-07-29,37,27467,30201
2026-07-29T18:00:00Z,2026-07-29T17:30:00Z,2026-07-29,38,27875,30671
2026-07-29T18:30:00Z,2026-07-29T18:00:00Z,2026-07-29,39,28598,31894
2026-07-29T19:00:00Z,2026-07-29T18:30:00Z,2026-07-29,40,29078,32243
2026-07-29T19:30:00Z,2026-07-29T19:00:00Z,2026-07-29,41,28858,31586
2026-07-29T20:00:00Z,2026-07-29T19:30:00Z,2026-07-29,42,28473,31156
2026-07-29T20:30:00Z,2026-07-29T20:00:00Z,2026-07-29,43,29409,31298
2026-07-29T21:00:00Z,2026-07-29T20:30:00Z,2026-07-29,44,28480,30519
2026-07-29T21:30:00Z,2026-07-29T21:00:00Z,2026-07-29,45,27587,29885
2026-07-29T22:00:00Z,2026-07-29T21:30:00Z,2026-07-29,46,26235,28501
2026-07-29T22:30:00Z,2026-07-29T22:00:00Z,2026-07-29,47,25008,26777
2026-07-29T23:00:00Z,2026-07-29T22:30:00Z,2026-07-29,48,24314,26154
2026-07-29T23:30:00Z,2026-07-29T23:00:00Z,2026-07-30,1,23767,25500
2026-07-30T00:00:00Z,2026-07-29T23:30:00Z,2026-07-30,2,23488,25066
2026-07-30T00:30:00Z,2026-07-30T00:00:00Z,2026-07-30,3,23003,24482
2026-07-30T01:00:00Z,2026-07-30T00:30:00Z,2026-07-30,4,22707,24113
2026-07-30T01:30:00Z,2026-07-30T01:00:00Z,2026-07-30,5,22421,23942
2026-07-30T02:00:00Z,2026-07-30T01:30:00Z,2026-07-30,6,22010,23446
2026-07-30T02:30:00Z,2026-07-30T02:00:00Z,2026-07-30,7,21337,22726
2026-07-30T03:00:00Z,2026-07-30T02:30:00Z,2026-07-30,8,21023,22423
2026-07-30T03:30:00Z,2026-07-30T03:00:00Z,2026-07-30,9,20905,22185
2026-07-30T04:00:00Z,2026-07-30T03:30:00Z,2026-07-30,10,20721,21978
2026-07-30T04:30:00Z,2026-07-30T04:00:00Z,2026-07-30,11,20439,22097
2026-07-30T05:00:00Z,2026-07-30T04:30:00Z,2026-07-30,12,20794,22481
2026-07-30T05:30:00Z,2026-07-30T05:00:00Z,2026-07-30,13,21980,23365
2026-07-30T06:00:00Z,2026-07-30T05:30:00Z,2026-07-30,14,22912,24463
2026-07-30T06:30:00Z,2026-07-30T06:00:00Z,2026-07-30,15,24348,26114
2026-07-30T07:00:00Z,2026-07-30T06:30:00Z,2026-07-30,16,24794,26638
2026-07-30T07:30:00Z,2026-07-30T07:00:00Z,2026-07-30,17,25149,26964
2026-07-30T08:00:00Z,2026-07-30T07:30:00Z,2026-07-30,18,24913,26587
2026-07-30T08:30:00Z,2026-07-30T08:00:00Z,2026-07-30,19,24649,26105
2026-07-30T09:00:00Z,2026-07-30T08:30:00Z,2026-07-30,20,24110,25380
2026-07-30T09:30:00Z,2026-07-30T09:00:00Z,2026-07-30,21,23988,25272
2026-07-30T10:00:00Z,2026-07-30T09:30:00Z,2026-07-30,22,23700,24872
2026-07-30T10:30:00Z,2026-07-30T10:00:00Z,2026-07-30,23,23134,24457
2026-07-30T11:00:00Z,2026-07-30T10:30:00Z,2026-07-30,24,22715,24496
2026-07-30T11:30:00Z,2026-07-30T11:00:00Z,2026-07-30,25,22343,24531
2026-07-30T12:00:00Z,2026-07-30T11:30:00Z,2026-07-30,26,22223,24481
2026-07-30T12:30:00Z,2026-07-30T12:00:00Z,2026-07-30,27,21679,24312
2026-07-30T13:00:00Z,2026-07-30T12:30:00Z,2026-07-30,28,21421,24340
2026-07-30T13:30:00Z,2026-07-30T13:00:00Z,2026-07-30,29,21709,24950
2026-07-30T14:00:00Z,2026-07-30T13:30:00Z,2026-07-30,30,21715,25305
2026-07-30T14:30:00Z,2026-07-30T14:00:00Z,2026-07-30,31,21472,24751
2026-07-30T15:00:00Z,2026-07-30T14:30:00Z,2026-07-30,32,21883,24835
2026-07-30T15:30:00Z,2026-07-30T15:00:00Z,2026-07-30,33,21971,23963
2026-07-30T16:00:00Z,2026-07-30T15:30:00Z,2026-07-30,34,23000,24877
2026-07-30T16:30:00Z,2026-07-30T16:00:00Z,2026-07-30,35,23703,26911
2026-07-30T17:00:00Z,2026-07-30T16:30:00Z,2026-07-30,36,25228,28725
2026-07-30T17:30:00Z,2026-07-30T17:00:00Z,2026-07-30,37,26510,29366
2026-07-30T18:00:00Z,2026-07-30T17:30:00Z,2026-07-30,38,27194,30081
2026-07-30T18:30:00Z,2026-07-30T18:00:00Z,2026-07-30,39,27701,30436
2026-07-30T19:00:00Z,2026-07-30T18:30:00Z,2026-07-30,40,27462,30385
2026-07-30T19:30:00Z,2026-07-30T19:00:00Z,2026-07-30,41,27601,30478
2026-07-30T20:00:00Z,2026-07-30T19:30:00Z,2026-07-30,42,27509,30349
2026-07-30T20:30:00Z,2026-07-30T20:00:00Z,2026-07-30,43,27710,30032
2026-07-30T21:00:00Z,2026-07-30T20:30:00Z,2026-07-30,44,26971,29251
2026-07-30T21:30:00Z,2026-07-30T21:00:00Z,2026-07-30,45,26482,28460
2026-07-30T22:00:00Z,2026-07-30T21:30:00Z,2026-07-30,46,25164,27144
2026-07-30T22:30:00Z,2026-07-30T22:00:00Z,2026-07-30,47,23881,25840
2026-07-30T23:00:00Z,2026-07-30T22:30:00Z,2026-07-30,48,23669,25625
2026-07-30T23:30:00Z,2026-07-30T23:00:00Z,2026-07-31,1,22682,24978
2026-07-31T00:00:00Z,2026-07-30T23:30:00Z,2026-07-31,2,22728,24968
2026-07-31T00:30:00Z,2026-07-31T00:00:00Z,2026-07-31,3,22022,24538
2026-07-31T01:00:00Z,2026-07-31T00:30:00Z,2026-07-31,4,22106,24678
2026-07-31T01:30:00Z,2026-07-31T01:00:00Z,2026-07-31,5,21463,25462
2026-07-31T02:00:00Z,2026-07-31T01:30:00Z,2026-07-31,6,21075,25018
2026-07-31T02:30:00Z,2026-07-31T02:00:00Z,2026-07-31,7,20686,25507
2026-07-31T03:00:00Z,2026-07-31T02:30:00Z,2026-07-31,8,20546,25280
2026-07-31T03:30:00Z,2026-07-31T03:00:00Z,2026-07-31,9,20236,24997
2026-07-31T04:00:00Z,2026-07-31T03:30:00Z,2026-07-31,10,19841,24610
2026-07-31T04:30:00Z,2026-07-31T04:00:00Z,2026-07-31,11,19654,24435
2026-07-31T05:00:00Z,2026-07-31T04:30:00Z,2026-07-31,12,19721,24571
2026-07-31T05:30:00Z,2026-07-31T05:00:00Z,2026-07-31,13,20970,25178
2026-07-31T06:00:00Z,2026-07-31T05:30:00Z,2026-07-31,14,21750,25928
2026-07-31T06:30:00Z,2026-07-31T06:00:00Z,2026-07-31,15,23118,25330
2026-07-31T07:00:00Z,2026-07-31T06:30:00Z,2026-07-31,16,23604,25702
2026-07-31T07:30:00Z,2026-07-31T07:00:00Z,2026-07-31,17,23860,25708
2026-07-31T08:00:00Z,2026-07-31T07:30:00Z,2026-07-31,18,23015,24854
2026-07-31T08:30:00Z,2026-07-31T08:00:00Z,2026-07-31,19,22143,23957
2026-07-31T09:00:00Z,2026-07-31T08:30:00Z,2026-07-31,20,20671,22434
2026-07-31T09:30:00Z,2026-07-31T09:00:00Z,2026-07-31,21,19946,21476
2026-07-31T10:00:00Z,2026-07-31T09:30:00Z,2026-07-31,22,19472,20790
2026-07-31T10:30:00Z,2026-07-31T10:00:00Z,2026-07-31,23,18823,20312
2026-07-31T11:00:00Z,2026-07-31T10:30:00Z,2026-07-31,24,18889,20585
2026-07-31T11:30:00Z,2026-07-31T11:00:00Z,2026-07-31,25,19167,20825
2026-07-31T12:00:00Z,2026-07-31T11:30:00Z,2026-07-31,26,18640,20326
2026-07-31T12:30:00Z,2026-07-31T12:00:00Z,2026-07-31,27,18078,19777
2026-07-31T13:00:00Z,2026-07-31T12:30:00Z,2026-07-31,28,18089,20047
2026-07-31T13:30:00Z,2026-07-31T13:00:00Z,2026-07-31,29,17774,19833
2026-07-31T14:00:00Z,2026-07-31T13:30:00Z,2026-07-31,30,16995,19110
2026-07-31T14:30:00Z,2026-07-31T14:00:00Z,2026-07-31,31,17602,19488
2026-07-31T15:00:00Z,2026-07-31T14:30:00Z,2026-07-31,32,17802,19497
2026-07-31T15:30:00Z,2026-07-31T15:00:00Z,2026-07-31,33,18268,19572
2026-07-31T16:00:00Z,2026-07-31T15:30:00Z,2026-07-31,34,19120,20419
2026-07-31T16:30:00Z,2026-07-31T16:00:00Z,2026-07-31,35,20014,23138
2026-07-31T17:00:00Z,2026-07-31T16:30:00Z,2026-07-31,36,21755,25088
2026-07-31T17:30:00Z,2026-07-31T17:00:00Z,2026-07-31,37,23301,26010
2026-07-31T18:00:00Z,2026-07-31T17:30:00Z,2026-07-31,38,24340,27124
2026-07-31T18:30:00Z,2026-07-31T18:00:00Z,2026-07-31,39,25791,28053
2026-07-31T19:00:00Z,2026-07-31T18:30:00Z,2026-07-31,40,26758,29177
2026-07-31T19:30:00Z,2026-07-31T19:00:00Z,2026-07-31,41,26278,28835
2026-07-31T20:00:00Z,2026-07-31T19:30:00Z,2026-07-31,42,26334,28825
2026-07-31T20:30:00Z,2026-07-31T20:00:00Z,2026-07-31,43,26172,28108
2026-07-31T21:00:00Z,2026-07-31T20:30:00Z,2026-07-31,44,25697,27722
2026-07-31T21:30:00Z,2026-07-31T21:00:00Z,2026-07-31,45,24759,26997
2026-07-31T22:00:00Z,2026-07-31T21:30:00Z,2026-07-31,46,23672,25923
2026-07-31T22:30:00Z,2026-07-31T22:00:00Z,2026-07-31,47,22490,25309
2026-07-31T23:00:00Z,2026-07-31T22:30:00Z,2026-07-31,48,21947,24792
2026-07-31T23:30:00Z,2026-07-31T23:00:00Z,2026-08-01,1,21529,24459
2026-08-01T00:00:00Z,2026-07-31T23:30:00Z,2026-08-01,2,21166,24020
2026-08-01T00:30:00Z,2026-08-01T00:00:00Z,2026-08-01,3,20868,23548
2026-08-01T01:00:00Z,2026-08-01T00:30:00Z,2026-08-01,4,20454,23080
2026-08-01T01:30:00Z,2026-08-01T01:00:00Z,2026-08-01,5,20189,22983
2026-08-01T02:00:00Z,2026-08-01T01:30:00Z,2026-08-01,6,19843,22585
2026-08-01T02:30:00Z,2026-08-01T02:00:00Z,2026-08-01,7,19965,22602
2026-08-01T03:00:00Z,2026-08-01T02:30:00Z,2026-08-01,8,19539,22068
2026-08-01T03:30:00Z,2026-08-01T03:00:00Z,2026-08-01,9,19139,21779
2026-08-01T04:00:00Z,2026-08-01T03:30:00Z,2026-08-01,10,18872,21482
2026-08-01T04:30:00Z,2026-08-01T04:00:00Z,2026-08-01,11,18557,20945
2026-08-01T05:00:00Z,2026-08-01T04:30:00Z,2026-08-01,12,18279,20605
2026-08-01T05:30:00Z,2026-08-01T05:00:00Z,2026-08-01,13,18948,20879
2026-08-01T06:00:00Z,2026-08-01T05:30:00Z,2026-08-01,14,19019,20818
2026-08-01T06:30:00Z,2026-08-01T06:00:00Z,2026-08-01,15,19420,21338
2026-08-01T07:00:00Z,2026-08-01T06:30:00Z,2026-08-01,16,18923,20854
2026-08-01T07:30:00Z,2026-08-01T07:00:00Z,2026-08-01,17,18764,20857
2026-08-01T08:00:00Z,2026-08-01T07:30:00Z,2026-08-01,18,17997,20131
2026-08-01T08:30:00Z,2026-08-01T08:00:00Z,2026-08-01,19,17346,19681
2026-08-01T09:00:00Z,2026-08-01T08:30:00Z,2026-08-01,20,16579,19259
2026-08-01T09:30:00Z,2026-08-01T09:00:00Z,2026-08-01,21,16037,18729
2026-08-01T10:00:00Z,2026-08-01T09:30:00Z,2026-08-01,22,15947,18807
2026-08-01T10:30:00Z,2026-08-01T10:00:00Z,2026-08-01,23,15778,18717
2026-08-01T11:00:00Z,2026-08-01T10:30:00Z,2026-08-01,24,15570,18580
2026-08-01T11:30:00Z,2026-08-01T11:00:00Z,2026-08-01,25,15379,18072
2026-08-01T12:00:00Z,2026-08-01T11:30:00Z,2026-08-01,26,15011,17702
2026-08-01T12:30:00Z,2026-08-01T12:00:00Z,2026-08-01,27,14608,17300
2026-08-01T13:00:00Z,2026-08-01T12:30:00Z,2026-08-01,28,14358,17227
2026-08-01T13:30:00Z,2026-08-01T13:00:00Z,2026-08-01,29,14011,16937
2026-08-01T14:00:00Z,2026-08-01T13:30:00Z,2026-08-01,30,14223,17159
2026-08-01T14:30:00Z,2026-08-01T14:00:00Z,2026-08-01,31,14081,17016
2026-08-01T15:00:00Z,2026-08-01T14:30:00Z,2026-08-01,32,14566,17491
2026-08-01T15:30:00Z,2026-08-01T15:00:00Z,2026-08-01,33,15294,17966
2026-08-01T16:00:00Z,2026-08-01T15:30:00Z,2026-08-01,34,16912,19309
2026-08-01T16:30:00Z,2026-08-01T16:00:00Z,2026-08-01,35,18480,20518
2026-08-01T17:00:00Z,2026-08-01T16:30:00Z,2026-08-01,36,19844,21966
2026-08-01T17:30:00Z,2026-08-01T17:00:00Z,2026-08-01,37,21016,23834
2026-08-01T18:00:00Z,2026-08-01T17:30:00Z,2026-08-01,38,22253,25099
2026-08-01T18:30:00Z,2026-08-01T18:00:00Z,2026-08-01,39,23100,26097
2026-08-01T19:00:00Z,2026-08-01T18:30:00Z,2026-08-01,40,23216,26203
2026-08-01T19:30:00Z,2026-08-01T19:00:00Z,2026-08-01,41,23925,26577
2026-08-01T20:00:00Z,2026-08-01T19:30:00Z,2026-08-01,42,24232,26870
2026-08-01T20:30:00Z,2026-08-01T20:00:00Z,2026-08-01,43,23884,26107
2026-08-01T21:00:00Z,2026-08-01T20:30:00Z,2026-08-01,44,23671,25871
2026-08-01T21:30:00Z,2026-08-01T21:00:00Z,2026-08-01,45,23555,25559
2026-08-01T22:00:00Z,2026-08-01T21:30:00Z,2026-08-01,46,22736,24741
2026-08-01T22:30:00Z,2026-08-01T22:00:00Z,2026-08-01,47,21971,23979
2026-08-01T23:00:00Z,2026-08-01T22:30:00Z,2026-08-01,48,21289,23302
2026-08-01T23:30:00Z,2026-08-01T23:00:00Z,2026-08-02,1,21237,23249
2026-08-02T00:00:00Z,2026-08-01T23:30:00Z,2026-08-02,2,20827,22840
2026-08-02T00:30:00Z,2026-08-02T00:00:00Z,2026-08-02,3,20494,22387
2026-08-02T01:00:00Z,2026-08-02T00:30:00Z,2026-08-02,4,20121,21975
2026-08-02T01:30:00Z,2026-08-02T01:00:00Z,2026-08-02,5,19776,21666
2026-08-02T02:00:00Z,2026-08-02T01:30:00Z,2026-08-02,6,19375,21147
2026-08-02T02:30:00Z,2026-08-02T02:00:00Z,2026-08-02,7,18759,20557
2026-08-02T03:00:00Z,2026-08-02T02:30:00Z,2026-08-02,8,18609,20283
2026-08-02T03:30:00Z,2026-08-02T03:00:00Z,2026-08-02,9,18299,19951
2026-08-02T04:00:00Z,2026-08-02T03:30:00Z,2026-08-02,10,18092,19724
2026-08-02T04:30:00Z,2026-08-02T04:00:00Z,2026-08-02,11,17941,19594
2026-08-02T05:00:00Z,2026-08-02T04:30:00Z,2026-08-02,12,17498,19069
2026-08-02T05:30:00Z,2026-08-02T05:00:00Z,2026-08-02,13,17682,19264
2026-08-02T06:00:00Z,2026-08-02T05:30:00Z,2026-08-02,14,17504,19005
2026-08-02T06:30:00Z,2026-08-02T06:00:00Z,2026-08-02,15,17637,19217
2026-08-02T07:00:00Z,2026-08-02T06:30:00Z,2026-08-02,16,17280,19052
2026-08-02T07:30:00Z,2026-08-02T07:00:00Z,2026-08-02,17,17310,18944
2026-08-02T08:00:00Z,2026-08-02T07:30:00Z,2026-08-02,18,16956,18636
2026-08-02T08:30:00Z,2026-08-02T08:00:00Z,2026-08-02,19,16702,18490
2026-08-02T09:00:00Z,2026-08-02T08:30:00Z,2026-08-02,20,16311,18060
2026-08-02T09:30:00Z,2026-08-02T09:00:00Z,2026-08-02,21,15699,17553
2026-08-02T10:00:00Z,2026-08-02T09:30:00Z,2026-08-02,22,15279,17056
2026-08-02T10:30:00Z,2026-08-02T10:00:00Z,2026-08-02,23,14959,16909
2026-08-02T11:00:00Z,2026-08-02T10:30:00Z,2026-08-02,24,15105,16959
2026-08-02T11:30:00Z,2026-08-02T11:00:00Z,2026-08-02,25,14922,16852
2026-08-02T12:00:00Z,2026-08-02T11:30:00Z,2026-08-02,26,14829,16782
2026-08-02T12:30:00Z,2026-08-02T12:00:00Z,2026-08-02,27,15144,17020
2026-08-02T13:00:00Z,2026-08-02T12:30:00Z,2026-08-02,28,15138,16869
2026-08-02T13:30:00Z,2026-08-02T13:00:00Z,2026-08-02,29,15375,17119
2026-08-02T14:00:00Z,2026-08-02T13:30:00Z,2026-08-02,30,15752,17518
2026-08-02T14:30:00Z,2026-08-02T14:00:00Z,2026-08-02,31,16413,18169
2026-08-02T15:00:00Z,2026-08-02T14:30:00Z,2026-08-02,32,17195,18993
2026-08-02T15:30:00Z,2026-08-02T15:00:00Z,2026-08-02,33,18664,20516
2026-08-02T16:00:00Z,2026-08-02T15:30:00Z,2026-08-02,34,20268,22171
2026-08-02T16:30:00Z,2026-08-02T16:00:00Z,2026-08-02,35,21671,23676
2026-08-02T17:00:00Z,2026-08-02T16:30:00Z,2026-08-02,36,22832,24847
2026-08-02T17:30:00Z,2026-08-02T17:00:00Z,2026-08-02,37,23736,25747
2026-08-02T18:00:00Z,2026-08-02T17:30:00Z,2026-08-02,38,24744,26747
2026-08-02T18:30:00Z,2026-08-02T18:00:00Z,2026-08-02,39,24841,26733
2026-08-02T19:00:00Z,2026-08-02T18:30:00Z,2026-08-02,40,25182,26937
2026-08-02T19:30:00Z,2026-08-02T19:00:00Z,2026-08-02,41,25321,27150
2026-08-02T20:00:00Z,2026-08-02T19:30:00Z,2026-08-02,42,25145,27013
2026-08-02T20:30:00Z,2026-08-02T20:00:00Z,2026-08-02,43,25270,27209
2026-08-02T21:00:00Z,2026-08-02T20:30:00Z,2026-08-02,44,25069,26884
2026-08-02T21:30:00Z,2026-08-02T21:00:00Z,2026-08-02,45,24271,25937
2026-08-02T22:00:00Z,2026-08-02T21:30:00Z,2026-08-02,46,23381,24979
2026-08-02T22:30:00Z,2026-08-02T22:00:00Z,2026-08-02,47,22622,24104
2026-08-02T23:00:00Z,2026-08-02T22:30:00Z,2026-08-02,48,22130,23453
2026-08-02T23:30:00Z,2026-08-02T23:00:00Z,2026-08-03,1,21656,22938
2026-08-03T00:00:00Z,2026-08-02T23:30:00Z,2026-08-03,2,21252,22414
2026-08-03T00:30:00Z,2026-08-03T00:00:00Z,2026-08-03,3,21457,22530
2026-08-03T01:00:00Z,2026-08-03T00:30:00Z,2026-08-03,4,20769,22085
2026-08-03T01:30:00Z,2026-08-03T01:00:00Z,2026-08-03,5,20677,22083
2026-08-03T02:00:00Z,2026-08-03T01:30:00Z,2026-08-03,6,19928,21355
2026-08-03T02:30:00Z,2026-08-03T02:00:00Z,2026-08-03,7,19742,21059
2026-08-03T03:00:00Z,2026-08-03T02:30:00Z,2026-08-03,8,19374,20602
2026-08-03T03:30:00Z,2026-08-03T03:00:00Z,2026-08-03,9,18832,20003
2026-08-03T04:00:00Z,2026-08-03T03:30:00Z,2026-08-03,10,18646,19802
2026-08-03T04:30:00Z,2026-08-03T04:00:00Z,2026-08-03,11,18598,20302
2026-08-03T05:00:00Z,2026-08-03T04:30:00Z,2026-08-03,12,18790,20522
2026-08-03T05:30:00Z,2026-08-03T05:00:00Z,2026-08-03,13,20187,21500
2026-08-03T06:00:00Z,2026-08-03T05:30:00Z,2026-08-03,14,20510,21873
2026-08-03T06:30:00Z,2026-08-03T06:00:00Z,2026-08-03,15,22526,23800
2026-08-03T07:00:00Z,2026-08-03T06:30:00Z,2026-08-03,16,23020,24423
2026-08-03T07:30:00Z,2026-08-03T07:00:00Z,2026-08-03,17,23560,25148
2026-08-03T08:00:00Z,2026-08-03T07:30:00Z,2026-08-03,18,23260,24789
2026-08-03T08:30:00Z,2026-08-03T08:00:00Z,2026-08-03,19,22648,24287
2026-08-03T09:00:00Z,2026-08-03T08:30:00Z,2026-08-03,20,21724,23355
2026-08-03T09:30:00Z,2026-08-03T09:00:00Z,2026-08-03,21,20624,22296
2026-08-03T10:00:00Z,2026-08-03T09:30:00Z,2026-08-03,22,19523,21095
2026-08-03T10:30:00Z,2026-08-03T10:00:00Z,2026-08-03,23,19517,21378
2026-08-03T11:00:00Z,2026-08-03T10:30:00Z,2026-08-03,24,19327,21236
2026-08-03T11:30:00Z,2026-08-03T11:00:00Z,2026-08-03,25,19293,21347
2026-08-03T12:00:00Z,2026-08-03T11:30:00Z,2026-08-03,26,19282,21545
2026-08-03T12:30:00Z,2026-08-03T12:00:00Z,2026-08-03,27,19681,21999
2026-08-03T13:00:00Z,2026-08-03T12:30:00Z,2026-08-03,28,19741,22065
2026-08-03T13:30:00Z,2026-08-03T13:00:00Z,2026-08-03,29,19942,21938
2026-08-03T14:00:00Z,2026-08-03T13:30:00Z,2026-08-03,30,20332,22627
2026-08-03T14:30:00Z,2026-08-03T14:00:00Z,2026-08-03,31,20896,22733
2026-08-03T15:00:00Z,2026-08-03T14:30:00Z,2026-08-03,32,21745,23136
2026-08-03T15:30:00Z,2026-08-03T15:00:00Z,2026-08-03,33,22417,23888
2026-08-03T16:00:00Z,2026-08-03T15:30:00Z,2026-08-03,34,24125,25559
2026-08-03T16:30:00Z,2026-08-03T16:00:00Z,2026-08-03,35,25661,27025
2026-08-03T17:00:00Z,2026-08-03T16:30:00Z,2026-08-03,36,26902,28362
2026-08-03T17:30:00Z,2026-08-03T17:00:00Z,2026-08-03,37,27755,28975
2026-08-03T18:00:00Z,2026-08-03T17:30:00Z,2026-08-03,38,28310,29672
2026-08-03T18:30:00Z,2026-08-03T18:00:00Z,2026-08-03,39,28284,30157
2026-08-03T19:00:00Z,2026-08-03T18:30:00Z,2026-08-03,40,28337,30226
2026-08-03T19:30:00Z,2026-08-03T19:00:00Z,2026-08-03,41,28061,29997
2026-08-03T20:00:00Z,2026-08-03T19:30:00Z,2026-08-03,42,27692,29657
2026-08-03T20:30:00Z,2026-08-03T20:00:00Z,2026-08-03,43,27699,29791
2026-08-03T21:00:00Z,2026-08-03T20:30:00Z,2026-08-03,44,26967,29033
2026-08-03T21:30:00Z,2026-08-03T21:00:00Z,2026-08-03,45,25760,27855
2026-08-03T22:00:00Z,2026-08-03T21:30:00Z,2026-08-03,46,24672,26805
2026-08-03T22:30:00Z,2026-08-03T22:00:00Z,2026-08-03,47,23355,25297
2026-08-03T23:00:00Z,2026-08-03T22:30:00Z,2026-08-03,48,22805,24606
2026-08-03T23:30:00Z,2026-08-03T23:00:00Z,2026-08-04,1,22576,24853
2026-08-04T00:00:00Z,2026-08-03T23:30:00Z,2026-08-04,2,22056,24322
2026-08-04T00:30:00Z,2026-08-04T00:00:00Z,2026-08-04,3,22275,24371
2026-08-04T01:00:00Z,2026-08-04T00:30:00Z,2026-08-04,4,22578,24575
2026-08-04T01:30:00Z,2026-08-04T01:00:00Z,2026-08-04,5,21970,24157
2026-08-04T02:00:00Z,2026-08-04T01:30:00Z,2026-08-04,6,21665,23809
2026-08-04T02:30:00Z,2026-08-04T02:00:00Z,2026-08-04,7,20720,23432
2026-08-04T03:00:00Z,2026-08-04T02:30:00Z,2026-08-04,8,20344,23050
2026-08-04T03:30:00Z,2026-08-04T03:00:00Z,2026-08-04,9,20028,23451
2026-08-04T04:00:00Z,2026-08-04T03:30:00Z,2026-08-04,10,19790,23199
2026-08-04T04:30:00Z,2026-08-04T04:00:00Z,2026-08-04,11,19749,23273
2026-08-04T05:00:00Z,2026-08-04T04:30:00Z,2026-08-04,12,19804,23403
2026-08-04T05:30:00Z,2026-08-04T05:00:00Z,2026-08-04,13,20976,23887
2026-08-04T06:00:00Z,2026-08-04T05:30:00Z,2026-08-04,14,21983,25022
2026-08-04T06:30:00Z,2026-08-04T06:00:00Z,2026-08-04,15,24101,26103
2026-08-04T07:00:00Z,2026-08-04T06:30:00Z,2026-08-04,16,24528,26767
2026-08-04T07:30:00Z,2026-08-04T07:00:00Z,2026-08-04,17,25722,28093
2026-08-04T08:00:00Z,2026-08-04T07:30:00Z,2026-08-04,18,25707,28105
2026-08-04T08:30:00Z,2026-08-04T08:00:00Z,2026-08-04,19,25778,28183
2026-08-04T09:00:00Z,2026-08-04T08:30:00Z,2026-08-04,20,25607,27965
2026-08-04T09:30:00Z,2026-08-04T09:00:00Z,2026-08-04,21,25330,27369
2026-08-04T10:00:00Z,2026-08-04T09:30:00Z,2026-08-04,22,25247,26974
2026-08-04T10:30:00Z,2026-08-04T10:00:00Z,2026-08-04,23,24912,26811
2026-08-04T11:00:00Z,2026-08-04T10:30:00Z,2026-08-04,24,24540,26511
2026-08-04T11:30:00Z,2026-08-04T11:00:00Z,2026-08-04,25,24399,26452
2026-08-04T12:00:00Z,2026-08-04T11:30:00Z,2026-08-04,26,23975,25972
2026-08-04T12:30:00Z,2026-08-04T12:00:00Z,2026-08-04,27,23879,25875
2026-08-04T13:00:00Z,2026-08-04T12:30:00Z,2026-08-04,28,23774,25593
2026-08-04T13:30:00Z,2026-08-04T13:00:00Z,2026-08-04,29,23565,25315
2026-08-04T14:00:00Z,2026-08-04T13:30:00Z,2026-08-04,30,23774,25413
2026-08-04T14:30:00Z,2026-08-04T14:00:00Z,2026-08-04,31,23818,25364
2026-08-04T15:00:00Z,2026-08-04T14:30:00Z,2026-08-04,32,23916,25367
2026-08-04T15:30:00Z,2026-08-04T15:00:00Z,2026-08-04,33,23992,25180
2026-08-04T16:00:00Z,2026-08-04T15:30:00Z,2026-08-04,34,25029,26231
2026-08-04T16:30:00Z,2026-08-04T16:00:00Z,2026-08-04,35,25505,28179
2026-08-04T17:00:00Z,2026-08-04T16:30:00Z,2026-08-04,36,26526,29397
2026-08-04T17:30:00Z,2026-08-04T17:00:00Z,2026-08-04,37,27384,29628
2026-08-04T18:00:00Z,2026-08-04T17:30:00Z,2026-08-04,38,27951,30138
2026-08-04T18:30:00Z,2026-08-04T18:00:00Z,2026-08-04,39,27810,30518
2026-08-04T19:00:00Z,2026-08-04T18:30:00Z,2026-08-04,40,28016,30711
2026-08-04T19:30:00Z,2026-08-04T19:00:00Z,2026-08-04,41,27533,30247
2026-08-04T20:00:00Z,2026-08-04T19:30:00Z,2026-08-04,42,27733,30444
2026-08-04T20:30:00Z,2026-08-04T20:00:00Z,2026-08-04,43,27572,29865
2026-08-04T21:00:00Z,2026-08-04T20:30:00Z,2026-08-04,44,27102,29413
2026-08-04T21:30:00Z,2026-08-04T21:00:00Z,2026-08-04,45,25900,29566
2026-08-04T22:00:00Z,2026-08-04T21:30:00Z,2026-08-04,46,25077,28847
2026-08-04T22:30:00Z,2026-08-04T22:00:00Z,2026-08-04,47,23035,27739
2026-08-04T23:00:00Z,2026-08-04T22:30:00Z,2026-08-04,48,21998,26742
2026-08-04T23:30:00Z,2026-08-04T23:00:00Z,2026-08-05,1,21303,25379
2026-08-05T00:00:00Z,2026-08-04T23:30:00Z,2026-08-05,2,20927,24971
2026-08-05T00:30:00Z,2026-08-05T00:00:00Z,2026-08-05,3,20945,23445
2026-08-05T01:00:00Z,2026-08-05T00:30:00Z,2026-08-05,4,20554,23005
2026-08-05T01:30:00Z,2026-08-05T01:00:00Z,2026-08-05,5,20443,22989
2026-08-05T02:00:00Z,2026-08-05T01:30:00Z,2026-08-05,6,20307,22791
2026-08-05T02:30:00Z,2026-08-05T02:00:00Z,2026-08-05,7,19725,22302
2026-08-05T03:00:00Z,2026-08-05T02:30:00Z,2026-08-05,8,19259,21804
2026-08-05T03:30:00Z,2026-08-05T03:00:00Z,2026-08-05,9,19167,22190
2026-08-05T04:00:00Z,2026-08-05T03:30:00Z,2026-08-05,10,19132,22157
2026-08-05T04:30:00Z,2026-08-05T04:00:00Z,2026-08-05,11,18981,22428
2026-08-05T05:00:00Z,2026-08-05T04:30:00Z,2026-08-05,12,19178,22631
2026-08-05T05:30:00Z,2026-08-05T05:00:00Z,2026-08-05,13,20703,22993
2026-08-05T06:00:00Z,2026-08-05T05:30:00Z,2026-08-05,14,21334,23536
2026-08-05T06:30:00Z,2026-08-05T06:00:00Z,2026-08-05,15,22640,23598
2026-08-05T07:00:00Z,2026-08-05T06:30:00Z,2026-08-05,16,23102,24218
2026-08-05T07:30:00Z,2026-08-05T07:00:00Z,2026-08-05,17,23417,24863
2026-08-05T08:00:00Z,2026-08-05T07:30:00Z,2026-08-05,18,23075,24762
2026-08-05T08:30:00Z,2026-08-05T08:00:00Z,2026-08-05,19,23157,25625
2026-08-05T09:00:00Z,2026-08-05T08:30:00Z,2026-08-05,20,22059,24891
2026-08-05T09:30:00Z,2026-08-05T09:00:00Z,2026-08-05,21,21563,25209
2026-08-05T10:00:00Z,2026-08-05T09:30:00Z,2026-08-05,22,21022,24778
2026-08-05T10:30:00Z,2026-08-05T10:00:00Z,2026-08-05,23,20342,24546
2026-08-05T11:00:00Z,2026-08-05T10:30:00Z,2026-08-05,24,19825,24131
2026-08-05T11:30:00Z,2026-08-05T11:00:00Z,2026-08-05,25,19649,24070
2026-08-05T12:00:00Z,2026-08-05T11:30:00Z,2026-08-05,26,19314,23779
2026-08-05T12:30:00Z,2026-08-05T12:00:00Z,2026-08-05,27,18552,23020
2026-08-05T13:00:00Z,2026-08-05T12:30:00Z,2026-08-05,28,17694,22159
2026-08-05T13:30:00Z,2026-08-05T13:00:00Z,2026-08-05,29,17656,22113
2026-08-05T14:00:00Z,2026-08-05T13:30:00Z,2026-08-05,30,17414,21865
2026-08-05T14:30:00Z,2026-08-05T14:00:00Z,2026-08-05,31,17374,21739
2026-08-05T15:00:00Z,2026-08-05T14:30:00Z,2026-08-05,32,17695,21820
2026-08-05T15:30:00Z,2026-08-05T15:00:00Z,2026-08-05,33,17832,21744
2026-08-05T16:00:00Z,2026-08-05T15:30:00Z,2026-08-05,34,19096,22585
2026-08-05T16:30:00Z,2026-08-05T16:00:00Z,2026-08-05,35,20254,23618
2026-08-05T17:00:00Z,2026-08-05T16:30:00Z,2026-08-05,36,21712,24975
2026-08-05T17:30:00Z,2026-08-05T17:00:00Z,2026-08-05,37,22541,25219
2026-08-05T18:00:00Z,2026-08-05T17:30:00Z,2026-08-05,38,23453,26292
2026-08-05T18:30:00Z,2026-08-05T18:00:00Z,2026-08-05,39,24143,28133
2026-08-05T19:00:00Z,2026-08-05T18:30:00Z,2026-08-05,40,24476,28713
2026-08-05T19:30:00Z,2026-08-05T19:00:00Z,2026-08-05,41,24424,29969
2026-08-05T20:00:00Z,2026-08-05T19:30:00Z,2026-08-05,42,24558,30294
2026-08-05T20:30:00Z,2026-08-05T20:00:00Z,2026-08-05,43,24661,30870
2026-08-05T21:00:00Z,2026-08-05T20:30:00Z,2026-08-05,44,24240,30477
2026-08-05T21:30:00Z,2026-08-05T21:00:00Z,2026-08-05,45,23156,29553
2026-08-05T22:00:00Z,2026-08-05T21:30:00Z,2026-08-05,46,22298,28765
2026-08-05T22:30:00Z,2026-08-05T22:00:00Z,2026-08-05,47,21059,28485
2026-08-05T23:00:00Z,2026-08-05T22:30:00Z,2026-08-05,48,20223,27513
2026-08-05T23:30:00Z,2026-08-05T23:00:00Z,2026-08-06,1,20093,27227
2026-08-06T00:00:00Z,2026-08-05T23:30:00Z,2026-08-06,2,19438,26447
2026-08-06T00:30:00Z,2026-08-06T00:00:00Z,2026-08-06,3,19345,25685
2026-08-06T01:00:00Z,2026-08-06T00:30:00Z,2026-08-06,4,19137,25485
2026-08-06T01:30:00Z,2026-08-06T01:00:00Z,2026-08-06,5,18828,24633
2026-08-06T02:00:00Z,2026-08-06T01:30:00Z,2026-08-06,6,18508,24340
2026-08-06T02:30:00Z,2026-08-06T02:00:00Z,2026-08-06,7,18219,23552
2026-08-06T03:00:00Z,2026-08-06T02:30:00Z,2026-08-06,8,18002,23242
2026-08-06T03:30:00Z,2026-08-06T03:00:00Z,2026-08-06,9,18149,23368
2026-08-06T04:00:00Z,2026-08-06T03:30:00Z,2026-08-06,10,17972,23185
2026-08-06T04:30:00Z,2026-08-06T04:00:00Z,2026-08-06,11,18183,24253
2026-08-06T05:00:00Z,2026-08-06T04:30:00Z,2026-08-06,12,18340,24483
2026-08-06T05:30:00Z,2026-08-06T05:00:00Z,2026-08-06,13,19664,25048
2026-08-06T06:00:00Z,2026-08-06T05:30:00Z,2026-08-06,14,20352,25592
2026-08-06T06:30:00Z,2026-08-06T06:00:00Z,2026-08-06,15,22043,24785
2026-08-06T07:00:00Z,2026-08-06T06:30:00Z,2026-08-06,16,22238,24894
2026-08-06T07:30:00Z,2026-08-06T07:00:00Z,2026-08-06,17,23097,25366
2026-08-06T08:00:00Z,2026-08-06T07:30:00Z,2026-08-06,18,22575,25141
2026-08-06T08:30:00Z,2026-08-06T08:00:00Z,2026-08-06,19,22216,25144
2026-08-06T09:00:00Z,2026-08-06T08:30:00Z,2026-08-06,20,22078,25057
2026-08-06T09:30:00Z,2026-08-06T09:00:00Z,2026-08-06,21,21770,24731
2026-08-06T10:00:00Z,2026-08-06T09:30:00Z,2026-08-06,22,21280,23998
2026-08-06T10:30:00Z,2026-08-06T10:00:00Z,2026-08-06,23,21969,24919
2026-08-06T11:00:00Z,2026-08-06T10:30:00Z,2026-08-06,24,21744,24710
2026-08-06T11:30:00Z,2026-08-06T11:00:00Z,2026-08-06,25,21980,23710
2026-08-06T13:18:00Z,2026-08-06T11:30:00Z,2026-08-06,26,21555,22461
2026-08-06T13:18:00Z,2026-08-06T12:00:00Z,2026-08-06,27,21332,24231
2026-08-06T13:18:00Z,2026-08-06T12:30:00Z,2026-08-06,28,21493,23778
2026-08-06T13:30:00Z,2026-08-06T13:00:00Z,2026-08-06,29,21256,23297
2026-08-06T14:00:00Z,2026-08-06T13:30:00Z,2026-08-06,30,20828,22884
2026-08-06T14:30:00Z,2026-08-06T14:00:00Z,2026-08-06,31,20998,22942
2026-08-06T15:00:00Z,2026-08-06T14:30:00Z,2026-08-06,32,21378,23435
2026-08-06T15:30:00Z,2026-08-06T15:00:00Z,2026-08-06,33,21981,23803
2026-08-06T16:00:00Z,2026-08-06T15:30:00Z,2026-08-06,34,22848,24881
2026-08-06T16:30:00Z,2026-08-06T16:00:00Z,2026-08-06,35,24642,26582
2026-08-06T17:00:00Z,2026-08-06T16:30:00Z,2026-08-06,36,25914,27926
2026-08-06T17:30:00Z,2026-08-06T17:00:00Z,2026-08-06,37,26983,28974
2026-08-06T18:00:00Z,2026-08-06T17:30:00Z,2026-08-06,38,27749,29752
2026-08-06T18:30:00Z,2026-08-06T18:00:00Z,2026-08-06,39,28485,30489
2026-08-06T19:00:00Z,2026-08-06T18:30:00Z,2026-08-06,40,28251,30255
2026-08-06T19:30:00Z,2026-08-06T19:00:00Z,2026-08-06,41,27712,29716
2026-08-06T20:00:00Z,2026-08-06T19:30:00Z,2026-08-06,42,27443,29444
2026-08-06T20:30:00Z,2026-08-06T20:00:00Z,2026-08-06,43,27046,28992
2026-08-06T21:00:00Z,2026-08-06T20:30:00Z,2026-08-06,44,26392,28390
2026-08-06T21:30:00Z,2026-08-06T21:00:00Z,2026-08-06,45,25014,27008
2026-08-06T22:00:00Z,2026-08-06T21:30:00Z,2026-08-06,46,23865,25842
2026-08-06T22:30:00Z,2026-08-06T22:00:00Z,2026-08-06,47,22712,24855
2026-08-06T23:00:00Z,2026-08-06T22:30:00Z,2026-08-06,48,22092,24012
2026-08-06T23:30:00Z,2026-08-06T23:00:00Z,2026-08-07,1,21875,24046
2026-08-07T00:00:00Z,2026-08-06T23:30:00Z,2026-08-07,2,21531,23610
2026-08-07T00:30:00Z,2026-08-07T00:00:00Z,2026-08-07,3,21299,23303
2026-08-07T01:00:00Z,2026-08-07T00:30:00Z,2026-08-07,4,21213,23171
2026-08-07T01:30:00Z,2026-08-07T01:00:00Z,2026-08-07,5,20585,22851
2026-08-07T02:00:00Z,2026-08-07T01:30:00Z,2026-08-07,6,19804,21973
2026-08-07T02:30:00Z,2026-08-07T02:00:00Z,2026-08-07,7,19505,22121
2026-08-07T03:00:00Z,2026-08-07T02:30:00Z,2026-08-07,8,19177,21807
2026-08-07T03:30:00Z,2026-08-07T03:00:00Z,2026-08-07,9,18614,21560
2026-08-07T04:00:00Z,2026-08-07T03:30:00Z,2026-08-07,10,18511,21472
2026-08-07T04:30:00Z,2026-08-07T04:00:00Z,2026-08-07,11,18428,21517
2026-08-07T05:00:00Z,2026-08-07T04:30:00Z,2026-08-07,12,18644,21838
2026-08-07T05:30:00Z,2026-08-07T05:00:00Z,2026-08-07,13,19702,22423
2026-08-07T06:00:00Z,2026-08-07T05:30:00Z,2026-08-07,14,20173,22815
2026-08-07T06:30:00Z,2026-08-07T06:00:00Z,2026-08-07,15,22017,23641
2026-08-07T07:00:00Z,2026-08-07T06:30:00Z,2026-08-07,16,21793,23578
2026-08-07T07:30:00Z,2026-08-07T07:00:00Z,2026-08-07,17,21669,23606
2026-08-07T08:00:00Z,2026-08-07T07:30:00Z,2026-08-07,18,21154,23080
2026-08-07T08:30:00Z,2026-08-07T08:00:00Z,2026-08-07,19,20465,22323
2026-08-07T09:00:00Z,2026-08-07T08:30:00Z,2026-08-07,20,19533,21742
2026-08-07T09:30:00Z,2026-08-07T09:00:00Z,2026-08-07,21,18996,21466
2026-08-07T10:00:00Z,2026-08-07T09:30:00Z,2026-08-07,22,18012,20838
2026-08-07T10:30:00Z,2026-08-07T10:00:00Z,2026-08-07,23,17395,20205
2026-08-07T11:00:00Z,2026-08-07T10:30:00Z,2026-08-07,24,17147,20062
2026-08-07T11:30:00Z,2026-08-07T11:00:00Z,2026-08-07,25,17224,20115
2026-08-07T12:00:00Z,2026-08-07T11:30:00Z,2026-08-07,26,16892,19880
2026-08-07T12:30:00Z,2026-08-07T12:00:00Z,2026-08-07,27,16727,19889
2026-08-07T13:00:00Z,2026-08-07T12:30:00Z,2026-08-07,28,16222,19892
2026-08-07T13:30:00Z,2026-08-07T13:00:00Z,2026-08-07,29,16385,20126
2026-08-07T14:00:00Z,2026-08-07T13:30:00Z,2026-08-07,30,16627,20508
2026-08-07T14:30:00Z,2026-08-07T14:00:00Z,2026-08-07,31,16463,19796
2026-08-07T15:00:00Z,2026-08-07T14:30:00Z,2026-08-07,32,16768,19838
2026-08-07T15:30:00Z,2026-08-07T15:00:00Z,2026-08-07,33,17598,19981
2026-08-07T16:00:00Z,2026-08-07T15:30:00Z,2026-08-07,34,19032,20991
2026-08-07T16:30:00Z,2026-08-07T16:00:00Z,2026-08-07,35,20523,23168
2026-08-07T17:00:00Z,2026-08-07T16:30:00Z,2026-08-07,36,22006,24825
2026-08-07T17:30:00Z,2026-08-07T17:00:00Z,2026-08-07,37,23358,26477
2026-08-07T18:00:00Z,2026-08-07T17:30:00Z,2026-08-07,38,24581,27761
2026-08-07T18:30:00Z,2026-08-07T18:00:00Z,2026-08-07,39,25457,28476
2026-08-07T19:00:00Z,2026-08-07T18:30:00Z,2026-08-07,40,25899,28887
2026-08-07T19:30:00Z,2026-08-07T19:00:00Z,2026-08-07,41,25762,28512
2026-08-07T20:00:00Z,2026-08-07T19:30:00Z,2026-08-07,42,25114,28043
2026-08-07T20:30:00Z,2026-08-07T20:00:00Z,2026-08-07,43,25092,27566
2026-08-07T21:00:00Z,2026-08-07T20:30:00Z,2026-08-07,44,24664,27154
2026-08-07T21:30:00Z,2026-08-07T21:00:00Z,2026-08-07,45,24400,27119
2026-08-07T22:00:00Z,2026-08-07T21:30:00Z,2026-08-07,46,23605,26221
2026-08-07T22:30:00Z,2026-08-07T22:00:00Z,2026-08-07,47,22662,26519
2026-08-07T23:00:00Z,2026-08-07T22:30:00Z,2026-08-07,48,21942,25909
2026-08-07T23:30:00Z,2026-08-07T23:00:00Z,2026-08-08,1,21488,24849
2026-08-08T00:00:00Z,2026-08-07T23:30:00Z,2026-08-08,2,20651,23918
2026-08-08T00:30:00Z,2026-08-08T00:00:00Z,2026-08-08,3,20630,23746
2026-08-08T01:00:00Z,2026-08-08T00:30:00Z,2026-08-08,4,20235,23250
2026-08-08T01:30:00Z,2026-08-08T01:00:00Z,2026-08-08,5,20012,23195
2026-08-08T02:00:00Z,2026-08-08T01:30:00Z,2026-08-08,6,19340,22434
2026-08-08T02:30:00Z,2026-08-08T02:00:00Z,2026-08-08,7,19037,22546
2026-08-08T03:00:00Z,2026-08-08T02:30:00Z,2026-08-08,8,18264,21661
2026-08-08T03:30:00Z,2026-08-08T03:00:00Z,2026-08-08,9,18249,21801
2026-08-08T04:00:00Z,2026-08-08T03:30:00Z,2026-08-08,10,18079,21628
2026-08-08T04:30:00Z,2026-08-08T04:00:00Z,2026-08-08,11,17897,21248
2026-08-08T05:00:00Z,2026-08-08T04:30:00Z,2026-08-08,12,17673,21115
2026-08-08T05:30:00Z,2026-08-08T05:00:00Z,2026-08-08,13,18422,20594
2026-08-08T06:00:00Z,2026-08-08T05:30:00Z,2026-08-08,14,18683,20792
2026-08-08T06:30:00Z,2026-08-08T06:00:00Z,2026-08-08,15,19052,20899
2026-08-08T07:00:00Z,2026-08-08T06:30:00Z,2026-08-08,16,18580,20436
2026-08-08T07:30:00Z,2026-08-08T07:00:00Z,2026-08-08,17,18555,20411
2026-08-08T08:00:00Z,2026-08-08T07:30:00Z,2026-08-08,18,17832,20321
2026-08-08T08:30:00Z,2026-08-08T08:00:00Z,2026-08-08,19,17540,20422
2026-08-08T09:00:00Z,2026-08-08T08:30:00Z,2026-08-08,20,16765,19869
2026-08-08T09:30:00Z,2026-08-08T09:00:00Z,2026-08-08,21,16167,19334
2026-08-08T10:00:00Z,2026-08-08T09:30:00Z,2026-08-08,22,15580,18773
2026-08-08T10:30:00Z,2026-08-08T10:00:00Z,2026-08-08,23,14613,18100
2026-08-08T11:00:00Z,2026-08-08T10:30:00Z,2026-08-08,24,14229,17784
2026-08-08T11:30:00Z,2026-08-08T11:00:00Z,2026-08-08,25,13740,17677
2026-08-08T12:00:00Z,2026-08-08T11:30:00Z,2026-08-08,26,13549,17560
2026-08-08T12:30:00Z,2026-08-08T12:00:00Z,2026-08-08,27,13255,17640
2026-08-08T13:00:00Z,2026-08-08T12:30:00Z,2026-08-08,28,13350,17783
2026-08-08T13:30:00Z,2026-08-08T13:00:00Z,2026-08-08,29,13467,17833
2026-08-08T14:00:00Z,2026-08-08T13:30:00Z,2026-08-08,30,13514,17866
2026-08-08T14:30:00Z,2026-08-08T14:00:00Z,2026-08-08,31,13830,17790
2026-08-08T15:00:00Z,2026-08-08T14:30:00Z,2026-08-08,32,14739,18135
2026-08-08T15:30:00Z,2026-08-08T15:00:00Z,2026-08-08,33,16310,19239
2026-08-08T16:00:00Z,2026-08-08T15:30:00Z,2026-08-08,34,18689,21253
2026-08-08T16:30:00Z,2026-08-08T16:00:00Z,2026-08-08,35,20191,22594
2026-08-08T17:00:00Z,2026-08-08T16:30:00Z,2026-08-08,36,22361,24743
2026-08-08T17:30:00Z,2026-08-08T17:00:00Z,2026-08-08,37,23379,27225
2026-08-08T18:00:00Z,2026-08-08T17:30:00Z,2026-08-08,38,23814,27852
2026-08-08T18:30:00Z,2026-08-08T18:00:00Z,2026-08-08,39,24229,28110
2026-08-08T19:00:00Z,2026-08-08T18:30:00Z,2026-08-08,40,24278,28187
2026-08-08T19:30:00Z,2026-08-08T19:00:00Z,2026-08-08,41,24507,28086
2026-08-08T20:00:00Z,2026-08-08T19:30:00Z,2026-08-08,42,24670,28291
2026-08-08T20:30:00Z,2026-08-08T20:00:00Z,2026-08-08,43,24792,27766
2026-08-08T21:00:00Z,2026-08-08T20:30:00Z,2026-08-08,44,24234,27320
2026-08-08T21:30:00Z,2026-08-08T21:00:00Z,2026-08-08,45,23590,26790
2026-08-08T22:00:00Z,2026-08-08T21:30:00Z,2026-08-08,46,23011,26073
2026-08-08T22:30:00Z,2026-08-08T22:00:00Z,2026-08-08,47,22138,24020
2026-08-08T23:00:00Z,2026-08-08T22:30:00Z,2026-08-08,48,21485,23279
2026-08-08T23:30:00Z,2026-08-08T23:00:00Z,2026-08-09,1,21423,23182
2026-08-09T00:00:00Z,2026-08-08T23:30:00Z,2026-08-09,2,20849,22547
2026-08-09T00:30:00Z,2026-08-09T00:00:00Z,2026-08-09,3,20601,22211
2026-08-09T01:00:00Z,2026-08-09T00:30:00Z,2026-08-09,4,20068,21639
2026-08-09T01:30:00Z,2026-08-09T01:00:00Z,2026-08-09,5,19632,21381
2026-08-09T02:00:00Z,2026-08-09T01:30:00Z,2026-08-09,6,18859,20514
2026-08-09T02:30:00Z,2026-08-09T02:00:00Z,2026-08-09,7,18205,19764
2026-08-09T03:00:00Z,2026-08-09T02:30:00Z,2026-08-09,8,18088,19755
2026-08-09T03:30:00Z,2026-08-09T03:00:00Z,2026-08-09,9,18009,19829
2026-08-09T04:00:00Z,2026-08-09T03:30:00Z,2026-08-09,10,17973,19724
2026-08-09T04:30:00Z,2026-08-09T04:00:00Z,2026-08-09,11,17830,19609
2026-08-09T05:00:00Z,2026-08-09T04:30:00Z,2026-08-09,12,17363,19178
2026-08-09T05:30:00Z,2026-08-09T05:00:00Z,2026-08-09,13,17874,20269
2026-08-09T06:00:00Z,2026-08-09T05:30:00Z,2026-08-09,14,17906,20168
2026-08-09T06:30:00Z,2026-08-09T06:00:00Z,2026-08-09,15,18006,20813
2026-08-09T07:00:00Z,2026-08-09T06:30:00Z,2026-08-09,16,17312,20263
2026-08-09T07:30:00Z,2026-08-09T07:00:00Z,2026-08-09,17,17490,20639
2026-08-09T08:00:00Z,2026-08-09T07:30:00Z,2026-08-09,18,17301,20476
2026-08-09T08:30:00Z,2026-08-09T08:00:00Z,2026-08-09,19,17344,20359
2026-08-09T09:00:00Z,2026-08-09T08:30:00Z,2026-08-09,20,16786,19938
2026-08-09T09:30:00Z,2026-08-09T09:00:00Z,2026-08-09,21,16340,19493
2026-08-09T10:00:00Z,2026-08-09T09:30:00Z,2026-08-09,22,15898,19196
2026-08-09T10:30:00Z,2026-08-09T10:00:00Z,2026-08-09,23,15376,18670
2026-08-09T11:00:00Z,2026-08-09T10:30:00Z,2026-08-09,24,15168,18470
2026-08-09T11:30:00Z,2026-08-09T11:00:00Z,2026-08-09,25,15245,18529
2026-08-09T12:00:00Z,2026-08-09T11:30:00Z,2026-08-09,26,15145,18429
2026-08-09T12:30:00Z,2026-08-09T12:00:00Z,2026-08-09,27,15213,18593
2026-08-09T13:00:00Z,2026-08-09T12:30:00Z,2026-08-09,28,14753,18134
2026-08-09T13:30:00Z,2026-08-09T13:00:00Z,2026-08-09,29,14761,17692
2026-08-09T14:00:00Z,2026-08-09T13:30:00Z,2026-08-09,30,15064,18074
2026-08-09T14:30:00Z,2026-08-09T14:00:00Z,2026-08-09,31,15596,18656
2026-08-09T15:00:00Z,2026-08-09T14:30:00Z,2026-08-09,32,16746,19453
2026-08-09T15:30:00Z,2026-08-09T15:00:00Z,2026-08-09,33,17878,20189
2026-08-09T16:00:00Z,2026-08-09T15:30:00Z,2026-08-09,34,19902,21874
2026-08-09T16:30:00Z,2026-08-09T16:00:00Z,2026-08-09,35,21034,22777
2026-08-09T17:00:00Z,2026-08-09T16:30:00Z,2026-08-09,36,23026,24870
2026-08-09T17:30:00Z,2026-08-09T17:00:00Z,2026-08-09,37,23791,25561
2026-08-09T18:00:00Z,2026-08-09T17:30:00Z,2026-08-09,38,24940,26780
2026-08-09T18:30:00Z,2026-08-09T18:00:00Z,2026-08-09,39,25274,27535
2026-08-09T19:00:00Z,2026-08-09T18:30:00Z,2026-08-09,40,25245,27570
2026-08-09T19:30:00Z,2026-08-09T19:00:00Z,2026-08-09,41,25629,27560
2026-08-09T20:00:00Z,2026-08-09T19:30:00Z,2026-08-09,42,25305,27371
2026-08-09T20:30:00Z,2026-08-09T20:00:00Z,2026-08-09,43,25743,27747
2026-08-09T21:00:00Z,2026-08-09T20:30:00Z,2026-08-09,44,24917,26922
2026-08-09T21:30:00Z,2026-08-09T21:00:00Z,2026-08-09,45,24028,26034
2026-08-09T22:00:00Z,2026-08-09T21:30:00Z,2026-08-09,46,23478,25486
2026-08-09T22:30:00Z,2026-08-09T22:00:00Z,2026-08-09,47,22202,24612
2026-08-09T23:00:00Z,2026-08-09T22:30:00Z,2026-08-09,48,21584,23865
2026-08-09T23:30:00Z,2026-08-09T23:00:00Z,2026-08-10,1,21733,23274
2026-08-10T00:00:00Z,2026-08-09T23:30:00Z,2026-08-10,2,21228,22564
2026-08-10T00:30:00Z,2026-08-10T00:00:00Z,2026-08-10,3,20679,22002
2026-08-10T01:00:00Z,2026-08-10T00:30:00Z,2026-08-10,4,21182,22498
2026-08-10T01:30:00Z,2026-08-10T01:00:00Z,2026-08-10,5,20891,22574
2026-08-10T02:00:00Z,2026-08-10T01:30:00Z,2026-08-10,6,20286,21972
2026-08-10T02:30:00Z,2026-08-10T02:00:00Z,2026-08-10,7,19210,21386
2026-08-10T03:00:00Z,2026-08-10T02:30:00Z,2026-08-10,8,19124,21337
2026-08-10T03:30:00Z,2026-08-10T03:00:00Z,2026-08-10,9,18728,21688
2026-08-10T04:00:00Z,2026-08-10T03:30:00Z,2026-08-10,10,18680,21711
2026-08-10T04:30:00Z,2026-08-10T04:00:00Z,2026-08-10,11,18676,23018
2026-08-10T05:00:00Z,2026-08-10T04:30:00Z,2026-08-10,12,19069,23410
2026-08-10T05:30:00Z,2026-08-10T05:00:00Z,2026-08-10,13,20032,23313
2026-08-10T06:00:00Z,2026-08-10T05:30:00Z,2026-08-10,14,20830,24119
2026-08-10T06:30:00Z,2026-08-10T06:00:00Z,2026-08-10,15,22343,24336
2026-08-10T07:00:00Z,2026-08-10T06:30:00Z,2026-08-10,16,23048,25049
2026-08-10T07:30:00Z,2026-08-10T07:00:00Z,2026-08-10,17,23938,25948
2026-08-10T08:00:00Z,2026-08-10T07:30:00Z,2026-08-10,18,23437,25448
2026-08-10T08:30:00Z,2026-08-10T08:00:00Z,2026-08-10,19,23020,25026
2026-08-10T09:00:00Z,2026-08-10T08:30:00Z,2026-08-10,20,22103,24003
2026-08-10T09:30:00Z,2026-08-10T09:00:00Z,2026-08-10,21,21052,22887
2026-08-10T10:00:00Z,2026-08-10T09:30:00Z,2026-08-10,22,20153,22183
2026-08-10T10:30:00Z,2026-08-10T10:00:00Z,2026-08-10,23,19497,21957
2026-08-10T11:00:00Z,2026-08-10T10:30:00Z,2026-08-10,24,18839,21391
2026-08-10T11:30:00Z,2026-08-10T11:00:00Z,2026-08-10,25,18813,21420
2026-08-10T12:00:00Z,2026-08-10T11:30:00Z,2026-08-10,26,18331,21046
2026-08-10T12:30:00Z,2026-08-10T12:00:00Z,2026-08-10,27,17994,20683
2026-08-10T13:00:00Z,2026-08-10T12:30:00Z,2026-08-10,28,18069,20690
2026-08-10T13:30:00Z,2026-08-10T13:00:00Z,2026-08-10,29,18157,20760
2026-08-10T14:00:00Z,2026-08-10T13:30:00Z,2026-08-10,30,18616,21257
2026-08-10T14:30:00Z,2026-08-10T14:00:00Z,2026-08-10,31,19117,21678
2026-08-10T15:00:00Z,2026-08-10T14:30:00Z,2026-08-10,32,20041,22691
2026-08-10T15:30:00Z,2026-08-10T15:00:00Z,2026-08-10,33,21175,23938
2026-08-10T16:00:00Z,2026-08-10T15:30:00Z,2026-08-10,34,22613,25220
2026-08-10T16:30:00Z,2026-08-10T16:00:00Z,2026-08-10,35,24158,26189
2026-08-10T17:00:00Z,2026-08-10T16:30:00Z,2026-08-10,36,25622,27623
2026-08-10T17:30:00Z,2026-08-10T17:00:00Z,2026-08-10,37,26656,28656
2026-08-10T18:00:00Z,2026-08-10T17:30:00Z,2026-08-10,38,27469,29466
2026-08-10T18:30:00Z,2026-08-10T18:00:00Z,2026-08-10,39,28496,30493
2026-08-10T19:00:00Z,2026-08-10T18:30:00Z,2026-08-10,40,28674,30671
2026-08-10T19:30:00Z,2026-08-10T19:00:00Z,2026-08-10,41,28630,30627
2026-08-10T20:00:00Z,2026-08-10T19:30:00Z,2026-08-10,42,27913,29910
2026-08-10T20:30:00Z,2026-08-10T20:00:00Z,2026-08-10,43,27979,29979
2026-08-10T21:00:00Z,2026-08-10T20:30:00Z,2026-08-10,44,26967,28968
2026-08-10T21:30:00Z,2026-08-10T21:00:00Z,2026-08-10,45,25858,27838
2026-08-10T22:00:00Z,2026-08-10T21:30:00Z,2026-08-10,46,24601,26447
2026-08-10T22:30:00Z,2026-08-10T22:00:00Z,2026-08-10,47,23473,25255
2026-08-10T23:00:00Z,2026-08-10T22:30:00Z,2026-08-10,48,23019,24655
2026-08-10T23:30:00Z,2026-08-10T23:00:00Z,2026-08-11,1,22771,24218
2026-08-11T00:00:00Z,2026-08-10T23:30:00Z,2026-08-11,2,21968,23335
2026-08-11T00:30:00Z,2026-08-11T00:00:00Z,2026-08-11,3,21589,22933
2026-08-11T01:00:00Z,2026-08-11T00:30:00Z,2026-08-11,4,21689,22907
2026-08-11T01:30:00Z,2026-08-11T01:00:00Z,2026-08-11,5,21004,22323
2026-08-11T02:00:00Z,2026-08-11T01:30:00Z,2026-08-11,6,20991,22319
2026-08-11T02:30:00Z,2026-08-11T02:00:00Z,2026-08-11,7,19774,21102
2026-08-11T03:00:00Z,2026-08-11T02:30:00Z,2026-08-11,8,19811,21110
2026-08-11T03:30:00Z,2026-08-11T03:00:00Z,2026-08-11,9,19416,20626
2026-08-11T04:00:00Z,2026-08-11T03:30:00Z,2026-08-11,10,19587,20652
2026-08-11T04:30:00Z,2026-08-11T04:00:00Z,2026-08-11,11,19502,20590
2026-08-11T05:00:00Z,2026-08-11T04:30:00Z,2026-08-11,12,19614,20709
2026-08-11T05:30:00Z,2026-08-11T05:00:00Z,2026-08-11,13,21366,22568
2026-08-11T06:00:00Z,2026-08-11T05:30:00Z,2026-08-11,14,22054,23461
2026-08-11T06:30:00Z,2026-08-11T06:00:00Z,2026-08-11,15,23131,24655
2026-08-11T07:00:00Z,2026-08-11T06:30:00Z,2026-08-11,16,23967,25438
2026-08-11T07:30:00Z,2026-08-11T07:00:00Z,2026-08-11,17,23968,25435
2026-08-11T08:00:00Z,2026-08-11T07:30:00Z,2026-08-11,18,23048,24495
2026-08-11T08:30:00Z,2026-08-11T08:00:00Z,2026-08-11,19,22254,23570
2026-08-11T09:00:00Z,2026-08-11T08:30:00Z,2026-08-11,20,21283,22674
2026-08-11T09:30:00Z,2026-08-11T09:00:00Z,2026-08-11,21,19957,21457
2026-08-11T10:00:00Z,2026-08-11T09:30:00Z,2026-08-11,22,19234,20939
2026-08-11T10:30:00Z,2026-08-11T10:00:00Z,2026-08-11,23,18750,20435
2026-08-11T11:00:00Z,2026-08-11T10:30:00Z,2026-08-11,24,18035,19938
2026-08-11T11:30:00Z,2026-08-11T11:00:00Z,2026-08-11,25,17828,20059
2026-08-11T12:00:00Z,2026-08-11T11:30:00Z,2026-08-11,26,17299,19665
2026-08-11T12:30:00Z,2026-08-11T12:00:00Z,2026-08-11,27,17209,19807
2026-08-11T13:00:00Z,2026-08-11T12:30:00Z,2026-08-11,28,17263,20231
2026-08-11T13:30:00Z,2026-08-11T13:00:00Z,2026-08-11,29,17266,20266
2026-08-11T14:00:00Z,2026-08-11T13:30:00Z,2026-08-11,30,17674,20610
2026-08-11T14:30:00Z,2026-08-11T14:00:00Z,2026-08-11,31,18353,21290
2026-08-11T15:00:00Z,2026-08-11T14:30:00Z,2026-08-11,32,19290,22105
2026-08-11T15:30:00Z,2026-08-11T15:00:00Z,2026-08-11,33,20246,22391
2026-08-11T16:00:00Z,2026-08-11T15:30:00Z,2026-08-11,34,21844,23709
2026-08-11T16:30:00Z,2026-08-11T16:00:00Z,2026-08-11,35,23025,24367
2026-08-11T17:00:00Z,2026-08-11T16:30:00Z,2026-08-11,36,24541,26058
2026-08-11T17:30:00Z,2026-08-11T17:00:00Z,2026-08-11,37,25558,27467
2026-08-11T18:00:00Z,2026-08-11T17:30:00Z,2026-08-11,38,26922,28987
2026-08-11T18:30:00Z,2026-08-11T18:00:00Z,2026-08-11,39,27556,30508
2026-08-11T19:00:00Z,2026-08-11T18:30:00Z,2026-08-11,40,27904,30931
2026-08-11T19:30:00Z,2026-08-11T19:00:00Z,2026-08-11,41,27905,30938
2026-08-11T20:00:00Z,2026-08-11T19:30:00Z,2026-08-11,42,27761,30820
2026-08-11T20:30:00Z,2026-08-11T20:00:00Z,2026-08-11,43,28025,30176
2026-08-11T21:00:00Z,2026-08-11T20:30:00Z,2026-08-11,44,27098,29172
2026-08-11T21:30:00Z,2026-08-11T21:00:00Z,2026-08-11,45,25988,28375
2026-08-11T22:00:00Z,2026-08-11T21:30:00Z,2026-08-11,46,24608,26861
2026-08-11T22:30:00Z,2026-08-11T22:00:00Z,2026-08-11,47,23676,27501
2026-08-11T23:00:00Z,2026-08-11T22:30:00Z,2026-08-11,48,22603,26300
2026-08-11T23:30:00Z,2026-08-11T23:00:00Z,2026-08-12,1,22500,25343
2026-08-12T00:00:00Z,2026-08-11T23:30:00Z,2026-08-12,2,22057,24779
2026-08-12T00:30:00Z,2026-08-12T00:00:00Z,2026-08-12,3,21494,24152
2026-08-12T01:00:00Z,2026-08-12T00:30:00Z,2026-08-12,4,21079,23624
2026-08-12T01:30:00Z,2026-08-12T01:00:00Z,2026-08-12,5,21082,23256
2026-08-12T02:00:00Z,2026-08-12T01:30:00Z,2026-08-12,6,20741,22891
2026-08-12T02:30:00Z,2026-08-12T02:00:00Z,2026-08-12,7,20209,23440
2026-08-12T03:00:00Z,2026-08-12T02:30:00Z,2026-08-12,8,19787,23061
2026-08-12T03:30:00Z,2026-08-12T03:00:00Z,2026-08-12,9,19567,23981
2026-08-12T04:00:00Z,2026-08-12T03:30:00Z,2026-08-12,10,19508,24029
2026-08-12T04:30:00Z,2026-08-12T04:00:00Z,2026-08-12,11,19692,24554
2026-08-12T05:00:00Z,2026-08-12T04:30:00Z,2026-08-12,12,19753,24711
2026-08-12T05:30:00Z,2026-08-12T05:00:00Z,2026-08-12,13,21342,24766
2026-08-12T06:00:00Z,2026-08-12T05:30:00Z,2026-08-12,14,22160,25453
2026-08-12T06:30:00Z,2026-08-12T06:00:00Z,2026-08-12,15,23679,25249
2026-08-12T07:00:00Z,2026-08-12T06:30:00Z,2026-08-12,16,23891,25716
2026-08-12T07:30:00Z,2026-08-12T07:00:00Z,2026-08-12,17,24375,26344
2026-08-12T08:00:00Z,2026-08-12T07:30:00Z,2026-08-12,18,23731,25737
2026-08-12T08:30:00Z,2026-08-12T08:00:00Z,2026-08-12,19,23009,25014
2026-08-12T09:00:00Z,2026-08-12T08:30:00Z,2026-08-12,20,22273,24194
2026-08-12T09:30:00Z,2026-08-12T09:00:00Z,2026-08-12,21,21342,23198
2026-08-12T10:00:00Z,2026-08-12T09:30:00Z,2026-08-12,22,20292,22281
2026-08-12T10:30:00Z,2026-08-12T10:00:00Z,2026-08-12,23,19666,22535
2026-08-12T11:00:00Z,2026-08-12T10:30:00Z,2026-08-12,24,19679,22807
2026-08-12T11:30:00Z,2026-08-12T11:00:00Z,2026-08-12,25,19491,22628
2026-08-12T12:00:00Z,2026-08-12T11:30:00Z,2026-08-12,26,19373,22491
2026-08-12T12:30:00Z,2026-08-12T12:00:00Z,2026-08-12,27,19317,22446
2026-08-12T13:00:00Z,2026-08-12T12:30:00Z,2026-08-12,28,19305,22372
2026-08-12T13:30:00Z,2026-08-12T13:00:00Z,2026-08-12,29,19524,22504
2026-08-12T14:00:00Z,2026-08-12T13:30:00Z,2026-08-12,30,19709,22683
2026-08-12T14:30:00Z,2026-08-12T14:00:00Z,2026-08-12,31,20235,22597
2026-08-12T15:00:00Z,2026-08-12T14:30:00Z,2026-08-12,32,21291,23630
2026-08-12T15:30:00Z,2026-08-12T15:00:00Z,2026-08-12,33,22602,24292
2026-08-12T16:00:00Z,2026-08-12T15:30:00Z,2026-08-12,34,24424,26423
2026-08-12T16:30:00Z,2026-08-12T16:00:00Z,2026-08-12,35,25472,27169
2026-08-12T17:00:00Z,2026-08-12T16:30:00Z,2026-08-12,36,26930,28539
2026-08-12T17:30:00Z,2026-08-12T17:00:00Z,2026-08-12,37,27425,29716
2026-08-12T18:00:00Z,2026-08-12T17:30:00Z,2026-08-12,38,28731,31172
2026-08-12T18:30:00Z,2026-08-12T18:00:00Z,2026-08-12,39,29081,31300
2026-08-12T19:00:00Z,2026-08-12T18:30:00Z,2026-08-12,40,29313,31314
2026-08-12T19:30:00Z,2026-08-12T19:00:00Z,2026-08-12,41,29773,31500
2026-08-12T20:00:00Z,2026-08-12T19:30:00Z,2026-08-12,42,29674,31543
2026-08-12T20:30:00Z,2026-08-12T20:00:00Z,2026-08-12,43,29645,31639
2026-08-12T21:00:00Z,2026-08-12T20:30:00Z,2026-08-12,44,28954,30962
2026-08-12T21:30:00Z,2026-08-12T21:00:00Z,2026-08-12,45,27637,29645
2026-08-12T22:00:00Z,2026-08-12T21:30:00Z,2026-08-12,46,26387,28395
2026-08-12T22:30:00Z,2026-08-12T22:00:00Z,2026-08-12,47,25406,27413
2026-08-12T23:00:00Z,2026-08-12T22:30:00Z,2026-08-12,48,24556,26564
2026-08-12T23:30:00Z,2026-08-12T23:00:00Z,2026-08-13,1,24044,26052
2026-08-13T00:00:00Z,2026-08-12T23:30:00Z,2026-08-13,2,23784,25731
2026-08-13T00:30:00Z,2026-08-13T00:00:00Z,2026-08-13,3,23754,25675
2026-08-13T01:00:00Z,2026-08-13T00:30:00Z,2026-08-13,4,23392,25315
2026-08-13T01:30:00Z,2026-08-13T01:00:00Z,2026-08-13,5,22493,24417
2026-08-13T02:00:00Z,2026-08-13T01:30:00Z,2026-08-13,6,22090,24013
2026-08-13T02:30:00Z,2026-08-13T02:00:00Z,2026-08-13,7,21666,23528
2026-08-13T03:00:00Z,2026-08-13T02:30:00Z,2026-08-13,8,21110,22995
2026-08-13T03:30:00Z,2026-08-13T03:00:00Z,2026-08-13,9,20895,22676
2026-08-13T04:00:00Z,2026-08-13T03:30:00Z,2026-08-13,10,20729,22475
2026-08-13T04:30:00Z,2026-08-13T04:00:00Z,2026-08-13,11,20850,22546
2026-08-13T05:00:00Z,2026-08-13T04:30:00Z,2026-08-13,12,21039,22871
2026-08-13T05:30:00Z,2026-08-13T05:00:00Z,2026-08-13,13,21925,23814
2026-08-13T06:00:00Z,2026-08-13T05:30:00Z,2026-08-13,14,23159,25168
2026-08-13T06:30:00Z,2026-08-13T06:00:00Z,2026-08-13,15,24878,26892
2026-08-13T07:00:00Z,2026-08-13T06:30:00Z,2026-08-13,16,25122,27137
2026-08-13T07:30:00Z,2026-08-13T07:00:00Z,2026-08-13,17,25699,27711
2026-08-13T08:00:00Z,2026-08-13T07:30:00Z,2026-08-13,18,25216,27226
2026-08-13T08:30:00Z,2026-08-13T08:00:00Z,2026-08-13,19,24547,26556
2026-08-13T09:00:00Z,2026-08-13T08:30:00Z,2026-08-13,20,23926,25930
2026-08-13T09:30:00Z,2026-08-13T09:00:00Z,2026-08-13,21,23096,25087
2026-08-13T10:00:00Z,2026-08-13T09:30:00Z,2026-08-13,22,22749,24680
2026-08-13T10:30:00Z,2026-08-13T10:00:00Z,2026-08-13,23,21703,24215
2026-08-13T11:00:00Z,2026-08-13T10:30:00Z,2026-08-13,24,21494,24312
2026-08-13T11:30:00Z,2026-08-13T11:00:00Z,2026-08-13,25,21620,24482
2026-08-13T12:00:00Z,2026-08-13T11:30:00Z,2026-08-13,26,21372,23965
2026-08-13T12:30:00Z,2026-08-13T12:00:00Z,2026-08-13,27,21360,23807
2026-08-13T13:00:00Z,2026-08-13T12:30:00Z,2026-08-13,28,21531,23702
2026-08-13T13:30:00Z,2026-08-13T13:00:00Z,2026-08-13,29,22142,24159
2026-08-13T14:00:00Z,2026-08-13T13:30:00Z,2026-08-13,30,22389,24316
2026-08-13T14:30:00Z,2026-08-13T14:00:00Z,2026-08-13,31,22738,24629
2026-08-13T15:00:00Z,2026-08-13T14:30:00Z,2026-08-13,32,23610,25621
2026-08-13T15:30:00Z,2026-08-13T15:00:00Z,2026-08-13,33,24691,26241
2026-08-13T16:00:00Z,2026-08-13T15:30:00Z,2026-08-13,34,26195,27667
2026-08-13T16:30:00Z,2026-08-13T16:00:00Z,2026-08-13,35,27160,28636
2026-08-13T17:00:00Z,2026-08-13T16:30:00Z,2026-08-13,36,28281,29713
2026-08-13T17:30:00Z,2026-08-13T17:00:00Z,2026-08-13,37,28793,30068
2026-08-13T18:00:00Z,2026-08-13T17:30:00Z,2026-08-13,38,29468,30594
2026-08-13T18:30:00Z,2026-08-13T18:00:00Z,2026-08-13,39,30167,31328
2026-08-13T19:00:00Z,2026-08-13T18:30:00Z,2026-08-13,40,30128,31487
2026-08-13T19:30:00Z,2026-08-13T19:00:00Z,2026-08-13,41,30247,31863
2026-08-13T20:00:00Z,2026-08-13T19:30:00Z,2026-08-13,42,30424,32073
2026-08-13T20:30:00Z,2026-08-13T20:00:00Z,2026-08-13,43,30762,32536
2026-08-13T21:00:00Z,2026-08-13T20:30:00Z,2026-08-13,44,29870,31786
2026-08-13T21:30:00Z,2026-08-13T21:00:00Z,2026-08-13,45,28681,30685
2026-08-13T22:00:00Z,2026-08-13T21:30:00Z,2026-08-13,46,27883,29887
2026-08-13T22:30:00Z,2026-08-13T22:00:00Z,2026-08-13,47,25793,27799
2026-08-13T23:00:00Z,2026-08-13T22:30:00Z,2026-08-13,48,25204,27126
2026-08-13T23:30:00Z,2026-08-13T23:00:00Z,2026-08-14,1,25106,26816
2026-08-14T00:00:00Z,2026-08-13T23:30:00Z,2026-08-14,2,24733,26284
2026-08-14T00:30:00Z,2026-08-14T00:00:00Z,2026-08-14,3,24212,25637
2026-08-14T01:00:00Z,2026-08-14T00:30:00Z,2026-08-14,4,23869,25260
2026-08-14T01:30:00Z,2026-08-14T01:00:00Z,2026-08-14,5,23841,25302
2026-08-14T02:00:00Z,2026-08-14T01:30:00Z,2026-08-14,6,23239,24631
2026-08-14T02:30:00Z,2026-08-14T02:00:00Z,2026-08-14,7,22148,23533
2026-08-14T03:00:00Z,2026-08-14T02:30:00Z,2026-08-14,8,22146,23470
2026-08-14T03:30:00Z,2026-08-14T03:00:00Z,2026-08-14,9,21720,22976
2026-08-14T04:00:00Z,2026-08-14T03:30:00Z,2026-08-14,10,21287,22508
2026-08-14T04:30:00Z,2026-08-14T04:00:00Z,2026-08-14,11,21379,22560
2026-08-14T05:00:00Z,2026-08-14T04:30:00Z,2026-08-14,12,21570,22809
2026-08-14T05:30:00Z,2026-08-14T05:00:00Z,2026-08-14,13,22746,23959
2026-08-14T06:00:00Z,2026-08-14T05:30:00Z,2026-08-14,14,23341,24796
2026-08-14T06:30:00Z,2026-08-14T06:00:00Z,2026-08-14,15,25262,26994
2026-08-14T07:00:00Z,2026-08-14T06:30:00Z,2026-08-14,16,25876,27661
2026-08-14T07:30:00Z,2026-08-14T07:00:00Z,2026-08-14,17,26238,28214
2026-08-14T08:00:00Z,2026-08-14T07:30:00Z,2026-08-14,18,26139,28155
2026-08-14T08:30:00Z,2026-08-14T08:00:00Z,2026-08-14,19,25631,27647
2026-08-14T09:00:00Z,2026-08-14T08:30:00Z,2026-08-14,20,24802,26812
2026-08-14T09:30:00Z,2026-08-14T09:00:00Z,2026-08-14,21,23627,25533
2026-08-14T10:00:00Z,2026-08-14T09:30:00Z,2026-08-14,22,23014,24780
2026-08-14T10:30:00Z,2026-08-14T10:00:00Z,2026-08-14,23,22586,24811
2026-08-14T11:00:00Z,2026-08-14T10:30:00Z,2026-08-14,24,21733,24437
2026-08-14T11:30:00Z,2026-08-14T11:00:00Z,2026-08-14,25,21624,24604
2026-08-14T12:00:00Z,2026-08-14T11:30:00Z,2026-08-14,26,21501,24459
2026-08-14T12:30:00Z,2026-08-14T12:00:00Z,2026-08-14,27,21531,24238
2026-08-14T13:00:00Z,2026-08-14T12:30:00Z,2026-08-14,28,21541,24090
2026-08-14T13:30:00Z,2026-08-14T13:00:00Z,2026-08-14,29,21614,24165
2026-08-14T14:00:00Z,2026-08-14T13:30:00Z,2026-08-14,30,21721,24218
2026-08-14T14:30:00Z,2026-08-14T14:00:00Z,2026-08-14,31,22238,24609
2026-08-14T15:00:00Z,2026-08-14T14:30:00Z,2026-08-14,32,22859,25001
2026-08-14T15:30:00Z,2026-08-14T15:00:00Z,2026-08-14,33,23539,24976
2026-08-14T16:00:00Z,2026-08-14T15:30:00Z,2026-08-14,34,24818,26049
2026-08-14T16:30:00Z,2026-08-14T16:00:00Z,2026-08-14,35,25563,26825
2026-08-14T17:00:00Z,2026-08-14T16:30:00Z,2026-08-14,36,27372,28647
2026-08-14T17:30:00Z,2026-08-14T17:00:00Z,2026-08-14,37,27710,29031
2026-08-14T18:00:00Z,2026-08-14T17:30:00Z,2026-08-14,38,28519,29754
2026-08-14T18:30:00Z,2026-08-14T18:00:00Z,2026-08-14,39,29316,30741
2026-08-14T19:00:00Z,2026-08-14T18:30:00Z,2026-08-14,40,28840,30314
2026-08-14T19:30:00Z,2026-08-14T19:00:00Z,2026-08-14,41,28690,29955
2026-08-14T20:00:00Z,2026-08-14T19:30:00Z,2026-08-14,42,28508,29925
2026-08-14T20:30:00Z,2026-08-14T20:00:00Z,2026-08-14,43,28870,30425
2026-08-14T21:00:00Z,2026-08-14T20:30:00Z,2026-08-14,44,28224,29732
2026-08-14T21:30:00Z,2026-08-14T21:00:00Z,2026-08-14,45,27254,28717
2026-08-14T22:00:00Z,2026-08-14T21:30:00Z,2026-08-14,46,26347,27741
2026-08-14T22:30:00Z,2026-08-14T22:00:00Z,2026-08-14,47,24914,26444
2026-08-14T23:00:00Z,2026-08-14T22:30:00Z,2026-08-14,48,24294,25993
2026-08-14T23:30:00Z,2026-08-14T23:00:00Z,2026-08-15,1,23453,25230
2026-08-15T00:00:00Z,2026-08-14T23:30:00Z,2026-08-15,2,22911,24589
2026-08-15T00:30:00Z,2026-08-15T00:00:00Z,2026-08-15,3,22288,23889
2026-08-15T01:00:00Z,2026-08-15T00:30:00Z,2026-08-15,4,22743,24269
2026-08-15T01:30:00Z,2026-08-15T01:00:00Z,2026-08-15,5,21443,23113
2026-08-15T02:00:00Z,2026-08-15T01:30:00Z,2026-08-15,6,20782,22383
2026-08-15T02:30:00Z,2026-08-15T02:00:00Z,2026-08-15,7,20775,22356
2026-08-15T03:00:00Z,2026-08-15T02:30:00Z,2026-08-15,8,20493,21948
2026-08-15T03:30:00Z,2026-08-15T03:00:00Z,2026-08-15,9,19888,21299
2026-08-15T04:00:00Z,2026-08-15T03:30:00Z,2026-08-15,10,19592,21002
2026-08-15T04:30:00Z,2026-08-15T04:00:00Z,2026-08-15,11,19626,21036
2026-08-15T05:00:00Z,2026-08-15T04:30:00Z,2026-08-15,12,19410,20857
2026-08-15T05:30:00Z,2026-08-15T05:00:00Z,2026-08-15,13,19973,21606
2026-08-15T06:00:00Z,2026-08-15T05:30:00Z,2026-08-15,14,20170,21814
2026-08-15T06:30:00Z,2026-08-15T06:00:00Z,2026-08-15,15,21142,22958
2026-08-15T07:00:00Z,2026-08-15T06:30:00Z,2026-08-15,16,21336,23274
2026-08-15T07:30:00Z,2026-08-15T07:00:00Z,2026-08-15,17,21283,23484
2026-08-15T08:00:00Z,2026-08-15T07:30:00Z,2026-08-15,18,21232,23492
2026-08-15T08:30:00Z,2026-08-15T08:00:00Z,2026-08-15,19,20986,23277
2026-08-15T09:00:00Z,2026-08-15T08:30:00Z,2026-08-15,20,20553,23107
2026-08-15T09:30:00Z,2026-08-15T09:00:00Z,2026-08-15,21,20012,22755
2026-08-15T10:00:00Z,2026-08-15T09:30:00Z,2026-08-15,22,19652,22234
2026-08-15T10:30:00Z,2026-08-15T10:00:00Z,2026-08-15,23,18977,21827
2026-08-15T11:00:00Z,2026-08-15T10:30:00Z,2026-08-15,24,18548,21422
2026-08-15T11:30:00Z,2026-08-15T11:00:00Z,2026-08-15,25,18248,21125
2026-08-15T12:00:00Z,2026-08-15T11:30:00Z,2026-08-15,26,17948,20982
2026-08-15T12:30:00Z,2026-08-15T12:00:00Z,2026-08-15,27,17287,20463
2026-08-15T13:00:00Z,2026-08-15T12:30:00Z,2026-08-15,28,16920,20096
2026-08-15T13:30:00Z,2026-08-15T13:00:00Z,2026-08-15,29,16916,20086
2026-08-15T14:00:00Z,2026-08-15T13:30:00Z,2026-08-15,30,16936,20128
2026-08-15T14:30:00Z,2026-08-15T14:00:00Z,2026-08-15,31,17818,20929
2026-08-15T15:00:00Z,2026-08-15T14:30:00Z,2026-08-15,32,18392,21632
2026-08-15T15:30:00Z,2026-08-15T15:00:00Z,2026-08-15,33,19028,21426
2026-08-15T16:00:00Z,2026-08-15T15:30:00Z,2026-08-15,34,20720,22433
2026-08-15T16:30:00Z,2026-08-15T16:00:00Z,2026-08-15,35,21845,23359
2026-08-15T17:00:00Z,2026-08-15T16:30:00Z,2026-08-15,36,22927,24712
2026-08-15T17:30:00Z,2026-08-15T17:00:00Z,2026-08-15,37,24176,25987
2026-08-15T18:00:00Z,2026-08-15T17:30:00Z,2026-08-15,38,24663,26530
2026-08-15T18:30:00Z,2026-08-15T18:00:00Z,2026-08-15,39,25161,27132
2026-08-15T19:00:00Z,2026-08-15T18:30:00Z,2026-08-15,40,25663,27668
2026-08-15T19:30:00Z,2026-08-15T19:00:00Z,2026-08-15,41,25839,27843
2026-08-15T20:00:00Z,2026-08-15T19:30:00Z,2026-08-15,42,25733,27714
2026-08-15T20:30:00Z,2026-08-15T20:00:00Z,2026-08-15,43,25768,27772
2026-08-15T21:00:00Z,2026-08-15T20:30:00Z,2026-08-15,44,25164,27168
2026-08-15T21:30:00Z,2026-08-15T21:00:00Z,2026-08-15,45,24376,26381
2026-08-15T22:00:00Z,2026-08-15T21:30:00Z,2026-08-15,46,23714,25721
2026-08-15T22:30:00Z,2026-08-15T22:00:00Z,2026-08-15,47,22674,24679
2026-08-15T23:00:00Z,2026-08-15T22:30:00Z,2026-08-15,48,22382,24362
2026-08-15T23:30:00Z,2026-08-15T23:00:00Z,2026-08-16,1,22002,23950
2026-08-16T00:00:00Z,2026-08-15T23:30:00Z,2026-08-16,2,21724,23541
2026-08-16T00:30:00Z,2026-08-16T00:00:00Z,2026-08-16,3,21542,23287
2026-08-16T01:00:00Z,2026-08-16T00:30:00Z,2026-08-16,4,21354,23002
2026-08-16T01:30:00Z,2026-08-16T01:00:00Z,2026-08-16,5,20675,22410
2026-08-16T02:00:00Z,2026-08-16T01:30:00Z,2026-08-16,6,20080,21750
2026-08-16T02:30:00Z,2026-08-16T02:00:00Z,2026-08-16,7,19271,20939
2026-08-16T03:00:00Z,2026-08-16T02:30:00Z,2026-08-16,8,19043,20639
2026-08-16T03:30:00Z,2026-08-16T03:00:00Z,2026-08-16,9,18920,20386
2026-08-16T04:00:00Z,2026-08-16T03:30:00Z,2026-08-16,10,18708,20131
2026-08-16T04:30:00Z,2026-08-16T04:00:00Z,2026-08-16,11,18518,19888
2026-08-16T05:00:00Z,2026-08-16T04:30:00Z,2026-08-16,12,18226,19605
2026-08-16T05:30:00Z,2026-08-16T05:00:00Z,2026-08-16,13,18585,19972
2026-08-16T06:00:00Z,2026-08-16T05:30:00Z,2026-08-16,14,18627,19999
2026-08-16T06:30:00Z,2026-08-16T06:00:00Z,2026-08-16,15,19493,20897
2026-08-16T07:00:00Z,2026-08-16T06:30:00Z,2026-08-16,16,19566,20927
2026-08-16T07:30:00Z,2026-08-16T07:00:00Z,2026-08-16,17,20309,21762
2026-08-16T08:00:00Z,2026-08-16T07:30:00Z,2026-08-16,18,20403,21831
2026-08-16T08:30:00Z,2026-08-16T08:00:00Z,2026-08-16,19,20502,21892
2026-08-16T09:00:00Z,2026-08-16T08:30:00Z,2026-08-16,20,20410,21806
2026-08-16T09:30:00Z,2026-08-16T09:00:00Z,2026-08-16,21,19994,21734
2026-08-16T10:00:00Z,2026-08-16T09:30:00Z,2026-08-16,22,19906,21582
2026-08-16T10:30:00Z,2026-08-16T10:00:00Z,2026-08-16,23,19685,21533
2026-08-16T11:00:00Z,2026-08-16T10:30:00Z,2026-08-16,24,19201,21169
2026-08-16T11:30:00Z,2026-08-16T11:00:00Z,2026-08-16,25,19113,21179
2026-08-16T12:00:00Z,2026-08-16T11:30:00Z,2026-08-16,26,18739,20849
2026-08-16T12:30:00Z,2026-08-16T12:00:00Z,2026-08-16,27,18061,20139
2026-08-16T13:00:00Z,2026-08-16T12:30:00Z,2026-08-16,28,17977,20058
2026-08-16T13:30:00Z,2026-08-16T13:00:00Z,2026-08-16,29,17991,20038
2026-08-16T14:00:00Z,2026-08-16T13:30:00Z,2026-08-16,30,18378,20385
2026-08-16T14:30:00Z,2026-08-16T14:00:00Z,2026-08-16,31,18952,21099
2026-08-16T15:00:00Z,2026-08-16T14:30:00Z,2026-08-16,32,20284,22528
2026-08-16T15:30:00Z,2026-08-16T15:00:00Z,2026-08-16,33,21471,23069
2026-08-16T16:00:00Z,2026-08-16T15:30:00Z,2026-08-16,34,22511,24235
2026-08-16T16:30:00Z,2026-08-16T16:00:00Z,2026-08-16,35,23342,24909
2026-08-16T17:00:00Z,2026-08-16T16:30:00Z,2026-08-16,36,24729,26320
2026-08-16T17:30:00Z,2026-08-16T17:00:00Z,2026-08-16,37,26075,27571
2026-08-16T18:00:00Z,2026-08-16T17:30:00Z,2026-08-16,38,26563,28024
2026-08-16T18:30:00Z,2026-08-16T18:00:00Z,2026-08-16,39,26449,27901
2026-08-16T19:00:00Z,2026-08-16T18:30:00Z,2026-08-16,40,26490,27846
2026-08-16T19:30:00Z,2026-08-16T19:00:00Z,2026-08-16,41,26129,27472
2026-08-16T20:00:00Z,2026-08-16T19:30:00Z,2026-08-16,42,25870,27240
2026-08-16T20:30:00Z,2026-08-16T20:00:00Z,2026-08-16,43,25783,27233
2026-08-16T21:00:00Z,2026-08-16T20:30:00Z,2026-08-16,44,25130,26608
2026-08-16T21:30:00Z,2026-08-16T21:00:00Z,2026-08-16,45,24160,25679
2026-08-16T22:00:00Z,2026-08-16T21:30:00Z,2026-08-16,46,23717,25140
2026-08-16T22:30:00Z,2026-08-16T22:00:00Z,2026-08-16,47,22489,24116
2026-08-16T23:00:00Z,2026-08-16T22:30:00Z,2026-08-16,48,21907,23414
2026-08-16T23:30:00Z,2026-08-16T23:00:00Z,2026-08-17,1,21825,23375
2026-08-17T00:00:00Z,2026-08-16T23:30:00Z,2026-08-17,2,21645,23146
2026-08-17T00:30:00Z,2026-08-17T00:00:00Z,2026-08-17,3,21357,22831
2026-08-17T01:00:00Z,2026-08-17T00:30:00Z,2026-08-17,4,21325,22707
2026-08-17T01:30:00Z,2026-08-17T01:00:00Z,2026-08-17,5,21211,22586
2026-08-17T02:00:00Z,2026-08-17T01:30:00Z,2026-08-17,6,21043,22540
2026-08-17T02:30:00Z,2026-08-17T02:00:00Z,2026-08-17,7,20765,22380
2026-08-17T03:00:00Z,2026-08-17T02:30:00Z,2026-08-17,8,20190,21724
2026-08-17T03:30:00Z,2026-08-17T03:00:00Z,2026-08-17,9,19883,22581
2026-08-17T04:00:00Z,2026-08-17T03:30:00Z,2026-08-17,10,19637,22369
2026-08-17T04:30:00Z,2026-08-17T04:00:00Z,2026-08-17,11,19652,23321
2026-08-17T05:00:00Z,2026-08-17T04:30:00Z,2026-08-17,12,19807,23619
2026-08-17T05:30:00Z,2026-08-17T05:00:00Z,2026-08-17,13,20594,24022
2026-08-17T06:00:00Z,2026-08-17T05:30:00Z,2026-08-17,14,21631,25150
2026-08-17T06:30:00Z,2026-08-17T06:00:00Z,2026-08-17,15,24081,25746
2026-08-17T07:00:00Z,2026-08-17T06:30:00Z,2026-08-17,16,24864,26631
2026-08-17T07:30:00Z,2026-08-17T07:00:00Z,2026-08-17,17,25484,27403
2026-08-17T08:00:00Z,2026-08-17T07:30:00Z,2026-08-17,18,25825,27825
2026-08-17T08:30:00Z,2026-08-17T08:00:00Z,2026-08-17,19,26214,28226
2026-08-17T09:00:00Z,2026-08-17T08:30:00Z,2026-08-17,20,25859,27869
2026-08-17T09:30:00Z,2026-08-17T09:00:00Z,2026-08-17,21,25645,27656
2026-08-17T10:00:00Z,2026-08-17T09:30:00Z,2026-08-17,22,25388,27545
2026-08-17T10:30:00Z,2026-08-17T10:00:00Z,2026-08-17,23,25451,27654
2026-08-17T11:00:00Z,2026-08-17T10:30:00Z,2026-08-17,24,25254,27509
2026-08-17T11:30:00Z,2026-08-17T11:00:00Z,2026-08-17,25,25169,27323
2026-08-17T12:00:00Z,2026-08-17T11:30:00Z,2026-08-17,26,25318,27128
2026-08-17T12:30:00Z,2026-08-17T12:00:00Z,2026-08-17,27,24999,26731
2026-08-17T13:00:00Z,2026-08-17T12:30:00Z,2026-08-17,28,24737,26162
2026-08-17T13:30:00Z,2026-08-17T13:00:00Z,2026-08-17,29,24661,26060
2026-08-17T14:00:00Z,2026-08-17T13:30:00Z,2026-08-17,30,24069,25449
2026-08-17T14:30:00Z,2026-08-17T14:00:00Z,2026-08-17,31,24173,25267
2026-08-17T15:00:00Z,2026-08-17T14:30:00Z,2026-08-17,32,25267,26342
2026-08-17T15:30:00Z,2026-08-17T15:00:00Z,2026-08-17,33,25823,26763
2026-08-17T16:00:00Z,2026-08-17T15:30:00Z,2026-08-17,34,26767,27737
2026-08-17T16:30:00Z,2026-08-17T16:00:00Z,2026-08-17,35,27563,28540
2026-08-17T17:00:00Z,2026-08-17T16:30:00Z,2026-08-17,36,28440,29377
2026-08-17T17:30:00Z,2026-08-17T17:00:00Z,2026-08-17,37,28595,29280
2026-08-17T18:00:00Z,2026-08-17T17:30:00Z,2026-08-17,38,29354,29970
2026-08-17T18:30:00Z,2026-08-17T18:00:00Z,2026-08-17,39,29118,29626
2026-08-17T19:00:00Z,2026-08-17T18:30:00Z,2026-08-17,40,29095,29610
2026-08-17T19:30:00Z,2026-08-17T19:00:00Z,2026-08-17,41,29035,29549
2026-08-17T20:00:00Z,2026-08-17T19:30:00Z,2026-08-17,42,28678,29187
2026-08-17T20:30:00Z,2026-08-17T20:00:00Z,2026-08-17,43,27796,28307
2026-08-17T21:00:00Z,2026-08-17T20:30:00Z,2026-08-17,44,27263,27779
2026-08-17T21:30:00Z,2026-08-17T21:00:00Z,2026-08-17,45,26008,27137
2026-08-17T22:00:00Z,2026-08-17T21:30:00Z,2026-08-17,46,24856,26077
2026-08-17T22:30:00Z,2026-08-17T22:00:00Z,2026-08-17,47,23382,26087
2026-08-17T23:00:00Z,2026-08-17T22:30:00Z,2026-08-17,48,22975,25752
2026-08-17T23:30:00Z,2026-08-17T23:00:00Z,2026-08-18,1,22383,25551
2026-08-18T00:00:00Z,2026-08-17T23:30:00Z,2026-08-18,2,22171,25350
2026-08-18T00:30:00Z,2026-08-18T00:00:00Z,2026-08-18,3,21422,24656
2026-08-18T01:00:00Z,2026-08-18T00:30:00Z,2026-08-18,4,20777,24003
2026-08-18T01:30:00Z,2026-08-18T01:00:00Z,2026-08-18,5,21215,24350
2026-08-18T02:00:00Z,2026-08-18T01:30:00Z,2026-08-18,6,20466,23716
2026-08-18T02:30:00Z,2026-08-18T02:00:00Z,2026-08-18,7,19953,24382
2026-08-18T03:00:00Z,2026-08-18T02:30:00Z,2026-08-18,8,19525,24078
2026-08-18T03:30:00Z,2026-08-18T03:00:00Z,2026-08-18,9,19206,25403
2026-08-18T04:00:00Z,2026-08-18T03:30:00Z,2026-08-18,10,19353,25641
2026-08-18T04:30:00Z,2026-08-18T04:00:00Z,2026-08-18,11,19385,25935
2026-08-18T05:00:00Z,2026-08-18T04:30:00Z,2026-08-18,12,19613,26228
2026-08-18T05:30:00Z,2026-08-18T05:00:00Z,2026-08-18,13,21131,26511
2026-08-18T06:00:00Z,2026-08-18T05:30:00Z,2026-08-18,14,22360,27851
2026-08-18T06:30:00Z,2026-08-18T06:00:00Z,2026-08-18,15,23983,28829
2026-08-18T07:00:00Z,2026-08-18T06:30:00Z,2026-08-18,16,24809,29815
2026-08-18T07:30:00Z,2026-08-18T07:00:00Z,2026-08-18,17,25813,29274
2026-08-18T08:00:00Z,2026-08-18T07:30:00Z,2026-08-18,18,26079,29463
2026-08-18T08:30:00Z,2026-08-18T08:00:00Z,2026-08-18,19,26355,28986
2026-08-18T09:00:00Z,2026-08-18T08:30:00Z,2026-08-18,20,25574,28173
2026-08-18T09:30:00Z,2026-08-18T09:00:00Z,2026-08-18,21,25096,27649
2026-08-18T10:00:00Z,2026-08-18T09:30:00Z,2026-08-18,22,24898,27305
2026-08-18T10:30:00Z,2026-08-18T10:00:00Z,2026-08-18,23,24197,26583
2026-08-18T11:00:00Z,2026-08-18T10:30:00Z,2026-08-18,24,24163,26591
2026-08-18T11:30:00Z,2026-08-18T11:00:00Z,2026-08-18,25,24063,26657
2026-08-18T12:00:00Z,2026-08-18T11:30:00Z,2026-08-18,26,23959,26569
2026-08-18T12:30:00Z,2026-08-18T12:00:00Z,2026-08-18,27,22866,25241
2026-08-18T13:00:00Z,2026-08-18T12:30:00Z,2026-08-18,28,22928,25296
2026-08-18T13:30:00Z,2026-08-18T13:00:00Z,2026-08-18,29,22604,25293
2026-08-18T14:00:00Z,2026-08-18T13:30:00Z,2026-08-18,30,22458,25091
2026-08-18T14:30:00Z,2026-08-18T14:00:00Z,2026-08-18,31,22823,25315
2026-08-18T15:00:00Z,2026-08-18T14:30:00Z,2026-08-18,32,23297,25592
2026-08-18T15:30:00Z,2026-08-18T15:00:00Z,2026-08-18,33,24025,26032
2026-08-18T16:00:00Z,2026-08-18T15:30:00Z,2026-08-18,34,25414,27510
2026-08-18T16:30:00Z,2026-08-18T16:00:00Z,2026-08-18,35,26073,28350
2026-08-18T17:00:00Z,2026-08-18T16:30:00Z,2026-08-18,36,27183,29606
2026-08-18T17:30:00Z,2026-08-18T17:00:00Z,2026-08-18,37,27768,30166
2026-08-18T18:00:00Z,2026-08-18T17:30:00Z,2026-08-18,38,28470,30715
2026-08-18T18:30:00Z,2026-08-18T18:00:00Z,2026-08-18,39,28876,31606
2026-08-18T19:00:00Z,2026-08-18T18:30:00Z,2026-08-18,40,28812,31568
2026-08-18T19:30:00Z,2026-08-18T19:00:00Z,2026-08-18,41,28523,30891
2026-08-18T20:00:00Z,2026-08-18T19:30:00Z,2026-08-18,42,28209,30526
2026-08-18T20:30:00Z,2026-08-18T20:00:00Z,2026-08-18,43,27653,29607
2026-08-18T21:00:00Z,2026-08-18T20:30:00Z,2026-08-18,44,26394,28435
2026-08-18T21:30:00Z,2026-08-18T21:00:00Z,2026-08-18,45,25392,27531
2026-08-18T22:00:00Z,2026-08-18T21:30:00Z,2026-08-18,46,24399,26469
2026-08-18T22:30:00Z,2026-08-18T22:00:00Z,2026-08-18,47,22838,26452
2026-08-18T23:00:00Z,2026-08-18T22:30:00Z,2026-08-18,48,22411,25853
2026-08-18T23:30:00Z,2026-08-18T23:00:00Z,2026-08-19,1,22566,24736
2026-08-19T00:00:00Z,2026-08-18T23:30:00Z,2026-08-19,2,22285,24274
2026-08-19T00:30:00Z,2026-08-19T00:00:00Z,2026-08-19,3,22291,23797
2026-08-19T01:00:00Z,2026-08-19T00:30:00Z,2026-08-19,4,21994,23373
2026-08-19T01:30:00Z,2026-08-19T01:00:00Z,2026-08-19,5,21900,23195
2026-08-19T02:00:00Z,2026-08-19T01:30:00Z,2026-08-19,6,21397,22706
2026-08-19T02:30:00Z,2026-08-19T02:00:00Z,2026-08-19,7,20879,22882
2026-08-19T03:00:00Z,2026-08-19T02:30:00Z,2026-08-19,8,20785,22736
2026-08-19T03:30:00Z,2026-08-19T03:00:00Z,2026-08-19,9,20082,23349
2026-08-19T04:00:00Z,2026-08-19T03:30:00Z,2026-08-19,10,19980,23265
2026-08-19T04:30:00Z,2026-08-19T04:00:00Z,2026-08-19,11,19766,24391
2026-08-19T05:00:00Z,2026-08-19T04:30:00Z,2026-08-19,12,20053,24681
2026-08-19T05:30:00Z,2026-08-19T05:00:00Z,2026-08-19,13,21312,23860
2026-08-19T06:00:00Z,2026-08-19T05:30:00Z,2026-08-19,14,22311,24812
2026-08-19T06:30:00Z,2026-08-19T06:00:00Z,2026-08-19,15,24385,25971
2026-08-19T07:00:00Z,2026-08-19T06:30:00Z,2026-08-19,16,24504,26276
2026-08-19T07:30:00Z,2026-08-19T07:00:00Z,2026-08-19,17,25690,27231
2026-08-19T08:00:00Z,2026-08-19T07:30:00Z,2026-08-19,18,25437,27061
2026-08-19T08:30:00Z,2026-08-19T08:00:00Z,2026-08-19,19,26117,27553
2026-08-19T09:00:00Z,2026-08-19T08:30:00Z,2026-08-19,20,25383,26584
2026-08-19T09:30:00Z,2026-08-19T09:00:00Z,2026-08-19,21,24647,25638
2026-08-19T10:00:00Z,2026-08-19T09:30:00Z,2026-08-19,22,23803,24586
2026-08-19T10:30:00Z,2026-08-19T10:00:00Z,2026-08-19,23,23134,24377
2026-08-19T11:00:00Z,2026-08-19T10:30:00Z,2026-08-19,24,22748,24258
2026-08-19T11:30:00Z,2026-08-19T11:00:00Z,2026-08-19,25,22260,24099
2026-08-19T12:00:00Z,2026-08-19T11:30:00Z,2026-08-19,26,21909,23949
2026-08-19T12:30:00Z,2026-08-19T12:00:00Z,2026-08-19,27,22069,23839
2026-08-19T13:00:00Z,2026-08-19T12:30:00Z,2026-08-19,28,21731,23409
2026-08-19T13:30:00Z,2026-08-19T13:00:00Z,2026-08-19,29,22015,23533
2026-08-19T14:00:00Z,2026-08-19T13:30:00Z,2026-08-19,30,21760,23123
2026-08-19T14:30:00Z,2026-08-19T14:00:00Z,2026-08-19,31,21442,22449
2026-08-19T15:00:00Z,2026-08-19T14:30:00Z,2026-08-19,32,21737,22535
2026-08-19T15:30:00Z,2026-08-19T15:00:00Z,2026-08-19,33,21900,23190
2026-08-19T16:00:00Z,2026-08-19T15:30:00Z,2026-08-19,34,23170,24936
2026-08-19T16:30:00Z,2026-08-19T16:00:00Z,2026-08-19,35,24851,27040
2026-08-19T17:00:00Z,2026-08-19T16:30:00Z,2026-08-19,36,26077,28314
2026-08-19T17:30:00Z,2026-08-19T17:00:00Z,2026-08-19,37,27239,28495
2026-08-19T18:00:00Z,2026-08-19T17:30:00Z,2026-08-19,38,27822,29024
2026-08-19T18:30:00Z,2026-08-19T18:00:00Z,2026-08-19,39,28392,29754
2026-08-19T19:00:00Z,2026-08-19T18:30:00Z,2026-08-19,40,28808,30229
2026-08-19T19:30:00Z,2026-08-19T19:00:00Z,2026-08-19,41,28577,30148
2026-08-19T20:00:00Z,2026-08-19T19:30:00Z,2026-08-19,42,28244,29851
2026-08-19T20:30:00Z,2026-08-19T20:00:00Z,2026-08-19,43,27658,29207
2026-08-19T21:00:00Z,2026-08-19T20:30:00Z,2026-08-19,44,26627,28315
2026-08-19T21:30:00Z,2026-08-19T21:00:00Z,2026-08-19,45,24984,27227
2026-08-19T22:00:00Z,2026-08-19T21:30:00Z,2026-08-19,46,23716,25971
2026-08-19T22:30:00Z,2026-08-19T22:00:00Z,2026-08-19,47,22405,24393
2026-08-19T23:00:00Z,2026-08-19T22:30:00Z,2026-08-19,48,21748,23504
2026-08-19T23:30:00Z,2026-08-19T23:00:00Z,2026-08-20,1,21456,22863
2026-08-20T00:00:00Z,2026-08-19T23:30:00Z,2026-08-20,2,21266,22548
2026-08-20T00:30:00Z,2026-08-20T00:00:00Z,2026-08-20,3,20863,22162
2026-08-20T01:00:00Z,2026-08-20T00:30:00Z,2026-08-20,4,20761,22186
2026-08-20T01:30:00Z,2026-08-20T01:00:00Z,2026-08-20,5,20548,22464
2026-08-20T02:00:00Z,2026-08-20T01:30:00Z,2026-08-20,6,20058,21929
2026-08-20T02:30:00Z,2026-08-20T02:00:00Z,2026-08-20,7,19133,22023
2026-08-20T03:00:00Z,2026-08-20T02:30:00Z,2026-08-20,8,19589,22371
2026-08-20T03:30:00Z,2026-08-20T03:00:00Z,2026-08-20,9,19326,22852
2026-08-20T04:00:00Z,2026-08-20T03:30:00Z,2026-08-20,10,18986,22577
2026-08-20T04:30:00Z,2026-08-20T04:00:00Z,2026-08-20,11,19019,23267
2026-08-20T05:00:00Z,2026-08-20T04:30:00Z,2026-08-20,12,19307,23534
2026-08-20T05:30:00Z,2026-08-20T05:00:00Z,2026-08-20,13,20942,23714
2026-08-20T06:00:00Z,2026-08-20T05:30:00Z,2026-08-20,14,22038,24833
2026-08-20T06:30:00Z,2026-08-20T06:00:00Z,2026-08-20,15,24038,25283
2026-08-20T07:00:00Z,2026-08-20T06:30:00Z,2026-08-20,16,23934,25480
2026-08-20T07:30:00Z,2026-08-20T07:00:00Z,2026-08-20,17,24507,26162
2026-08-20T08:00:00Z,2026-08-20T07:30:00Z,2026-08-20,18,24406,26083
2026-08-20T08:30:00Z,2026-08-20T08:00:00Z,2026-08-20,19,24619,26324
2026-08-20T09:00:00Z,2026-08-20T08:30:00Z,2026-08-20,20,23631,25337
2026-08-20T09:30:00Z,2026-08-20T09:00:00Z,2026-08-20,21,23295,25039
2026-08-20T10:00:00Z,2026-08-20T09:30:00Z,2026-08-20,22,23001,24668
2026-08-20T10:30:00Z,2026-08-20T10:00:00Z,2026-08-20,23,22564,24624
2026-08-20T11:00:00Z,2026-08-20T10:30:00Z,2026-08-20,24,22531,24523
2026-08-20T11:30:00Z,2026-08-20T11:00:00Z,2026-08-20,25,22489,24486
2026-08-20T12:00:00Z,2026-08-20T11:30:00Z,2026-08-20,26,22071,23968
2026-08-20T12:30:00Z,2026-08-20T12:00:00Z,2026-08-20,27,21804,23677
2026-08-20T13:00:00Z,2026-08-20T12:30:00Z,2026-08-20,28,21772,23706
2026-08-20T13:30:00Z,2026-08-20T13:00:00Z,2026-08-20,29,21821,23856
2026-08-20T14:00:00Z,2026-08-20T13:30:00Z,2026-08-20,30,22150,23967
2026-08-20T14:30:00Z,2026-08-20T14:00:00Z,2026-08-20,31,22304,24337
2026-08-20T15:00:00Z,2026-08-20T14:30:00Z,2026-08-20,32,23229,24769
2026-08-20T15:30:00Z,2026-08-20T15:00:00Z,2026-08-20,33,23635,24636
2026-08-20T16:00:00Z,2026-08-20T15:30:00Z,2026-08-20,34,24754,25632
2026-08-20T16:30:00Z,2026-08-20T16:00:00Z,2026-08-20,35,25684,27236
2026-08-20T17:00:00Z,2026-08-20T16:30:00Z,2026-08-20,36,26868,28551
2026-08-20T17:30:00Z,2026-08-20T17:00:00Z,2026-08-20,37,27233,29220
2026-08-20T18:00:00Z,2026-08-20T17:30:00Z,2026-08-20,38,27913,30041
2026-08-20T18:30:00Z,2026-08-20T18:00:00Z,2026-08-20,39,28443,30833
2026-08-20T19:00:00Z,2026-08-20T18:30:00Z,2026-08-20,40,28471,30989
2026-08-20T19:30:00Z,2026-08-20T19:00:00Z,2026-08-20,41,27414,30552
2026-08-20T20:00:00Z,2026-08-20T19:30:00Z,2026-08-20,42,27505,30668
2026-08-20T20:30:00Z,2026-08-20T20:00:00Z,2026-08-20,43,27082,29814
2026-08-20T21:00:00Z,2026-08-20T20:30:00Z,2026-08-20,44,26084,28865
2026-08-20T21:30:00Z,2026-08-20T21:00:00Z,2026-08-20,45,25170,27793
2026-08-20T22:00:00Z,2026-08-20T21:30:00Z,2026-08-20,46,24059,26637
2026-08-20T22:30:00Z,2026-08-20T22:00:00Z,2026-08-20,47,23394,25370
2026-08-20T23:00:00Z,2026-08-20T22:30:00Z,2026-08-20,48,22678,24589
2026-08-20T23:30:00Z,2026-08-20T23:00:00Z,2026-08-21,1,22880,24232
2026-08-21T00:00:00Z,2026-08-20T23:30:00Z,2026-08-21,2,22462,23756
2026-08-21T00:30:00Z,2026-08-21T00:00:00Z,2026-08-21,3,21913,23299
2026-08-21T01:00:00Z,2026-08-21T00:30:00Z,2026-08-21,4,21142,22616
2026-08-21T01:30:00Z,2026-08-21T01:00:00Z,2026-08-21,5,20470,22436
2026-08-21T02:00:00Z,2026-08-21T01:30:00Z,2026-08-21,6,20263,22261
2026-08-21T02:30:00Z,2026-08-21T02:00:00Z,2026-08-21,7,19872,22274
2026-08-21T03:00:00Z,2026-08-21T02:30:00Z,2026-08-21,8,19940,22280
2026-08-21T03:30:00Z,2026-08-21T03:00:00Z,2026-08-21,9,19727,22727
2026-08-21T04:00:00Z,2026-08-21T03:30:00Z,2026-08-21,10,19054,22151
2026-08-21T04:30:00Z,2026-08-21T04:00:00Z,2026-08-21,11,19025,22418
2026-08-21T05:00:00Z,2026-08-21T04:30:00Z,2026-08-21,12,19553,23039
2026-08-21T05:30:00Z,2026-08-21T05:00:00Z,2026-08-21,13,20768,22773
2026-08-21T06:00:00Z,2026-08-21T05:30:00Z,2026-08-21,14,21629,23791
2026-08-21T06:30:00Z,2026-08-21T06:00:00Z,2026-08-21,15,23433,25279
2026-08-21T07:00:00Z,2026-08-21T06:30:00Z,2026-08-21,16,23814,25769
2026-08-21T07:30:00Z,2026-08-21T07:00:00Z,2026-08-21,17,24034,26167
2026-08-21T08:00:00Z,2026-08-21T07:30:00Z,2026-08-21,18,23265,25211
2026-08-21T08:30:00Z,2026-08-21T08:00:00Z,2026-08-21,19,22447,24356
2026-08-21T09:00:00Z,2026-08-21T08:30:00Z,2026-08-21,20,21164,23015
2026-08-21T09:30:00Z,2026-08-21T09:00:00Z,2026-08-21,21,20830,22472
2026-08-21T10:00:00Z,2026-08-21T09:30:00Z,2026-08-21,22,20512,22341
2026-08-21T10:30:00Z,2026-08-21T10:00:00Z,2026-08-21,23,20437,22242
2026-08-21T11:00:00Z,2026-08-21T10:30:00Z,2026-08-21,24,20511,22428
2026-08-21T11:30:00Z,2026-08-21T11:00:00Z,2026-08-21,25,20939,22860
2026-08-21T12:00:00Z,2026-08-21T11:30:00Z,2026-08-21,26,20826,22632
2026-08-21T12:30:00Z,2026-08-21T12:00:00Z,2026-08-21,27,20920,22710
2026-08-21T13:00:00Z,2026-08-21T12:30:00Z,2026-08-21,28,20787,22571
2026-08-21T13:30:00Z,2026-08-21T13:00:00Z,2026-08-21,29,20632,22320
2026-08-21T14:00:00Z,2026-08-21T13:30:00Z,2026-08-21,30,21171,22665
2026-08-21T14:30:00Z,2026-08-21T14:00:00Z,2026-08-21,31,21303,22866
2026-08-21T15:00:00Z,2026-08-21T14:30:00Z,2026-08-21,32,22076,23484
2026-08-21T15:30:00Z,2026-08-21T15:00:00Z,2026-08-21,33,22242,25299
2026-08-21T16:00:00Z,2026-08-21T15:30:00Z,2026-08-21,34,23628,26845
2026-08-21T16:30:00Z,2026-08-21T16:00:00Z,2026-08-21,35,24718,29029
2026-08-21T17:00:00Z,2026-08-21T16:30:00Z,2026-08-21,36,25340,29682
2026-08-21T17:30:00Z,2026-08-21T17:00:00Z,2026-08-21,37,26070,29934
2026-08-21T18:00:00Z,2026-08-21T17:30:00Z,2026-08-21,38,26518,30541
2026-08-21T18:30:00Z,2026-08-21T18:00:00Z,2026-08-21,39,27010,30283
2026-08-21T19:00:00Z,2026-08-21T18:30:00Z,2026-08-21,40,27147,30265
2026-08-21T19:30:00Z,2026-08-21T19:00:00Z,2026-08-21,41,27223,28917
2026-08-21T20:00:00Z,2026-08-21T19:30:00Z,2026-08-21,42,26983,28627
2026-08-21T20:30:00Z,2026-08-21T20:00:00Z,2026-08-21,43,27210,28824
2026-08-21T21:00:00Z,2026-08-21T20:30:00Z,2026-08-21,44,25684,27525
2026-08-21T21:30:00Z,2026-08-21T21:00:00Z,2026-08-21,45,24660,26613
2026-08-21T22:00:00Z,2026-08-21T21:30:00Z,2026-08-21,46,23652,25579
2026-08-21T22:30:00Z,2026-08-21T22:00:00Z,2026-08-21,47,22780,24552
2026-08-21T23:00:00Z,2026-08-21T22:30:00Z,2026-08-21,48,22170,23740
2026-08-21T23:30:00Z,2026-08-21T23:00:00Z,2026-08-22,1,22126,23651
2026-08-22T00:00:00Z,2026-08-21T23:30:00Z,2026-08-22,2,21659,23168
2026-08-22T00:30:00Z,2026-08-22T00:00:00Z,2026-08-22,3,20677,22189
2026-08-22T01:00:00Z,2026-08-22T00:30:00Z,2026-08-22,4,20532,22250
2026-08-22T01:30:00Z,2026-08-22T01:00:00Z,2026-08-22,5,20363,22271
2026-08-22T02:00:00Z,2026-08-22T01:30:00Z,2026-08-22,6,20119,22145
2026-08-22T02:30:00Z,2026-08-22T02:00:00Z,2026-08-22,7,19648,21996
2026-08-22T03:00:00Z,2026-08-22T02:30:00Z,2026-08-22,8,19151,21655
2026-08-22T03:30:00Z,2026-08-22T03:00:00Z,2026-08-22,9,18729,21517
2026-08-22T04:00:00Z,2026-08-22T03:30:00Z,2026-08-22,10,18363,21403
2026-08-22T04:30:00Z,2026-08-22T04:00:00Z,2026-08-22,11,18489,21270
2026-08-22T05:00:00Z,2026-08-22T04:30:00Z,2026-08-22,12,18264,21223
2026-08-22T05:30:00Z,2026-08-22T05:00:00Z,2026-08-22,13,18885,21876
2026-08-22T06:00:00Z,2026-08-22T05:30:00Z,2026-08-22,14,19292,21983
2026-08-22T06:30:00Z,2026-08-22T06:00:00Z,2026-08-22,15,20045,22462
2026-08-22T07:00:00Z,2026-08-22T06:30:00Z,2026-08-22,16,19952,22312
2026-08-22T07:30:00Z,2026-08-22T07:00:00Z,2026-08-22,17,20016,22919
2026-08-22T08:00:00Z,2026-08-22T07:30:00Z,2026-08-22,18,19506,22417
2026-08-22T08:30:00Z,2026-08-22T08:00:00Z,2026-08-22,19,19026,21932
2026-08-22T09:00:00Z,2026-08-22T08:30:00Z,2026-08-22,20,18435,21370
2026-08-22T09:30:00Z,2026-08-22T09:00:00Z,2026-08-22,21,18044,21121
2026-08-22T10:00:00Z,2026-08-22T09:30:00Z,2026-08-22,22,17555,20704
2026-08-22T10:30:00Z,2026-08-22T10:00:00Z,2026-08-22,23,17168,20307
2026-08-22T11:00:00Z,2026-08-22T10:30:00Z,2026-08-22,24,16925,20066
2026-08-22T11:30:00Z,2026-08-22T11:00:00Z,2026-08-22,25,16725,19855
2026-08-22T12:00:00Z,2026-08-22T11:30:00Z,2026-08-22,26,16583,19699
2026-08-22T12:30:00Z,2026-08-22T12:00:00Z,2026-08-22,27,16366,19485
2026-08-22T13:00:00Z,2026-08-22T12:30:00Z,2026-08-22,28,16288,19398
2026-08-22T13:30:00Z,2026-08-22T13:00:00Z,2026-08-22,29,16157,19269
2026-08-22T14:00:00Z,2026-08-22T13:30:00Z,2026-08-22,30,16117,19223
2026-08-22T14:30:00Z,2026-08-22T14:00:00Z,2026-08-22,31,16478,19589
2026-08-22T15:00:00Z,2026-08-22T14:30:00Z,2026-08-22,32,17104,20171
2026-08-22T15:30:00Z,2026-08-22T15:00:00Z,2026-08-22,33,18185,20995
2026-08-22T16:00:00Z,2026-08-22T15:30:00Z,2026-08-22,34,19650,22166
2026-08-22T16:30:00Z,2026-08-22T16:00:00Z,2026-08-22,35,21553,23564
2026-08-22T17:00:00Z,2026-08-22T16:30:00Z,2026-08-22,36,23023,25105
2026-08-22T17:30:00Z,2026-08-22T17:00:00Z,2026-08-22,37,24062,26149
2026-08-22T18:00:00Z,2026-08-22T17:30:00Z,2026-08-22,38,25064,27075
2026-08-22T18:30:00Z,2026-08-22T18:00:00Z,2026-08-22,39,25416,27427
2026-08-22T19:00:00Z,2026-08-22T18:30:00Z,2026-08-22,40,25526,27537
2026-08-22T19:30:00Z,2026-08-22T19:00:00Z,2026-08-22,41,25936,27939
2026-08-22T20:00:00Z,2026-08-22T19:30:00Z,2026-08-22,42,25736,27741
2026-08-22T20:30:00Z,2026-08-22T20:00:00Z,2026-08-22,43,24818,26825
2026-08-22T21:00:00Z,2026-08-22T20:30:00Z,2026-08-22,44,24513,26518
2026-08-22T21:30:00Z,2026-08-22T21:00:00Z,2026-08-22,45,24026,26035
2026-08-22T22:00:00Z,2026-08-22T21:30:00Z,2026-08-22,46,22762,24773
2026-08-22T22:30:00Z,2026-08-22T22:00:00Z,2026-08-22,47,21907,23922
2026-08-22T23:00:00Z,2026-08-22T22:30:00Z,2026-08-22,48,21438,23450
2026-08-22T23:30:00Z,2026-08-22T23:00:00Z,2026-08-23,1,20990,22994
2026-08-23T00:00:00Z,2026-08-22T23:30:00Z,2026-08-23,2,20635,22639
2026-08-23T00:30:00Z,2026-08-23T00:00:00Z,2026-08-23,3,20279,22283
2026-08-23T01:00:00Z,2026-08-23T00:30:00Z,2026-08-23,4,20043,21990
2026-08-23T01:30:00Z,2026-08-23T01:00:00Z,2026-08-23,5,19616,21617
2026-08-23T02:00:00Z,2026-08-23T01:30:00Z,2026-08-23,6,19326,21330
2026-08-23T02:30:00Z,2026-08-23T02:00:00Z,2026-08-23,7,18801,20793
2026-08-23T03:00:00Z,2026-08-23T02:30:00Z,2026-08-23,8,18513,20457
2026-08-23T03:30:00Z,2026-08-23T03:00:00Z,2026-08-23,9,18379,20259
2026-08-23T04:00:00Z,2026-08-23T03:30:00Z,2026-08-23,10,18226,20126
2026-08-23T04:30:00Z,2026-08-23T04:00:00Z,2026-08-23,11,18156,20116
2026-08-23T05:00:00Z,2026-08-23T04:30:00Z,2026-08-23,12,17921,19919
2026-08-23T05:30:00Z,2026-08-23T05:00:00Z,2026-08-23,13,18153,20122
2026-08-23T06:00:00Z,2026-08-23T05:30:00Z,2026-08-23,14,18163,20167
2026-08-23T06:30:00Z,2026-08-23T06:00:00Z,2026-08-23,15,18175,20156
2026-08-23T07:00:00Z,2026-08-23T06:30:00Z,2026-08-23,16,18101,20077
2026-08-23T07:30:00Z,2026-08-23T07:00:00Z,2026-08-23,17,17773,19716
2026-08-23T08:00:00Z,2026-08-23T07:30:00Z,2026-08-23,18,17330,19127
2026-08-23T08:30:00Z,2026-08-23T08:00:00Z,2026-08-23,19,16702,18574
2026-08-23T09:00:00Z,2026-08-23T08:30:00Z,2026-08-23,20,16007,17868
2026-08-23T09:30:00Z,2026-08-23T09:00:00Z,2026-08-23,21,15691,17452
2026-08-23T10:00:00Z,2026-08-23T09:30:00Z,2026-08-23,22,15282,17126
2026-08-23T10:30:00Z,2026-08-23T10:00:00Z,2026-08-23,23,15351,17397
2026-08-23T11:00:00Z,2026-08-23T10:30:00Z,2026-08-23,24,15392,17582
2026-08-23T11:30:00Z,2026-08-23T11:00:00Z,2026-08-23,25,15701,18287
2026-08-23T12:00:00Z,2026-08-23T11:30:00Z,2026-08-23,26,15726,18244
2026-08-23T12:30:00Z,2026-08-23T12:00:00Z,2026-08-23,27,15524,17917
2026-08-23T13:00:00Z,2026-08-23T12:30:00Z,2026-08-23,28,15134,17709
2026-08-23T13:30:00Z,2026-08-23T13:00:00Z,2026-08-23,29,15165,17563
2026-08-23T14:00:00Z,2026-08-23T13:30:00Z,2026-08-23,30,15170,17490
2026-08-23T14:30:00Z,2026-08-23T14:00:00Z,2026-08-23,31,15503,17562
2026-08-23T15:00:00Z,2026-08-23T14:30:00Z,2026-08-23,32,16276,18188
2026-08-23T15:30:00Z,2026-08-23T15:00:00Z,2026-08-23,33,17591,19351
2026-08-23T16:00:00Z,2026-08-23T15:30:00Z,2026-08-23,34,19420,21203
2026-08-23T16:30:00Z,2026-08-23T16:00:00Z,2026-08-23,35,21183,23017
2026-08-23T17:00:00Z,2026-08-23T16:30:00Z,2026-08-23,36,22676,24655
2026-08-23T17:30:00Z,2026-08-23T17:00:00Z,2026-08-23,37,24051,26061
2026-08-23T18:00:00Z,2026-08-23T17:30:00Z,2026-08-23,38,25365,27372
2026-08-23T18:30:00Z,2026-08-23T18:00:00Z,2026-08-23,39,25852,27860
2026-08-23T19:00:00Z,2026-08-23T18:30:00Z,2026-08-23,40,26128,28136
2026-08-23T19:30:00Z,2026-08-23T19:00:00Z,2026-08-23,41,25947,27955
2026-08-23T20:00:00Z,2026-08-23T19:30:00Z,2026-08-23,42,26392,28400
2026-08-23T20:30:00Z,2026-08-23T20:00:00Z,2026-08-23,43,25668,27676
2026-08-23T21:00:00Z,2026-08-23T20:30:00Z,2026-08-23,44,24895,26903
2026-08-23T21:30:00Z,2026-08-23T21:00:00Z,2026-08-23,45,23964,25974
2026-08-23T22:00:00Z,2026-08-23T21:30:00Z,2026-08-23,46,22841,24850
2026-08-23T22:30:00Z,2026-08-23T22:00:00Z,2026-08-23,47,21763,23744
2026-08-23T23:00:00Z,2026-08-23T22:30:00Z,2026-08-23,48,21206,23098
2026-08-23T23:30:00Z,2026-08-23T23:00:00Z,2026-08-24,1,21124,22935
2026-08-24T00:00:00Z,2026-08-23T23:30:00Z,2026-08-24,2,20973,22630
2026-08-24T00:30:00Z,2026-08-24T00:00:00Z,2026-08-24,3,20785,22366
2026-08-24T01:00:00Z,2026-08-24T00:30:00Z,2026-08-24,4,20417,22058
2026-08-24T01:30:00Z,2026-08-24T01:00:00Z,2026-08-24,5,20262,21907
2026-08-24T02:00:00Z,2026-08-24T01:30:00Z,2026-08-24,6,19645,21279
2026-08-24T02:30:00Z,2026-08-24T02:00:00Z,2026-08-24,7,19332,20907
2026-08-24T03:00:00Z,2026-08-24T02:30:00Z,2026-08-24,8,19032,20521
2026-08-24T03:30:00Z,2026-08-24T03:00:00Z,2026-08-24,9,18463,20271
2026-08-24T04:00:00Z,2026-08-24T03:30:00Z,2026-08-24,10,18288,20119
2026-08-24T04:30:00Z,2026-08-24T04:00:00Z,2026-08-24,11,18464,20974
2026-08-24T05:00:00Z,2026-08-24T04:30:00Z,2026-08-24,12,19125,21702
2026-08-24T05:30:00Z,2026-08-24T05:00:00Z,2026-08-24,13,20830,22736
2026-08-24T06:00:00Z,2026-08-24T05:30:00Z,2026-08-24,14,21627,23699
2026-08-24T06:30:00Z,2026-08-24T06:00:00Z,2026-08-24,15,23387,25397
2026-08-24T07:00:00Z,2026-08-24T06:30:00Z,2026-08-24,16,23871,25885
2026-08-24T07:30:00Z,2026-08-24T07:00:00Z,2026-08-24,17,23782,25797
2026-08-24T08:00:00Z,2026-08-24T07:30:00Z,2026-08-24,18,22985,25000
2026-08-24T08:30:00Z,2026-08-24T08:00:00Z,2026-08-24,19,22261,24276
2026-08-24T09:00:00Z,2026-08-24T08:30:00Z,2026-08-24,20,21506,23422
2026-08-24T09:30:00Z,2026-08-24T09:00:00Z,2026-08-24,21,20712,22409
2026-08-24T10:00:00Z,2026-08-24T09:30:00Z,2026-08-24,22,19624,21165
2026-08-24T10:30:00Z,2026-08-24T10:00:00Z,2026-08-24,23,19408,20944
2026-08-24T11:00:00Z,2026-08-24T10:30:00Z,2026-08-24,24,19112,20648
2026-08-24T11:30:00Z,2026-08-24T11:00:00Z,2026-08-24,25,18715,20248
2026-08-24T12:00:00Z,2026-08-24T11:30:00Z,2026-08-24,26,18242,19836
2026-08-24T12:30:00Z,2026-08-24T12:00:00Z,2026-08-24,27,17875,19474
2026-08-24T13:00:00Z,2026-08-24T12:30:00Z,2026-08-24,28,17910,19508
2026-08-24T13:30:00Z,2026-08-24T13:00:00Z,2026-08-24,29,18164,19867
2026-08-24T14:00:00Z,2026-08-24T13:30:00Z,2026-08-24,30,18292,20295
2026-08-24T14:30:00Z,2026-08-24T14:00:00Z,2026-08-24,31,18447,20775
2026-08-24T15:00:00Z,2026-08-24T14:30:00Z,2026-08-24,32,19166,21621
2026-08-24T15:30:00Z,2026-08-24T15:00:00Z,2026-08-24,33,19875,22036
2026-08-24T16:00:00Z,2026-08-24T15:30:00Z,2026-08-24,34,21458,23604
2026-08-24T16:30:00Z,2026-08-24T16:00:00Z,2026-08-24,35,23199,25529
2026-08-24T17:00:00Z,2026-08-24T16:30:00Z,2026-08-24,36,25075,27560
2026-08-24T17:30:00Z,2026-08-24T17:00:00Z,2026-08-24,37,25685,29332
2026-08-24T18:00:00Z,2026-08-24T17:30:00Z,2026-08-24,38,26765,30504
2026-08-24T18:30:00Z,2026-08-24T18:00:00Z,2026-08-24,39,27068,31044
2026-08-24T19:00:00Z,2026-08-24T18:30:00Z,2026-08-24,40,27471,31401
2026-08-24T19:30:00Z,2026-08-24T19:00:00Z,2026-08-24,41,27548,30177
2026-08-24T20:00:00Z,2026-08-24T19:30:00Z,2026-08-24,42,27933,30480
2026-08-24T20:30:00Z,2026-08-24T20:00:00Z,2026-08-24,43,27130,29139
2026-08-24T21:00:00Z,2026-08-24T20:30:00Z,2026-08-24,44,26175,28181
2026-08-24T21:30:00Z,2026-08-24T21:00:00Z,2026-08-24,45,24688,26879
2026-08-24T22:00:00Z,2026-08-24T21:30:00Z,2026-08-24,46,23233,25421
2026-08-24T22:30:00Z,2026-08-24T22:00:00Z,2026-08-24,47,22396,24414
2026-08-24T23:00:00Z,2026-08-24T22:30:00Z,2026-08-24,48,21373,23017
2026-08-24T23:30:00Z,2026-08-24T23:00:00Z,2026-08-25,1,21458,22893
2026-08-25T00:00:00Z,2026-08-24T23:30:00Z,2026-08-25,2,20995,22422
2026-08-25T00:30:00Z,2026-08-25T00:00:00Z,2026-08-25,3,20752,22173
2026-08-25T01:00:00Z,2026-08-25T00:30:00Z,2026-08-25,4,20569,21908
2026-08-25T01:30:00Z,2026-08-25T01:00:00Z,2026-08-25,5,19881,21264
2026-08-25T02:00:00Z,2026-08-25T01:30:00Z,2026-08-25,6,19504,20891
2026-08-25T02:30:00Z,2026-08-25T02:00:00Z,2026-08-25,7,19245,20627
2026-08-25T03:00:00Z,2026-08-25T02:30:00Z,2026-08-25,8,19237,20518
2026-08-25T03:30:00Z,2026-08-25T03:00:00Z,2026-08-25,9,18824,20119
2026-08-25T04:00:00Z,2026-08-25T03:30:00Z,2026-08-25,10,18805,20038
2026-08-25T04:30:00Z,2026-08-25T04:00:00Z,2026-08-25,11,18944,20250
2026-08-25T05:00:00Z,2026-08-25T04:30:00Z,2026-08-25,12,19531,20930
2026-08-25T05:30:00Z,2026-08-25T05:00:00Z,2026-08-25,13,20796,22157
2026-08-25T06:00:00Z,2026-08-25T05:30:00Z,2026-08-25,14,21670,23037
2026-08-25T06:30:00Z,2026-08-25T06:00:00Z,2026-08-25,15,23293,24929
2026-08-25T07:00:00Z,2026-08-25T06:30:00Z,2026-08-25,16,23928,25864
2026-08-25T07:30:00Z,2026-08-25T07:00:00Z,2026-08-25,17,24571,26580
2026-08-25T08:00:00Z,2026-08-25T07:30:00Z,2026-08-25,18,24454,26463
2026-08-25T08:30:00Z,2026-08-25T08:00:00Z,2026-08-25,19,23252,25257
2026-08-25T09:00:00Z,2026-08-25T08:30:00Z,2026-08-25,20,22479,24546
2026-08-25T09:30:00Z,2026-08-25T09:00:00Z,2026-08-25,21,21388,24161
2026-08-25T10:00:00Z,2026-08-25T09:30:00Z,2026-08-25,22,20928,23861
2026-08-25T10:30:00Z,2026-08-25T10:00:00Z,2026-08-25,23,19706,22805
2026-08-25T11:00:00Z,2026-08-25T10:30:00Z,2026-08-25,24,19481,22596
2026-08-25T11:30:00Z,2026-08-25T11:00:00Z,2026-08-25,25,19485,22237
2026-08-25T12:00:00Z,2026-08-25T11:30:00Z,2026-08-25,26,19259,21982
2026-08-25T12:30:00Z,2026-08-25T12:00:00Z,2026-08-25,27,18734,21366
2026-08-25T13:00:00Z,2026-08-25T12:30:00Z,2026-08-25,28,18739,21366
2026-08-25T13:30:00Z,2026-08-25T13:00:00Z,2026-08-25,29,18859,21689
2026-08-25T14:00:00Z,2026-08-25T13:30:00Z,2026-08-25,30,19499,22328
2026-08-25T14:30:00Z,2026-08-25T14:00:00Z,2026-08-25,31,20400,23223
2026-08-25T15:00:00Z,2026-08-25T14:30:00Z,2026-08-25,32,20817,23442
2026-08-25T15:30:00Z,2026-08-25T15:00:00Z,2026-08-25,33,21607,23496
2026-08-25T16:00:00Z,2026-08-25T15:30:00Z,2026-08-25,34,23291,25173
2026-08-25T16:30:00Z,2026-08-25T16:00:00Z,2026-08-25,35,25041,26978
2026-08-25T17:00:00Z,2026-08-25T16:30:00Z,2026-08-25,36,26605,28615
2026-08-25T17:30:00Z,2026-08-25T17:00:00Z,2026-08-25,37,27401,29630
2026-08-25T18:00:00Z,2026-08-25T17:30:00Z,2026-08-25,38,27976,30220
2026-08-25T18:30:00Z,2026-08-25T18:00:00Z,2026-08-25,39,28228,30320
2026-08-25T19:00:00Z,2026-08-25T18:30:00Z,2026-08-25,40,28306,30378
2026-08-25T19:30:00Z,2026-08-25T19:00:00Z,2026-08-25,41,28392,30401
2026-08-25T20:00:00Z,2026-08-25T19:30:00Z,2026-08-25,42,28249,30267
2026-08-25T20:30:00Z,2026-08-25T20:00:00Z,2026-08-25,43,27345,29673
2026-08-25T21:00:00Z,2026-08-25T20:30:00Z,2026-08-25,44,26333,28686
2026-08-25T21:30:00Z,2026-08-25T21:00:00Z,2026-08-25,45,24987,27517
2026-08-25T22:00:00Z,2026-08-25T21:30:00Z,2026-08-25,46,24082,26513
2026-08-25T22:30:00Z,2026-08-25T22:00:00Z,2026-08-25,47,22151,24430
2026-08-25T23:00:00Z,2026-08-25T22:30:00Z,2026-08-25,48,21922,23923
2026-08-25T23:30:00Z,2026-08-25T23:00:00Z,2026-08-26,1,22284,23615
2026-08-26T00:00:00Z,2026-08-25T23:30:00Z,2026-08-26,2,21564,22862
2026-08-26T00:30:00Z,2026-08-26T00:00:00Z,2026-08-26,3,21312,23002
2026-08-26T01:00:00Z,2026-08-26T00:30:00Z,2026-08-26,4,21036,22753
2026-08-26T01:30:00Z,2026-08-26T01:00:00Z,2026-08-26,5,20716,22275
2026-08-26T02:00:00Z,2026-08-26T01:30:00Z,2026-08-26,6,20362,21860
2026-08-26T02:30:00Z,2026-08-26T02:00:00Z,2026-08-26,7,20079,21573
2026-08-26T03:00:00Z,2026-08-26T02:30:00Z,2026-08-26,8,19995,21466
2026-08-26T03:30:00Z,2026-08-26T03:00:00Z,2026-08-26,9,19634,21660
2026-08-26T04:00:00Z,2026-08-26T03:30:00Z,2026-08-26,10,19617,21582
2026-08-26T04:30:00Z,2026-08-26T04:00:00Z,2026-08-26,11,19633,21714
2026-08-26T05:00:00Z,2026-08-26T04:30:00Z,2026-08-26,12,19822,22037
2026-08-26T05:30:00Z,2026-08-26T05:00:00Z,2026-08-26,13,21003,22927
2026-08-26T06:00:00Z,2026-08-26T05:30:00Z,2026-08-26,14,22264,24382
2026-08-26T06:30:00Z,2026-08-26T06:00:00Z,2026-08-26,15,24345,26299
2026-08-26T07:00:00Z,2026-08-26T06:30:00Z,2026-08-26,16,25329,27444
2026-08-26T07:30:00Z,2026-08-26T07:00:00Z,2026-08-26,17,26672,28681
2026-08-26T08:00:00Z,2026-08-26T07:30:00Z,2026-08-26,18,26455,28464
2026-08-26T08:30:00Z,2026-08-26T08:00:00Z,2026-08-26,19,26283,28289
2026-08-26T09:00:00Z,2026-08-26T08:30:00Z,2026-08-26,20,25645,27648
2026-08-26T09:30:00Z,2026-08-26T09:00:00Z,2026-08-26,21,24758,26762
2026-08-26T10:00:00Z,2026-08-26T09:30:00Z,2026-08-26,22,24125,26125
2026-08-26T10:30:00Z,2026-08-26T10:00:00Z,2026-08-26,23,24046,26051
2026-08-26T11:00:00Z,2026-08-26T10:30:00Z,2026-08-26,24,23031,25091
2026-08-26T11:30:00Z,2026-08-26T11:00:00Z,2026-08-26,25,22883,24930
2026-08-26T12:00:00Z,2026-08-26T11:30:00Z,2026-08-26,26,22637,24754
2026-08-26T12:30:00Z,2026-08-26T12:00:00Z,2026-08-26,27,22323,24563
2026-08-26T13:00:00Z,2026-08-26T12:30:00Z,2026-08-26,28,22248,24350
2026-08-26T13:30:00Z,2026-08-26T13:00:00Z,2026-08-26,29,22165,24287
2026-08-26T14:00:00Z,2026-08-26T13:30:00Z,2026-08-26,30,22022,24352
2026-08-26T14:30:00Z,2026-08-26T14:00:00Z,2026-08-26,31,22029,24107
2026-08-26T15:00:00Z,2026-08-26T14:30:00Z,2026-08-26,32,22801,24765
2026-08-26T15:30:00Z,2026-08-26T15:00:00Z,2026-08-26,33,23575,25451
2026-08-26T16:00:00Z,2026-08-26T15:30:00Z,2026-08-26,34,24751,26753
2026-08-26T16:30:00Z,2026-08-26T16:00:00Z,2026-08-26,35,25960,28124
2026-08-26T17:00:00Z,2026-08-26T16:30:00Z,2026-08-26,36,27194,29371
2026-08-26T17:30:00Z,2026-08-26T17:00:00Z,2026-08-26,37,27750,30878
2026-08-26T18:00:00Z,2026-08-26T17:30:00Z,2026-08-26,38,28978,32164
2026-08-26T18:30:00Z,2026-08-26T18:00:00Z,2026-08-26,39,29627,32327
2026-08-26T19:00:00Z,2026-08-26T18:30:00Z,2026-08-26,40,29850,32525
2026-08-26T19:30:00Z,2026-08-26T19:00:00Z,2026-08-26,41,29847,31862
2026-08-26T20:00:00Z,2026-08-26T19:30:00Z,2026-08-26,42,29144,31149
2026-08-26T20:30:00Z,2026-08-26T20:00:00Z,2026-08-26,43,28087,30111
2026-08-26T21:00:00Z,2026-08-26T20:30:00Z,2026-08-26,44,26961,28988
2026-08-26T21:30:00Z,2026-08-26T21:00:00Z,2026-08-26,45,26062,28069
2026-08-26T22:00:00Z,2026-08-26T21:30:00Z,2026-08-26,46,24798,26809
2026-08-26T22:30:00Z,2026-08-26T22:00:00Z,2026-08-26,47,23775,25714
2026-08-26T23:00:00Z,2026-08-26T22:30:00Z,2026-08-26,48,22861,24698
2026-08-26T23:30:00Z,2026-08-26T23:00:00Z,2026-08-27,1,22890,24551
2026-08-27T00:00:00Z,2026-08-26T23:30:00Z,2026-08-27,2,22602,24277
2026-08-27T00:30:00Z,2026-08-27T00:00:00Z,2026-08-27,3,22174,24049
2026-08-27T01:00:00Z,2026-08-27T00:30:00Z,2026-08-27,4,22015,23893
2026-08-27T01:30:00Z,2026-08-27T01:00:00Z,2026-08-27,5,21581,23589
2026-08-27T02:00:00Z,2026-08-27T01:30:00Z,2026-08-27,6,20939,22921
2026-08-27T02:30:00Z,2026-08-27T02:00:00Z,2026-08-27,7,20479,22849
2026-08-27T03:00:00Z,2026-08-27T02:30:00Z,2026-08-27,8,20073,22631
2026-08-27T03:30:00Z,2026-08-27T03:00:00Z,2026-08-27,9,19768,22390
2026-08-27T04:00:00Z,2026-08-27T03:30:00Z,2026-08-27,10,19780,22281
2026-08-27T04:30:00Z,2026-08-27T04:00:00Z,2026-08-27,11,19623,22971
2026-08-27T05:00:00Z,2026-08-27T04:30:00Z,2026-08-27,12,19821,23207
2026-08-27T05:30:00Z,2026-08-27T05:00:00Z,2026-08-27,13,21408,24135
2026-08-27T06:00:00Z,2026-08-27T05:30:00Z,2026-08-27,14,22872,25661
2026-08-27T06:30:00Z,2026-08-27T06:00:00Z,2026-08-27,15,24671,26852
2026-08-27T07:00:00Z,2026-08-27T06:30:00Z,2026-08-27,16,25708,27960
2026-08-27T07:30:00Z,2026-08-27T07:00:00Z,2026-08-27,17,27194,28913
2026-08-27T08:00:00Z,2026-08-27T07:30:00Z,2026-08-27,18,27773,29615
2026-08-27T08:30:00Z,2026-08-27T08:00:00Z,2026-08-27,19,28248,30147
2026-08-27T09:00:00Z,2026-08-27T08:30:00Z,2026-08-27,20,28112,29952
2026-08-27T09:30:00Z,2026-08-27T09:00:00Z,2026-08-27,21,28155,29933
2026-08-27T10:00:00Z,2026-08-27T09:30:00Z,2026-08-27,22,27996,30110
2026-08-27T10:30:00Z,2026-08-27T10:00:00Z,2026-08-27,23,28210,30425
2026-08-27T11:00:00Z,2026-08-27T10:30:00Z,2026-08-27,24,28061,30210
2026-08-27T11:30:00Z,2026-08-27T11:00:00Z,2026-08-27,25,27995,30002
2026-08-27T12:00:00Z,2026-08-27T11:30:00Z,2026-08-27,26,27498,29505
2026-08-27T12:30:00Z,2026-08-27T12:00:00Z,2026-08-27,27,26899,28907
2026-08-27T13:00:00Z,2026-08-27T12:30:00Z,2026-08-27,28,26322,28334
2026-08-27T13:30:00Z,2026-08-27T13:00:00Z,2026-08-27,29,26396,28403
2026-08-27T14:00:00Z,2026-08-27T13:30:00Z,2026-08-27,30,25951,27961
2026-08-27T14:30:00Z,2026-08-27T14:00:00Z,2026-08-27,31,25320,27328
2026-08-27T15:00:00Z,2026-08-27T14:30:00Z,2026-08-27,32,25939,27944
2026-08-27T15:30:00Z,2026-08-27T15:00:00Z,2026-08-27,33,25993,27998
2026-08-27T16:00:00Z,2026-08-27T15:30:00Z,2026-08-27,34,26556,28560
2026-08-27T16:30:00Z,2026-08-27T16:00:00Z,2026-08-27,35,27290,29290
2026-08-27T17:00:00Z,2026-08-27T16:30:00Z,2026-08-27,36,28273,30272
2026-08-27T17:30:00Z,2026-08-27T17:00:00Z,2026-08-27,37,28868,30959
2026-08-27T18:00:00Z,2026-08-27T17:30:00Z,2026-08-27,38,29330,31425
2026-08-27T18:30:00Z,2026-08-27T18:00:00Z,2026-08-27,39,29511,31508
2026-08-27T19:00:00Z,2026-08-27T18:30:00Z,2026-08-27,40,29306,31303
2026-08-27T19:30:00Z,2026-08-27T19:00:00Z,2026-08-27,41,29078,31081
2026-08-27T20:00:00Z,2026-08-27T19:30:00Z,2026-08-27,42,28544,30547
2026-08-27T20:30:00Z,2026-08-27T20:00:00Z,2026-08-27,43,28233,30232
2026-08-27T21:00:00Z,2026-08-27T20:30:00Z,2026-08-27,44,27319,29320
2026-08-27T21:30:00Z,2026-08-27T21:00:00Z,2026-08-27,45,26475,28479
2026-08-27T22:00:00Z,2026-08-27T21:30:00Z,2026-08-27,46,24685,26687
2026-08-27T22:30:00Z,2026-08-27T22:00:00Z,2026-08-27,47,23718,25951
2026-08-27T23:00:00Z,2026-08-27T22:30:00Z,2026-08-27,48,23390,25581
2026-08-27T23:30:00Z,2026-08-27T23:00:00Z,2026-08-28,1,23212,25019
2026-08-28T00:00:00Z,2026-08-27T23:30:00Z,2026-08-28,2,22700,24469
2026-08-28T00:30:00Z,2026-08-28T00:00:00Z,2026-08-28,3,22470,24106
2026-08-28T01:00:00Z,2026-08-28T00:30:00Z,2026-08-28,4,22380,23989
2026-08-28T01:30:00Z,2026-08-28T01:00:00Z,2026-08-28,5,22201,23996
2026-08-28T02:00:00Z,2026-08-28T01:30:00Z,2026-08-28,6,21622,23620
2026-08-28T02:30:00Z,2026-08-28T02:00:00Z,2026-08-28,7,20959,22862
2026-08-28T03:00:00Z,2026-08-28T02:30:00Z,2026-08-28,8,20521,22272
2026-08-28T03:30:00Z,2026-08-28T03:00:00Z,2026-08-28,9,19417,21347
2026-08-28T04:00:00Z,2026-08-28T03:30:00Z,2026-08-28,10,19342,21249
2026-08-28T04:30:00Z,2026-08-28T04:00:00Z,2026-08-28,11,19580,21445
2026-08-28T05:00:00Z,2026-08-28T04:30:00Z,2026-08-28,12,19887,21779
2026-08-28T05:30:00Z,2026-08-28T05:00:00Z,2026-08-28,13,21903,23761
2026-08-28T06:00:00Z,2026-08-28T05:30:00Z,2026-08-28,14,22501,24493
2026-08-28T06:30:00Z,2026-08-28T06:00:00Z,2026-08-28,15,24388,26401
2026-08-28T07:00:00Z,2026-08-28T06:30:00Z,2026-08-28,16,25124,27137
2026-08-28T07:30:00Z,2026-08-28T07:00:00Z,2026-08-28,17,25570,27583
2026-08-28T08:00:00Z,2026-08-28T07:30:00Z,2026-08-28,18,25405,27418
2026-08-28T08:30:00Z,2026-08-28T08:00:00Z,2026-08-28,19,24757,26770
2026-08-28T09:00:00Z,2026-08-28T08:30:00Z,2026-08-28,20,24332,26345
2026-08-28T09:30:00Z,2026-08-28T09:00:00Z,2026-08-28,21,23693,25705
2026-08-28T10:00:00Z,2026-08-28T09:30:00Z,2026-08-28,22,23103,25112
2026-08-28T10:30:00Z,2026-08-28T10:00:00Z,2026-08-28,23,21882,24522
2026-08-28T11:00:00Z,2026-08-28T10:30:00Z,2026-08-28,24,22037,24712
2026-08-28T11:30:00Z,2026-08-28T11:00:00Z,2026-08-28,25,21547,24181
2026-08-28T12:00:00Z,2026-08-28T11:30:00Z,2026-08-28,26,21922,24497
2026-08-28T12:30:00Z,2026-08-28T12:00:00Z,2026-08-28,27,22070,24674
2026-08-28T13:00:00Z,2026-08-28T12:30:00Z,2026-08-28,28,21949,24663
2026-08-28T13:30:00Z,2026-08-28T13:00:00Z,2026-08-28,29,22234,24938
2026-08-28T14:00:00Z,2026-08-28T13:30:00Z,2026-08-28,30,22659,25256
2026-08-28T14:30:00Z,2026-08-28T14:00:00Z,2026-08-28,31,22752,25489
2026-08-28T15:00:00Z,2026-08-28T14:30:00Z,2026-08-28,32,23036,25895
2026-08-28T15:30:00Z,2026-08-28T15:00:00Z,2026-08-28,33,23195,26383
2026-08-28T16:00:00Z,2026-08-28T15:30:00Z,2026-08-28,34,24354,27387
2026-08-28T16:30:00Z,2026-08-28T16:00:00Z,2026-08-28,35,25450,28102
2026-08-28T17:00:00Z,2026-08-28T16:30:00Z,2026-08-28,36,26063,28813
2026-08-28T17:30:00Z,2026-08-28T17:00:00Z,2026-08-28,37,26534,28673
2026-08-28T18:00:00Z,2026-08-28T17:30:00Z,2026-08-28,38,26876,28966
2026-08-28T18:30:00Z,2026-08-28T18:00:00Z,2026-08-28,39,27188,29200
2026-08-28T19:00:00Z,2026-08-28T18:30:00Z,2026-08-28,40,27371,29383
2026-08-28T19:30:00Z,2026-08-28T19:00:00Z,2026-08-28,41,27607,29619
2026-08-28T20:00:00Z,2026-08-28T19:30:00Z,2026-08-28,42,26947,28959
2026-08-28T20:30:00Z,2026-08-28T20:00:00Z,2026-08-28,43,26107,28201
2026-08-28T21:00:00Z,2026-08-28T20:30:00Z,2026-08-28,44,25033,27135
2026-08-28T21:30:00Z,2026-08-28T21:00:00Z,2026-08-28,45,24181,26549
2026-08-28T22:00:00Z,2026-08-28T21:30:00Z,2026-08-28,46,23284,25619
2026-08-28T22:30:00Z,2026-08-28T22:00:00Z,2026-08-28,47,22616,24970
2026-08-28T23:00:00Z,2026-08-28T22:30:00Z,2026-08-28,48,22208,24582
2026-08-28T23:30:00Z,2026-08-28T23:00:00Z,2026-08-29,1,21787,24785
2026-08-29T00:00:00Z,2026-08-28T23:30:00Z,2026-08-29,2,21558,24622
2026-08-29T00:30:00Z,2026-08-29T00:00:00Z,2026-08-29,3,21534,24432
2026-08-29T01:00:00Z,2026-08-29T00:30:00Z,2026-08-29,4,21009,23983
2026-08-29T01:30:00Z,2026-08-29T01:00:00Z,2026-08-29,5,20775,23806
2026-08-29T02:00:00Z,2026-08-29T01:30:00Z,2026-08-29,6,20255,23279
2026-08-29T02:30:00Z,2026-08-29T02:00:00Z,2026-08-29,7,19779,22739
2026-08-29T03:00:00Z,2026-08-29T02:30:00Z,2026-08-29,8,19212,22173
2026-08-29T03:30:00Z,2026-08-29T03:00:00Z,2026-08-29,9,19171,22132
2026-08-29T04:00:00Z,2026-08-29T03:30:00Z,2026-08-29,10,18775,21740
2026-08-29T04:30:00Z,2026-08-29T04:00:00Z,2026-08-29,11,18801,21753
2026-08-29T05:00:00Z,2026-08-29T04:30:00Z,2026-08-29,12,18717,21600
2026-08-29T05:30:00Z,2026-08-29T05:00:00Z,2026-08-29,13,19354,22159
2026-08-29T06:00:00Z,2026-08-29T05:30:00Z,2026-08-29,14,19909,22716
2026-08-29T06:30:00Z,2026-08-29T06:00:00Z,2026-08-29,15,20579,23397
2026-08-29T07:00:00Z,2026-08-29T06:30:00Z,2026-08-29,16,21466,23821
2026-08-29T07:30:00Z,2026-08-29T07:00:00Z,2026-08-29,17,22540,24876
2026-08-29T08:00:00Z,2026-08-29T07:30:00Z,2026-08-29,18,22991,25308
2026-08-29T08:30:00Z,2026-08-29T08:00:00Z,2026-08-29,19,24048,26179
2026-08-29T09:00:00Z,2026-08-29T08:30:00Z,2026-08-29,20,24351,26361
2026-08-29T09:30:00Z,2026-08-29T09:00:00Z,2026-08-29,21,24441,26450
2026-08-29T10:00:00Z,2026-08-29T09:30:00Z,2026-08-29,22,24423,26433
2026-08-29T10:30:00Z,2026-08-29T10:00:00Z,2026-08-29,23,24312,26322
2026-08-29T11:00:00Z,2026-08-29T10:30:00Z,2026-08-29,24,24297,26306
2026-08-29T11:30:00Z,2026-08-29T11:00:00Z,2026-08-29,25,24320,26329
2026-08-29T12:00:00Z,2026-08-29T11:30:00Z,2026-08-29,26,23964,25968
2026-08-29T12:30:00Z,2026-08-29T12:00:00Z,2026-08-29,27,24037,26042
2026-08-29T13:00:00Z,2026-08-29T12:30:00Z,2026-08-29,28,23680,25686
2026-08-29T13:30:00Z,2026-08-29T13:00:00Z,2026-08-29,29,23374,25375
2026-08-29T14:00:00Z,2026-08-29T13:30:00Z,2026-08-29,30,23359,25365
2026-08-29T14:30:00Z,2026-08-29T14:00:00Z,2026-08-29,31,23499,25462
2026-08-29T15:00:00Z,2026-08-29T14:30:00Z,2026-08-29,32,23655,25626
2026-08-29T15:30:00Z,2026-08-29T15:00:00Z,2026-08-29,33,23719,25675
2026-08-29T16:00:00Z,2026-08-29T15:30:00Z,2026-08-29,34,24326,26331
2026-08-29T16:30:00Z,2026-08-29T16:00:00Z,2026-08-29,35,25287,27292
2026-08-29T17:00:00Z,2026-08-29T16:30:00Z,2026-08-29,36,26504,28508
2026-08-29T17:30:00Z,2026-08-29T17:00:00Z,2026-08-29,37,26932,28936
2026-08-29T18:00:00Z,2026-08-29T17:30:00Z,2026-08-29,38,26977,28982
2026-08-29T18:30:00Z,2026-08-29T18:00:00Z,2026-08-29,39,26733,28738
2026-08-29T19:00:00Z,2026-08-29T18:30:00Z,2026-08-29,40,26756,28762
2026-08-29T19:30:00Z,2026-08-29T19:00:00Z,2026-08-29,41,27145,29149
2026-08-29T20:00:00Z,2026-08-29T19:30:00Z,2026-08-29,42,26631,28635
2026-08-29T20:30:00Z,2026-08-29T20:00:00Z,2026-08-29,43,26003,28006
2026-08-29T21:00:00Z,2026-08-29T20:30:00Z,2026-08-29,44,24973,26977
2026-08-29T21:30:00Z,2026-08-29T21:00:00Z,2026-08-29,45,23814,25818
2026-08-29T22:00:00Z,2026-08-29T21:30:00Z,2026-08-29,46,23213,25217
2026-08-29T22:30:00Z,2026-08-29T22:00:00Z,2026-08-29,47,22409,24413
2026-08-29T23:00:00Z,2026-08-29T22:30:00Z,2026-08-29,48,21639,23647
2026-08-29T23:30:00Z,2026-08-29T23:00:00Z,2026-08-30,1,21634,23577
2026-08-30T00:00:00Z,2026-08-29T23:30:00Z,2026-08-30,2,21181,23093
2026-08-30T00:30:00Z,2026-08-30T00:00:00Z,2026-08-30,3,21148,22958
2026-08-30T01:00:00Z,2026-08-30T00:30:00Z,2026-08-30,4,20617,22340
2026-08-30T01:30:00Z,2026-08-30T01:00:00Z,2026-08-30,5,20172,22015
2026-08-30T02:00:00Z,2026-08-30T01:30:00Z,2026-08-30,6,19565,21377
2026-08-30T02:30:00Z,2026-08-30T02:00:00Z,2026-08-30,7,19126,20908
2026-08-30T03:00:00Z,2026-08-30T02:30:00Z,2026-08-30,8,19103,20852
2026-08-30T03:30:00Z,2026-08-30T03:00:00Z,2026-08-30,9,18961,20832
2026-08-30T04:00:00Z,2026-08-30T03:30:00Z,2026-08-30,10,18694,20521
2026-08-30T04:30:00Z,2026-08-30T04:00:00Z,2026-08-30,11,18787,20662
2026-08-30T05:00:00Z,2026-08-30T04:30:00Z,2026-08-30,12,18388,20300
2026-08-30T05:30:00Z,2026-08-30T05:00:00Z,2026-08-30,13,18465,20316
2026-08-30T06:00:00Z,2026-08-30T05:30:00Z,2026-08-30,14,18636,20454
2026-08-30T06:30:00Z,2026-08-30T06:00:00Z,2026-08-30,15,19054,20738
2026-08-30T07:00:00Z,2026-08-30T06:30:00Z,2026-08-30,16,19248,20904
2026-08-30T07:30:00Z,2026-08-30T07:00:00Z,2026-08-30,17,19411,21250
2026-08-30T08:00:00Z,2026-08-30T07:30:00Z,2026-08-30,18,19412,21390
2026-08-30T08:30:00Z,2026-08-30T08:00:00Z,2026-08-30,19,19235,21243
2026-08-30T09:00:00Z,2026-08-30T08:30:00Z,2026-08-30,20,19130,21134
2026-08-30T09:30:00Z,2026-08-30T09:00:00Z,2026-08-30,21,18983,20994
2026-08-30T10:00:00Z,2026-08-30T09:30:00Z,2026-08-30,22,18743,20711
2026-08-30T10:30:00Z,2026-08-30T10:00:00Z,2026-08-30,23,18870,20860
2026-08-30T11:00:00Z,2026-08-30T10:30:00Z,2026-08-30,24,18925,20925
2026-08-30T11:30:00Z,2026-08-30T11:00:00Z,2026-08-30,25,19527,21523
2026-08-30T12:00:00Z,2026-08-30T11:30:00Z,2026-08-30,26,19685,21685
2026-08-30T12:30:00Z,2026-08-30T12:00:00Z,2026-08-30,27,19689,21687
2026-08-30T13:00:00Z,2026-08-30T12:30:00Z,2026-08-30,28,19648,21649
2026-08-30T13:30:00Z,2026-08-30T13:00:00Z,2026-08-30,29,19651,21650
2026-08-30T14:00:00Z,2026-08-30T13:30:00Z,2026-08-30,30,19909,21917
2026-08-30T14:30:00Z,2026-08-30T14:00:00Z,2026-08-30,31,20558,22567
2026-08-30T15:00:00Z,2026-08-30T14:30:00Z,2026-08-30,32,21637,23619
2026-08-30T15:30:00Z,2026-08-30T15:00:00Z,2026-08-30,33,22564,24444
2026-08-30T16:00:00Z,2026-08-30T15:30:00Z,2026-08-30,34,23580,25555
2026-08-30T16:30:00Z,2026-08-30T16:00:00Z,2026-08-30,35,25350,27357
2026-08-30T17:00:00Z,2026-08-30T16:30:00Z,2026-08-30,36,26247,28262
2026-08-30T17:30:00Z,2026-08-30T17:00:00Z,2026-08-30,37,26322,28321
2026-08-30T18:00:00Z,2026-08-30T17:30:00Z,2026-08-30,38,26138,28142
2026-08-30T18:30:00Z,2026-08-30T18:00:00Z,2026-08-30,39,26392,28777
2026-08-30T19:00:00Z,2026-08-30T18:30:00Z,2026-08-30,40,26509,28946
2026-08-30T19:30:00Z,2026-08-30T19:00:00Z,2026-08-30,41,26252,28689
2026-08-30T20:00:00Z,2026-08-30T19:30:00Z,2026-08-30,42,25311,27727
2026-08-30T20:30:00Z,2026-08-30T20:00:00Z,2026-08-30,43,25132,27226
2026-08-30T21:00:00Z,2026-08-30T20:30:00Z,2026-08-30,44,24699,26582
2026-08-30T21:30:00Z,2026-08-30T21:00:00Z,2026-08-30,45,23581,25445
2026-08-30T22:00:00Z,2026-08-30T21:30:00Z,2026-08-30,46,22904,24394
2026-08-30T22:30:00Z,2026-08-30T22:00:00Z,2026-08-30,47,22172,23719
2026-08-30T23:00:00Z,2026-08-30T22:30:00Z,2026-08-30,48,21427,22975
2026-08-30T23:30:00Z,2026-08-30T23:00:00Z,2026-08-31,1,21854,22867
2026-08-31T00:00:00Z,2026-08-30T23:30:00Z,2026-08-31,2,20589,21442
2026-08-31T00:30:00Z,2026-08-31T00:00:00Z,2026-08-31,3,20430,21519
2026-08-31T01:00:00Z,2026-08-31T00:30:00Z,2026-08-31,4,20255,21333
2026-08-31T01:30:00Z,2026-08-31T01:00:00Z,2026-08-31,5,19829,21278
2026-08-31T02:00:00Z,2026-08-31T01:30:00Z,2026-08-31,6,19142,20483
2026-08-31T02:30:00Z,2026-08-31T02:00:00Z,2026-08-31,7,19261,20404
2026-08-31T03:00:00Z,2026-08-31T02:30:00Z,2026-08-31,8,19008,20268
2026-08-31T03:30:00Z,2026-08-31T03:00:00Z,2026-08-31,9,18570,20314
2026-08-31T04:00:00Z,2026-08-31T03:30:00Z,2026-08-31,10,18209,19952
2026-08-31T04:30:00Z,2026-08-31T04:00:00Z,2026-08-31,11,17767,19513
2026-08-31T05:00:00Z,2026-08-31T04:30:00Z,2026-08-31,12,17782,19558
2026-08-31T05:30:00Z,2026-08-31T05:00:00Z,2026-08-31,13,18184,20156
2026-08-31T06:00:00Z,2026-08-31T05:30:00Z,2026-08-31,14,18607,20745
2026-08-31T06:30:00Z,2026-08-31T06:00:00Z,2026-08-31,15,19369,20706
2026-08-31T07:00:00Z,2026-08-31T06:30:00Z,2026-08-31,16,19713,21290
2026-08-31T07:30:00Z,2026-08-31T07:00:00Z,2026-08-31,17,20028,21657
2026-08-31T08:00:00Z,2026-08-31T07:30:00Z,2026-08-31,18,19865,21521
2026-08-31T08:30:00Z,2026-08-31T08:00:00Z,2026-08-31,19,19628,22317
2026-08-31T09:00:00Z,2026-08-31T08:30:00Z,2026-08-31,20,19514,22477
2026-08-31T09:30:00Z,2026-08-31T09:00:00Z,2026-08-31,21,19242,23012
2026-08-31T10:00:00Z,2026-08-31T09:30:00Z,2026-08-31,22,18988,22954
2026-08-31T10:30:00Z,2026-08-31T10:00:00Z,2026-08-31,23,18746,23062
2026-08-31T11:00:00Z,2026-08-31T10:30:00Z,2026-08-31,24,18437,22757
2026-08-31T11:30:00Z,2026-08-31T11:00:00Z,2026-08-31,25,18481,22650
2026-08-31T12:00:00Z,2026-08-31T11:30:00Z,2026-08-31,26,18397,22676
2026-08-31T12:30:00Z,2026-08-31T12:00:00Z,2026-08-31,27,18227,22232
2026-08-31T13:00:00Z,2026-08-31T12:30:00Z,2026-08-31,28,18032,22117
2026-08-31T13:30:00Z,2026-08-31T13:00:00Z,2026-08-31,29,17959,21651
2026-08-31T14:00:00Z,2026-08-31T13:30:00Z,2026-08-31,30,17735,21144
2026-08-31T14:30:00Z,2026-08-31T14:00:00Z,2026-08-31,31,18200,21018
2026-08-31T15:00:00Z,2026-08-31T14:30:00Z,2026-08-31,32,19297,22135
2026-08-31T15:30:00Z,2026-08-31T15:00:00Z,2026-08-31,33,20462,23644
2026-08-31T16:00:00Z,2026-08-31T15:30:00Z,2026-08-31,34,22179,25016
2026-08-31T16:30:00Z,2026-08-31T16:00:00Z,2026-08-31,35,23730,26067
2026-08-31T17:00:00Z,2026-08-31T16:30:00Z,2026-08-31,36,24262,26599
2026-08-31T17:30:00Z,2026-08-31T17:00:00Z,2026-08-31,37,24967,26995
2026-08-31T18:00:00Z,2026-08-31T17:30:00Z,2026-08-31,38,26156,28167
2026-08-31T18:30:00Z,2026-08-31T18:00:00Z,2026-08-31,39,26772,28722
2026-08-31T19:00:00Z,2026-08-31T18:30:00Z,2026-08-31,40,27115,29061
2026-08-31T19:30:00Z,2026-08-31T19:00:00Z,2026-08-31,41,27114,29051
2026-08-31T20:00:00Z,2026-08-31T19:30:00Z,2026-08-31,42,26829,28834
2026-08-31T20:30:00Z,2026-08-31T20:00:00Z,2026-08-31,43,26693,28669
2026-08-31T21:00:00Z,2026-08-31T20:30:00Z,2026-08-31,44,25765,27610
2026-08-31T21:30:00Z,2026-08-31T21:00:00Z,2026-08-31,45,24352,26183
2026-08-31T22:00:00Z,2026-08-31T21:30:00Z,2026-08-31,46,23177,24870
2026-08-31T22:30:00Z,2026-08-31T22:00:00Z,2026-08-31,47,21628,23184
2026-08-31T23:00:00Z,2026-08-31T22:30:00Z,2026-08-31,48,21568,22907
2026-08-31T23:30:00Z,2026-08-31T23:00:00Z,2026-09-01,1,21940,23284
2026-09-01T00:00:00Z,2026-08-31T23:30:00Z,2026-09-01,2,21514,22710
2026-09-01T00:30:00Z,2026-09-01T00:00:00Z,2026-09-01,3,21472,22786
2026-09-01T01:00:00Z,2026-09-01T00:30:00Z,2026-09-01,4,21413,22962
2026-09-01T01:30:00Z,2026-09-01T01:00:00Z,2026-09-01,5,20842,22541
2026-09-01T02:00:00Z,2026-09-01T01:30:00Z,2026-09-01,6,20856,22547
2026-09-01T02:30:00Z,2026-09-01T02:00:00Z,2026-09-01,7,19977,21368
2026-09-01T03:00:00Z,2026-09-01T02:30:00Z,2026-09-01,8,19559,20925
2026-09-01T03:30:00Z,2026-09-01T03:00:00Z,2026-09-01,9,19325,20726
2026-09-01T04:00:00Z,2026-09-01T03:30:00Z,2026-09-01,10,19251,20578
2026-09-01T04:30:00Z,2026-09-01T04:00:00Z,2026-09-01,11,19523,21301
2026-09-01T05:00:00Z,2026-09-01T04:30:00Z,2026-09-01,12,20127,21869
2026-09-01T05:30:00Z,2026-09-01T05:00:00Z,2026-09-01,13,21484,22727
2026-09-01T06:00:00Z,2026-09-01T05:30:00Z,2026-09-01,14,22329,23601
2026-09-01T06:30:00Z,2026-09-01T06:00:00Z,2026-09-01,15,24181,25642
2026-09-01T07:00:00Z,2026-09-01T06:30:00Z,2026-09-01,16,24569,26215
2026-09-01T07:30:00Z,2026-09-01T07:00:00Z,2026-09-01,17,25008,26747
2026-09-01T08:00:00Z,2026-09-01T07:30:00Z,2026-09-01,18,24295,26192
2026-09-01T08:30:00Z,2026-09-01T08:00:00Z,2026-09-01,19,23349,25941
2026-09-01T09:00:00Z,2026-09-01T08:30:00Z,2026-09-01,20,22098,24796
2026-09-01T09:30:00Z,2026-09-01T09:00:00Z,2026-09-01,21,21097,23928
2026-09-01T10:00:00Z,2026-09-01T09:30:00Z,2026-09-01,22,20138,22840
2026-09-01T10:30:00Z,2026-09-01T10:00:00Z,2026-09-01,23,19623,22371
2026-09-01T11:00:00Z,2026-09-01T10:30:00Z,2026-09-01,24,19532,22393
2026-09-01T11:30:00Z,2026-09-01T11:00:00Z,2026-09-01,25,19914,22731
2026-09-01T12:00:00Z,2026-09-01T11:30:00Z,2026-09-01,26,20089,22973
2026-09-01T12:30:00Z,2026-09-01T12:00:00Z,2026-09-01,27,20538,23276
2026-09-01T13:00:00Z,2026-09-01T12:30:00Z,2026-09-01,28,20579,23224
2026-09-01T13:30:00Z,2026-09-01T13:00:00Z,2026-09-01,29,20708,23810
2026-09-01T14:00:00Z,2026-09-01T13:30:00Z,2026-09-01,30,21519,24630
2026-09-01T14:30:00Z,2026-09-01T14:00:00Z,2026-09-01,31,22608,25592
2026-09-01T15:00:00Z,2026-09-01T14:30:00Z,2026-09-01,32,23610,26321
2026-09-01T15:30:00Z,2026-09-01T15:00:00Z,2026-09-01,33,24776,26925
2026-09-01T16:00:00Z,2026-09-01T15:30:00Z,2026-09-01,34,26500,28590
2026-09-01T16:30:00Z,2026-09-01T16:00:00Z,2026-09-01,35,27812,30113
2026-09-01T17:00:00Z,2026-09-01T16:30:00Z,2026-09-01,36,29300,31647
2026-09-01T17:30:00Z,2026-09-01T17:00:00Z,2026-09-01,37,29500,32303
2026-09-01T18:00:00Z,2026-09-01T17:30:00Z,2026-09-01,38,29910,32719
2026-09-01T18:30:00Z,2026-09-01T18:00:00Z,2026-09-01,39,29947,33325
2026-09-01T19:00:00Z,2026-09-01T18:30:00Z,2026-09-01,40,29830,33223
2026-09-01T19:30:00Z,2026-09-01T19:00:00Z,2026-09-01,41,30616,33487
2026-09-01T20:00:00Z,2026-09-01T19:30:00Z,2026-09-01,42,30035,32897
2026-09-01T20:30:00Z,2026-09-01T20:00:00Z,2026-09-01,43,28930,31432
2026-09-01T21:00:00Z,2026-09-01T20:30:00Z,2026-09-01,44,28014,30457
2026-09-01T21:30:00Z,2026-09-01T21:00:00Z,2026-09-01,45,26834,30176
2026-09-01T22:00:00Z,2026-09-01T21:30:00Z,2026-09-01,46,25701,29115
2026-09-01T22:30:00Z,2026-09-01T22:00:00Z,2026-09-01,47,23803,28956
2026-09-01T23:00:00Z,2026-09-01T22:30:00Z,2026-09-01,48,23316,28323
2026-09-01T23:30:00Z,2026-09-01T23:00:00Z,2026-09-02,1,23086,26838
2026-09-02T00:00:00Z,2026-09-01T23:30:00Z,2026-09-02,2,22359,26031
2026-09-02T00:30:00Z,2026-09-02T00:00:00Z,2026-09-02,3,22376,24835
2026-09-02T01:00:00Z,2026-09-02T00:30:00Z,2026-09-02,4,21957,24308
2026-09-02T01:30:00Z,2026-09-02T01:00:00Z,2026-09-02,5,21989,24229
2026-09-02T02:00:00Z,2026-09-02T01:30:00Z,2026-09-02,6,21341,23564
2026-09-02T02:30:00Z,2026-09-02T02:00:00Z,2026-09-02,7,20752,23790
2026-09-02T03:00:00Z,2026-09-02T02:30:00Z,2026-09-02,8,20420,23351
2026-09-02T03:30:00Z,2026-09-02T03:00:00Z,2026-09-02,9,20433,24256
2026-09-02T04:00:00Z,2026-09-02T03:30:00Z,2026-09-02,10,19893,23687
2026-09-02T04:30:00Z,2026-09-02T04:00:00Z,2026-09-02,11,20445,24652
2026-09-02T05:00:00Z,2026-09-02T04:30:00Z,2026-09-02,12,20690,25026
2026-09-02T05:30:00Z,2026-09-02T05:00:00Z,2026-09-02,13,22298,25899
2026-09-02T06:00:00Z,2026-09-02T05:30:00Z,2026-09-02,14,23278,26867
2026-09-02T06:30:00Z,2026-09-02T06:00:00Z,2026-09-02,15,25819,27744
2026-09-02T07:00:00Z,2026-09-02T06:30:00Z,2026-09-02,16,26749,28747
2026-09-02T07:30:00Z,2026-09-02T07:00:00Z,2026-09-02,17,28012,30018
2026-09-02T08:00:00Z,2026-09-02T07:30:00Z,2026-09-02,18,28493,30505
2026-09-02T08:30:00Z,2026-09-02T08:00:00Z,2026-09-02,19,28586,30591
2026-09-02T09:00:00Z,2026-09-02T08:30:00Z,2026-09-02,20,28389,30394
2026-09-02T09:30:00Z,2026-09-02T09:00:00Z,2026-09-02,21,28007,29952
2026-09-02T10:00:00Z,2026-09-02T09:30:00Z,2026-09-02,22,27876,29784
2026-09-02T10:30:00Z,2026-09-02T10:00:00Z,2026-09-02,23,27691,29542
2026-09-02T11:00:00Z,2026-09-02T10:30:00Z,2026-09-02,24,27275,29082
2026-09-02T11:30:00Z,2026-09-02T11:00:00Z,2026-09-02,25,27717,29421
2026-09-02T12:00:00Z,2026-09-02T11:30:00Z,2026-09-02,26,27961,29724
2026-09-02T12:30:00Z,2026-09-02T12:00:00Z,2026-09-02,27,28008,29770
2026-09-02T13:00:00Z,2026-09-02T12:30:00Z,2026-09-02,28,27814,29492
2026-09-02T13:30:00Z,2026-09-02T13:00:00Z,2026-09-02,29,28211,29795
2026-09-02T14:00:00Z,2026-09-02T13:30:00Z,2026-09-02,30,28027,29485
2026-09-02T14:30:00Z,2026-09-02T14:00:00Z,2026-09-02,31,27738,29227
2026-09-02T15:00:00Z,2026-09-02T14:30:00Z,2026-09-02,32,28439,29790
2026-09-02T15:30:00Z,2026-09-02T15:00:00Z,2026-09-02,33,28873,29843
2026-09-02T16:00:00Z,2026-09-02T15:30:00Z,2026-09-02,34,29546,30331
2026-09-02T16:30:00Z,2026-09-02T16:00:00Z,2026-09-02,35,29603,31460
2026-09-02T17:00:00Z,2026-09-02T16:30:00Z,2026-09-02,36,30419,32494
2026-09-02T17:30:00Z,2026-09-02T17:00:00Z,2026-09-02,37,29906,32131
2026-09-02T18:00:00Z,2026-09-02T17:30:00Z,2026-09-02,38,30153,32290
2026-09-02T18:30:00Z,2026-09-02T18:00:00Z,2026-09-02,39,29989,32932
2026-09-02T19:00:00Z,2026-09-02T18:30:00Z,2026-09-02,40,29941,33018
2026-09-02T19:30:00Z,2026-09-02T19:00:00Z,2026-09-02,41,29982,33378
2026-09-02T20:00:00Z,2026-09-02T19:30:00Z,2026-09-02,42,29341,32937
2026-09-02T20:30:00Z,2026-09-02T20:00:00Z,2026-09-02,43,28252,32814
2026-09-02T21:00:00Z,2026-09-02T20:30:00Z,2026-09-02,44,26901,31302
2026-09-02T21:30:00Z,2026-09-02T21:00:00Z,2026-09-02,45,25663,31146
2026-09-02T22:00:00Z,2026-09-02T21:30:00Z,2026-09-02,46,23967,29286
2026-09-02T22:30:00Z,2026-09-02T22:00:00Z,2026-09-02,47,22934,26999
2026-09-02T23:00:00Z,2026-09-02T22:30:00Z,2026-09-02,48,22451,26791
2026-09-02T23:30:00Z,2026-09-02T23:00:00Z,2026-09-03,1,21924,26345
2026-09-03T00:00:00Z,2026-09-02T23:30:00Z,2026-09-03,2,21245,25465
2026-09-03T00:30:00Z,2026-09-03T00:00:00Z,2026-09-03,3,20930,25654
2026-09-03T01:00:00Z,2026-09-03T00:30:00Z,2026-09-03,4,20457,25309
2026-09-03T01:30:00Z,2026-09-03T01:00:00Z,2026-09-03,5,20281,25054
2026-09-03T02:00:00Z,2026-09-03T01:30:00Z,2026-09-03,6,19948,24760
2026-09-03T02:30:00Z,2026-09-03T02:00:00Z,2026-09-03,7,19607,24756
2026-09-03T03:00:00Z,2026-09-03T02:30:00Z,2026-09-03,8,19273,24587
2026-09-03T03:30:00Z,2026-09-03T03:00:00Z,2026-09-03,9,19124,25436
2026-09-03T04:00:00Z,2026-09-03T03:30:00Z,2026-09-03,10,18747,25219
2026-09-03T04:30:00Z,2026-09-03T04:00:00Z,2026-09-03,11,19160,25890
2026-09-03T05:00:00Z,2026-09-03T04:30:00Z,2026-09-03,12,19507,26406
2026-09-03T05:30:00Z,2026-09-03T05:00:00Z,2026-09-03,13,21405,27926
2026-09-03T06:00:00Z,2026-09-03T05:30:00Z,2026-09-03,14,22662,29142
2026-09-03T06:30:00Z,2026-09-03T06:00:00Z,2026-09-03,15,25319,28889
2026-09-03T07:00:00Z,2026-09-03T06:30:00Z,2026-09-03,16,26195,29555
2026-09-03T07:30:00Z,2026-09-03T07:00:00Z,2026-09-03,17,27061,29251
2026-09-03T08:00:00Z,2026-09-03T07:30:00Z,2026-09-03,18,26864,29027
2026-09-03T08:30:00Z,2026-09-03T08:00:00Z,2026-09-03,19,26345,28644
2026-09-03T09:00:00Z,2026-09-03T08:30:00Z,2026-09-03,20,25243,27773
2026-09-03T09:30:00Z,2026-09-03T09:00:00Z,2026-09-03,21,24442,27805
2026-09-03T10:00:00Z,2026-09-03T09:30:00Z,2026-09-03,22,23617,27219
2026-09-03T10:30:00Z,2026-09-03T10:00:00Z,2026-09-03,23,23533,26768
2026-09-03T11:00:00Z,2026-09-03T10:30:00Z,2026-09-03,24,23091,26194
2026-09-03T11:30:00Z,2026-09-03T11:00:00Z,2026-09-03,25,23333,26438
2026-09-03T12:00:00Z,2026-09-03T11:30:00Z,2026-09-03,26,23217,26299
2026-09-03T12:30:00Z,2026-09-03T12:00:00Z,2026-09-03,27,23128,26134
2026-09-03T13:00:00Z,2026-09-03T12:30:00Z,2026-09-03,28,22677,25702
2026-09-03T13:30:00Z,2026-09-03T13:00:00Z,2026-09-03,29,22445,25436
2026-09-03T14:00:00Z,2026-09-03T13:30:00Z,2026-09-03,30,22391,25307
2026-09-03T14:30:00Z,2026-09-03T14:00:00Z,2026-09-03,31,22594,25469
2026-09-03T15:00:00Z,2026-09-03T14:30:00Z,2026-09-03,32,23779,26231
2026-09-03T15:30:00Z,2026-09-03T15:00:00Z,2026-09-03,33,24887,26617
2026-09-03T16:00:00Z,2026-09-03T15:30:00Z,2026-09-03,34,26080,27851
2026-09-03T16:30:00Z,2026-09-03T16:00:00Z,2026-09-03,35,27496,29331
2026-09-03T17:00:00Z,2026-09-03T16:30:00Z,2026-09-03,36,28970,30878
2026-09-03T17:30:00Z,2026-09-03T17:00:00Z,2026-09-03,37,29708,31386
2026-09-03T18:00:00Z,2026-09-03T17:30:00Z,2026-09-03,38,29373,30995
2026-09-03T18:30:00Z,2026-09-03T18:00:00Z,2026-09-03,39,29132,30760
2026-09-03T19:00:00Z,2026-09-03T18:30:00Z,2026-09-03,40,29440,31184
2026-09-03T19:30:00Z,2026-09-03T19:00:00Z,2026-09-03,41,29473,31365
2026-09-03T20:00:00Z,2026-09-03T19:30:00Z,2026-09-03,42,28855,30791
2026-09-03T20:30:00Z,2026-09-03T20:00:00Z,2026-09-03,43,27548,29495
2026-09-03T21:00:00Z,2026-09-03T20:30:00Z,2026-09-03,44,26124,28051
2026-09-03T21:30:00Z,2026-09-03T21:00:00Z,2026-09-03,45,24661,26850
2026-09-03T22:00:00Z,2026-09-03T21:30:00Z,2026-09-03,46,23215,25487
2026-09-03T22:30:00Z,2026-09-03T22:00:00Z,2026-09-03,47,22286,25807
2026-09-03T23:00:00Z,2026-09-03T22:30:00Z,2026-09-03,48,21558,25130
