FORECAST_TIMESTAMP,DAYSAHEAD,CP_END_TIME,CP_TYPE,_full_text,F_Point,CARDINALPOINT,FORECASTDEMAND,CP_ST_TIME,_id,TARGETDATE
2026-06-05T08:43:23,1,130,T,"'-05':12 '-06':3,4,11 '1':1 '100':8 '130':9 '1s':6 '2026':2,10 '20503':5 '23':15 '43':14 't08':13",,1S,20503,100,57103,2026-06-06
2026-06-05T08:43:23,1,230,P,"'-05':12 '-06':3,4,11 '1':1 '1a':6 '200':8 '20210':5 '2026':2,10 '23':15 '230':9 '43':14 'p':7 't08':13",,1A,20210,200,57104,2026-06-06
2026-06-05T08:43:23,1,400,F,"'-05':12 '-06':3,4,11 '1':1 '17998':5 '2026':2,10 '23':15 '4':6 '400':8,9 '43':14 'f':7 't08':13",,4,17998,400,57105,2026-06-06
2026-06-05T08:43:23,1,730,T,"'-05':13 '-06':3,4,12 '1':1 '16692':5 '1b':6 '2026':2,11 '23':16 '43':15 '430':8 '730':9 'om':10 't08':14",Om,1B,16692,430,57106,2026-06-06
2026-06-05T08:43:23,1,800,F,"'-05':12 '-06':3,4,11 '1':1 '20107':5 '2026':2,10 '23':15 '2f':6 '43':14 '800':8,9 'f':7 't08':13",,2F,20107,800,57107,2026-06-06
2026-06-05T08:43:23,1,1200,P,"'-05':13 '-06':3,4,12 '1':1 '1200':9 '2026':2,11 '21655':5 '23':16 '2a':6 '43':15 '830':8 'dm':10 'p':7 't08':14",DM,2A,21655,830,57108,2026-06-06
2026-06-05T08:43:23,1,30,F,"'-05':12 '-06':3,4,11 '1':1 '1f':6 '2026':2,10 '21606':5 '23':15 '30':8,9 '43':14 'f':7 't08':13",,1F,21606,30,57102,2026-06-06
2026-06-05T08:43:23,1,1300,P,"'-05':12 '-06':3,4,11 '1':1 '1230':8 '1300':9 '2026':2,10 '20741':5 '23':15 '2b':6 '43':14 'p':7 't08':13",,2B,20741,1230,57109,2026-06-06
2026-06-05T08:43:23,1,1630,T,"'-05':13 '-06':3,4,12 '1':1 '1330':8 '1630':9 '20082':5 '2026':2,11 '23':16 '3b':6 '43':15 'dm':10 't08':14",Dm,3B,20082,1330,57110,2026-06-06
2026-06-05T08:43:23,1,2030,P,"'-05':13 '-06':3,4,12 '1':1 '1700':8 '2026':2,11 '2030':9 '23':16 '24242':5 '3c':6 '43':15 'em':10 'p':7 't08':14",EM,3C,24242,1700,57111,2026-06-06
2026-06-05T08:43:23,1,2230,P,"'-05':12 '-06':3,4,11 '1':1 '2026':2,10 '2100':8 '2230':9 '23':15 '23331':5 '43':14 '4b':6 'p':7 't08':13",,4B,23331,2100,57112,2026-06-06
2026-06-05T08:43:23,1,2400,F,"'-05':12 '-06':3,4,11 '1':1 '2026':2,10 '20399':5 '23':15 '2400':8,9 '43':14 '4c':6 'f':7 't08':13",,4C,20399,2400,57113,2026-06-06
2026-06-06T08:35:28,1,30,F,"'-06':3,11,12 '-07':4 '1':1 '1f':6 '20003':5 '2026':2,10 '28':15 '30':8,9 '35':14 'f':7 't08':13",,1F,20003,30,57114,2026-06-07
2026-06-06T08:35:28,1,130,T,"'-06':3,11,12 '-07':4 '1':1 '100':8 '130':9 '19108':5 '1s':6 '2026':2,10 '28':15 '35':14 't08':13",,1S,19108,100,57115,2026-06-07
2026-06-06T08:35:28,1,230,P,"'-06':3,11,12 '-07':4 '1':1 '18732':5 '1a':6 '200':8 '2026':2,10 '230':9 '28':15 '35':14 'p':7 't08':13",,1A,18732,200,57116,2026-06-07
2026-06-06T08:35:28,1,400,F,"'-06':3,11,12 '-07':4 '1':1 '17057':5 '2026':2,10 '28':15 '35':14 '4':6 '400':8,9 'f':7 't08':13",,4,17057,400,57117,2026-06-07
2026-06-06T08:35:28,1,730,T,"'-06':3,12,13 '-07':4 '1':1 '15856':5 '1b':6 '2026':2,11 '28':16 '35':15 '430':8 '730':9 'om':10 't08':14",Om,1B,15856,430,57118,2026-06-07
2026-06-06T08:35:28,1,800,F,"'-06':3,11,12 '-07':4 '1':1 '16085':5 '2026':2,10 '28':15 '2f':6 '35':14 '800':8,9 'f':7 't08':13",,2F,16085,800,57119,2026-06-07
2026-06-06T08:35:28,1,1200,P,"'-06':3,12,13 '-07':4 '1':1 '1200':9 '16783':5 '2026':2,11 '28':16 '2a':6 '35':15 '830':8 'dm':10 'p':7 't08':14",DM,2A,16783,830,57120,2026-06-07
2026-06-06T08:35:28,1,1300,P,"'-06':3,11,12 '-07':4 '1':1 '1230':8 '1300':9 '16531':5 '2026':2,10 '28':15 '2b':6 '35':14 'p':7 't08':13",,2B,16531,1230,57121,2026-06-07
2026-06-06T08:35:28,1,1630,T,"'-06':3,12,13 '-07':4 '1':1 '1330':8 '15458':5 '1630':9 '2026':2,11 '28':16 '35':15 '3b':6 'dm':10 't08':14",Dm,3B,15458,1330,57122,2026-06-07
2026-06-06T08:35:28,1,2030,P,"'-06':3,12,13 '-07':4 '1':1 '1700':8 '2026':2,11 '2030':9 '24380':5 '28':16 '35':15 '3c':6 'em':10 'p':7 't08':14",EM,3C,24380,1700,57123,2026-06-07
2026-06-06T08:35:28,1,2230,P,"'-06':3,11,12 '-07':4 '1':1 '2026':2,10 '2100':8 '2230':9 '23607':5 '28':15 '35':14 '4b':6 'p':7 't08':13",,4B,23607,2100,57124,2026-06-07
2026-06-06T08:35:28,1,2400,F,"'-06':3,11,12 '-07':4 '1':1 '19869':5 '2026':2,10 '2400':8,9 '28':15 '35':14 '4c':6 'f':7 't08':13",,4C,19869,2400,57125,2026-06-07
2026-06-07T08:42:03,1,30,F,"'-06':3,11 '-07':12 '-08':4 '03':15 '1':1 '19601':5 '1f':6 '2026':2,10 '30':8,9 '42':14 'f':7 't08':13",,1F,19601,30,57126,2026-06-08
2026-06-07T08:42:03,1,130,T,"'-06':3,11 '-07':12 '-08':4 '03':15 '1':1 '100':8 '130':9 '18809':5 '1s':6 '2026':2,10 '42':14 't08':13",,1S,18809,100,57127,2026-06-08
2026-06-07T08:42:03,1,230,P,"'-06':3,11 '-07':12 '-08':4 '03':15 '1':1 '18918':5 '1a':6 '200':8 '2026':2,10 '230':9 '42':14 'p':7 't08':13",,1A,18918,200,57128,2026-06-08
2026-06-07T08:42:03,1,400,F,"'-06':3,11 '-07':12 '-08':4 '03':15 '1':1 '18001':5 '2026':2,10 '4':6 '400':8,9 '42':14 'f':7 't08':13",,4,18001,400,57129,2026-06-08
2026-06-07T08:42:03,1,730,T,"'-06':3,12 '-07':13 '-08':4 '03':16 '1':1 '17613':5 '1b':6 '2026':2,11 '42':15 '430':8 '730':9 'om':10 't08':14",Om,1B,17613,430,57130,2026-06-08
2026-06-07T08:42:03,1,800,F,"'-06':3,11 '-07':12 '-08':4 '03':15 '1':1 '2026':2,10 '24871':5 '2f':6 '42':14 '800':8,9 'f':7 't08':13",,2F,24871,800,57131,2026-06-08
2026-06-07T08:42:03,1,1200,P,"'-06':3,12 '-07':13 '-08':4 '03':16 '1':1 '1200':9 '2026':2,11 '26195':5 '2a':6 '42':15 '830':8 'dm':10 'p':7 't08':14",DM,2A,26195,830,57132,2026-06-08
2026-06-07T08:42:03,1,1300,P,"'-06':3,11 '-07':12 '-08':4 '03':15 '1':1 '1230':8 '1300':9 '2026':2,10 '24366':5 '2b':6 '42':14 'p':7 't08':13",,2B,24366,1230,57133,2026-06-08
2026-06-07T08:42:03,1,1630,T,"'-06':3,12 '-07':13 '-08':4 '03':16 '1':1 '1330':8 '1630':9 '2026':2,11 '21536':5 '3b':6 '42':15 'dm':10 't08':14",Dm,3B,21536,1330,57134,2026-06-08
2026-06-07T08:42:03,1,2030,P,"'-06':3,11 '-07':12 '-08':4 '03':15 '1':1 '1700':8 '2026':2,10 '2030':9 '26621':5 '3c':6 '42':14 'p':7 't08':13",,3C,26621,1700,57135,2026-06-08
2026-06-07T08:42:03,1,2230,P,"'-06':3,12 '-07':13 '-08':4 '03':16 '1':1 '2026':2,11 '2100':8 '2230':9 '26726':5 '42':15 '4b':6 'em':10 'p':7 't08':14",EM,4B,26726,2100,57136,2026-06-08
2026-06-07T08:42:03,1,2400,F,"'-06':3,11 '-07':12 '-08':4 '03':15 '1':1 '2026':2,10 '21668':5 '2400':8,9 '42':14 '4c':6 'f':7 't08':13",,4C,21668,2400,57137,2026-06-08
2026-06-08T08:42:55,1,30,F,"'-06':3,11 '-08':12 '-09':4 '1':1 '1f':6 '2026':2,10 '21561':5 '30':8,9 '42':14 '55':15 'f':7 't08':13",,1F,21561,30,57138,2026-06-09
2026-06-08T08:42:55,1,130,T,"'-06':3,11 '-08':12 '-09':4 '1':1 '100':8 '130':9 '1s':6 '2026':2,10 '21147':5 '42':14 '55':15 't08':13",,1S,21147,100,57139,2026-06-09
2026-06-08T08:42:55,1,230,P,"'-06':3,11 '-08':12 '-09':4 '1':1 '1a':6 '200':8 '2026':2,10 '20805':5 '230':9 '42':14 '55':15 'p':7 't08':13",,1A,20805,200,57140,2026-06-09
2026-06-08T08:42:55,1,400,F,"'-06':3,11 '-08':12 '-09':4 '1':1 '18895':5 '2026':2,10 '4':6 '400':8,9 '42':14 '55':15 'f':7 't08':13",,4,18895,400,57141,2026-06-09
2026-06-08T08:42:55,1,730,T,"'-06':3,12 '-08':13 '-09':4 '1':1 '18357':5 '1b':6 '2026':2,11 '42':15 '430':8 '55':16 '730':9 'om':10 't08':14",Om,1B,18357,430,57142,2026-06-09
2026-06-08T08:42:55,1,800,F,"'-06':3,11 '-08':12 '-09':4 '1':1 '2026':2,10 '23700':5 '2f':6 '42':14 '55':15 '800':8,9 'f':7 't08':13",,2F,23700,800,57143,2026-06-09
2026-06-08T08:42:55,1,1200,P,"'-06':3,12 '-08':13 '-09':4 '1':1 '1200':9 '2026':2,11 '24331':5 '2a':6 '42':15 '55':16 '830':8 'dm':10 'p':7 't08':14",DM,2A,24331,830,57144,2026-06-09
2026-06-08T08:42:55,1,1300,P,"'-06':3,11 '-08':12 '-09':4 '1':1 '1230':8 '1300':9 '2026':2,10 '21588':5 '2b':6 '42':14 '55':15 'p':7 't08':13",,2B,21588,1230,57145,2026-06-09
2026-06-08T08:42:55,1,1630,T,"'-06':3,12 '-08':13 '-09':4 '1':1 '1330':8 '1630':9 '19465':5 '2026':2,11 '3b':6 '42':15 '55':16 'dm':10 't08':14",Dm,3B,19465,1330,57146,2026-06-09
2026-06-08T08:42:55,1,2030,P,"'-06':3,11 '-08':12 '-09':4 '1':1 '1700':8 '2026':2,10 '2030':9 '26113':5 '3c':6 '42':14 '55':15 'p':7 't08':13",,3C,26113,1700,57147,2026-06-09
2026-06-08T08:42:55,1,2230,P,"'-06':3,12 '-08':13 '-09':4 '1':1 '2026':2,11 '2100':8 '2230':9 '26822':5 '42':15 '4b':6 '55':16 'em':10 'p':7 't08':14",EM,4B,26822,2100,57148,2026-06-09
2026-06-08T08:42:55,1,2400,F,"'-06':3,11 '-08':12 '-09':4 '1':1 '2026':2,10 '22897':5 '2400':8,9 '42':14 '4c':6 '55':15 'f':7 't08':13",,4C,22897,2400,57149,2026-06-09
2026-06-09T08:42:50,1,30,F,"'-06':3,11 '-09':12 '-10':4 '1':1 '1f':6 '2026':2,10 '22002':5 '30':8,9 '42':14 '50':15 'f':7 't08':13",,1F,22002,30,57150,2026-06-10
2026-06-09T08:42:50,1,130,T,"'-06':3,11 '-09':12 '-10':4 '1':1 '100':8 '130':9 '1s':6 '2026':2,10 '21080':5 '42':14 '50':15 't08':13",,1S,21080,100,57151,2026-06-10
2026-06-09T08:42:50,1,230,P,"'-06':3,11 '-09':12 '-10':4 '1':1 '1a':6 '200':8 '2026':2,10 '21188':5 '230':9 '42':14 '50':15 'p':7 't08':13",,1A,21188,200,57152,2026-06-10
2026-06-09T08:42:50,1,400,F,"'-06':3,11 '-09':12 '-10':4 '1':1 '19605':5 '2026':2,10 '4':6 '400':8,9 '42':14 '50':15 'f':7 't08':13",,4,19605,400,57153,2026-06-10
2026-06-09T08:42:50,1,730,T,"'-06':3,12 '-09':13 '-10':4 '1':1 '19042':5 '1b':6 '2026':2,11 '42':15 '430':8 '50':16 '730':9 'om':10 't08':14",Om,1B,19042,430,57154,2026-06-10
2026-06-09T08:42:50,1,800,F,"'-06':3,11 '-09':12 '-10':4 '1':1 '2026':2,10 '24534':5 '2f':6 '42':14 '50':15 '800':8,9 'f':7 't08':13",,2F,24534,800,57155,2026-06-10
2026-06-09T08:42:50,1,1200,P,"'-06':3,12 '-09':13 '-10':4 '1':1 '1200':9 '2026':2,11 '25916':5 '2a':6 '42':15 '50':16 '830':8 'dm':10 'p':7 't08':14",DM,2A,25916,830,57156,2026-06-10
2026-06-09T08:42:50,1,1300,P,"'-06':3,11 '-09':12 '-10':4 '1':1 '1230':8 '1300':9 '2026':2,10 '24649':5 '2b':6 '42':14 '50':15 'p':7 't08':13",,2B,24649,1230,57157,2026-06-10
2026-06-09T08:42:50,1,1630,T,"'-06':3,12 '-09':13 '-10':4 '1':1 '1330':8 '1630':9 '2026':2,11 '22952':5 '3b':6 '42':15 '50':16 'dm':10 't08':14",Dm,3B,22952,1330,57158,2026-06-10
2026-06-09T08:42:50,1,2030,P,"'-06':3,11 '-09':12 '-10':4 '1':1 '1700':8 '2026':2,10 '2030':9 '26899':5 '3c':6 '42':14 '50':15 'p':7 't08':13",,3C,26899,1700,57159,2026-06-10
2026-06-09T08:42:50,1,2230,P,"'-06':3,12 '-09':13 '-10':4 '1':1 '2026':2,11 '2100':8 '2230':9 '27580':5 '42':15 '4b':6 '50':16 'em':10 'p':7 't08':14",EM,4B,27580,2100,57160,2026-06-10
2026-06-09T08:42:50,1,2400,F,"'-06':3,11 '-09':12 '-10':4 '1':1 '2026':2,10 '22926':5 '2400':8,9 '42':14 '4c':6 '50':15 'f':7 't08':13",,4C,22926,2400,57161,2026-06-10
2026-06-10T08:25:10,1,30,F,"'-06':3,11 '-10':12 '-11':4 '1':1 '10':15 '1f':6 '2026':2,10 '22223':5 '25':14 '30':8,9 'f':7 't08':13",,1F,22223,30,57162,2026-06-11
2026-06-10T08:25:10,1,130,T,"'-06':3,11 '-10':12 '-11':4 '1':1 '10':15 '100':8 '130':9 '1s':6 '2026':2,10 '21438':5 '25':14 't08':13",,1S,21438,100,57163,2026-06-11
2026-06-10T08:25:10,1,230,P,"'-06':3,11 '-10':12 '-11':4 '1':1 '10':15 '1a':6 '200':8 '2026':2,10 '21224':5 '230':9 '25':14 'p':7 't08':13",,1A,21224,200,57164,2026-06-11
2026-06-10T08:25:10,1,400,F,"'-06':3,11 '-10':12 '-11':4 '1':1 '10':15 '19855':5 '2026':2,10 '25':14 '4':6 '400':8,9 'f':7 't08':13",,4,19855,400,57165,2026-06-11
2026-06-10T08:25:10,1,730,T,"'-06':3,12 '-10':13 '-11':4 '1':1 '10':16 '19158':5 '1b':6 '2026':2,11 '25':15 '430':8 '730':9 'om':10 't08':14",Om,1B,19158,430,57166,2026-06-11
2026-06-10T08:25:10,1,800,F,"'-06':3,11 '-10':12 '-11':4 '1':1 '10':15 '2026':2,10 '25':14 '25510':5 '2f':6 '800':8,9 'f':7 't08':13",,2F,25510,800,57167,2026-06-11
2026-06-10T08:25:10,1,1200,P,"'-06':3,12 '-10':13 '-11':4 '1':1 '10':16 '1200':9 '2026':2,11 '25':15 '27250':5 '2a':6 '830':8 'dm':10 'p':7 't08':14",DM,2A,27250,830,57168,2026-06-11
2026-06-10T08:25:10,1,1300,P,"'-06':3,11 '-10':12 '-11':4 '1':1 '10':15 '1230':8 '1300':9 '2026':2,10 '25':14 '27037':5 '2b':6 'p':7 't08':13",,2B,27037,1230,57169,2026-06-11
2026-06-10T08:25:10,1,1630,T,"'-06':3,12 '-10':13 '-11':4 '1':1 '10':16 '1330':8 '1630':9 '2026':2,11 '25':15 '25472':5 '3b':6 'dm':10 't08':14",Dm,3B,25472,1330,57170,2026-06-11
2026-06-10T08:25:10,1,2030,P,"'-06':3,12 '-10':13 '-11':4 '1':1 '10':16 '1700':8 '2026':2,11 '2030':9 '25':15 '27420':5 '3c':6 'em':10 'p':7 't08':14",EM,3C,27420,1700,57171,2026-06-11
2026-06-10T08:25:10,1,2230,P,"'-06':3,11 '-10':12 '-11':4 '1':1 '10':15 '2026':2,10 '2100':8 '2230':9 '25':14 '26548':5 '4b':6 'p':7 't08':13",,4B,26548,2100,57172,2026-06-11
2026-06-10T08:25:10,1,2400,F,"'-06':3,11 '-10':12 '-11':4 '1':1 '10':15 '2026':2,10 '20801':5 '2400':8,9 '25':14 '4c':6 'f':7 't08':13",,4C,20801,2400,57173,2026-06-11
2026-06-11T08:17:50,1,30,F,"'-06':3,11 '-11':12 '-12':4 '1':1 '17':14 '1f':6 '20207':5 '2026':2,10 '30':8,9 '50':15 'f':7 't08':13",,1F,20207,30,57174,2026-06-12
2026-06-11T08:17:50,1,130,T,"'-06':3,11 '-11':12 '-12':4 '1':1 '100':8 '130':9 '17':14 '19230':5 '1s':6 '2026':2,10 '50':15 't08':13",,1S,19230,100,57175,2026-06-12
2026-06-11T08:17:50,1,230,P,"'-06':3,11 '-11':12 '-12':4 '1':1 '17':14 '18998':5 '1a':6 '200':8 '2026':2,10 '230':9 '50':15 'p':7 't08':13",,1A,18998,200,57176,2026-06-12
2026-06-11T08:17:50,1,400,F,"'-06':3,11 '-11':12 '-12':4 '1':1 '17':14 '17865':5 '2026':2,10 '4':6 '400':8,9 '50':15 'f':7 't08':13",,4,17865,400,57177,2026-06-12
2026-06-11T08:17:50,1,730,T,"'-06':3,12 '-11':13 '-12':4 '1':1 '17':15 '17395':5 '1b':6 '2026':2,11 '430':8 '50':16 '730':9 'om':10 't08':14",Om,1B,17395,430,57178,2026-06-12
2026-06-11T08:17:50,1,800,F,"'-06':3,11 '-11':12 '-12':4 '1':1 '17':14 '2026':2,10 '22952':5 '2f':6 '50':15 '800':8,9 'f':7 't08':13",,2F,22952,800,57179,2026-06-12
2026-06-11T08:17:50,1,1200,P,"'-06':3,12 '-11':13 '-12':4 '1':1 '1200':9 '17':15 '2026':2,11 '23106':5 '2a':6 '50':16 '830':8 'dm':10 'p':7 't08':14",DM,2A,23106,830,57180,2026-06-12
2026-06-11T08:17:50,1,1300,P,"'-06':3,11 '-11':12 '-12':4 '1':1 '1230':8 '1300':9 '17':14 '2026':2,10 '21822':5 '2b':6 '50':15 'p':7 't08':13",,2B,21822,1230,57181,2026-06-12
2026-06-11T08:17:50,1,1630,T,"'-06':3,12 '-11':13 '-12':4 '1':1 '1330':8 '1630':9 '17':15 '18008':5 '2026':2,11 '3b':6 '50':16 'dm':10 't08':14",Dm,3B,18008,1330,57182,2026-06-12
2026-06-11T08:17:50,1,2030,P,"'-06':3,11 '-11':12 '-12':4 '1':1 '17':14 '1700':8 '2026':2,10 '2030':9 '23251':5 '3c':6 '50':15 'p':7 't08':13",,3C,23251,1700,57183,2026-06-12
2026-06-11T08:17:50,1,2230,P,"'-06':3,12 '-11':13 '-12':4 '1':1 '17':15 '2026':2,11 '2100':8 '2230':9 '23815':5 '4b':6 '50':16 'em':10 'p':7 't08':14",EM,4B,23815,2100,57184,2026-06-12
2026-06-11T08:17:50,1,2400,F,"'-06':3,11 '-11':12 '-12':4 '1':1 '17':14 '19425':5 '2026':2,10 '2400':8,9 '4c':6 '50':15 'f':7 't08':13",,4C,19425,2400,57185,2026-06-12
2026-06-12T08:35:32,1,30,F,"'-06':3,11 '-12':12 '-13':4 '1':1 '19358':5 '1f':6 '2026':2,10 '30':8,9 '32':15 '35':14 'f':7 't08':13",,1F,19358,30,57186,2026-06-13
2026-06-12T08:35:32,1,130,T,"'-06':3,11 '-12':12 '-13':4 '1':1 '100':8 '130':9 '18559':5 '1s':6 '2026':2,10 '32':15 '35':14 't08':13",,1S,18559,100,57187,2026-06-13
2026-06-12T08:35:32,1,230,P,"'-06':3,11 '-12':12 '-13':4 '1':1 '18148':5 '1a':6 '200':8 '2026':2,10 '230':9 '32':15 '35':14 'p':7 't08':13",,1A,18148,200,57188,2026-06-13
2026-06-12T08:35:32,1,400,F,"'-06':3,11 '-12':12 '-13':4 '1':1 '16237':5 '2026':2,10 '32':15 '35':14 '4':6 '400':8,9 'f':7 't08':13",,4,16237,400,57189,2026-06-13
2026-06-12T08:35:32,1,730,T,"'-06':3,12 '-12':13 '-13':4 '1':1 '15462':5 '1b':6 '2026':2,11 '32':16 '35':15 '430':8 '730':9 'om':10 't08':14",Om,1B,15462,430,57190,2026-06-13
2026-06-12T08:35:32,1,800,F,"'-06':3,11 '-12':12 '-13':4 '1':1 '15455':5 '2026':2,10 '2f':6 '32':15 '35':14 '800':8,9 'f':7 't08':13",,2F,15455,800,57191,2026-06-13
2026-06-12T08:35:32,1,1200,P,"'-06':3,12 '-12':13 '-13':4 '1':1 '1200':9 '15657':5 '2026':2,11 '2a':6 '32':16 '35':15 '830':8 'dm':10 'p':7 't08':14",DM,2A,15657,830,57192,2026-06-13
2026-06-12T08:35:32,1,1300,P,"'-06':3,11 '-12':12 '-13':4 '1':1 '1230':8 '1300':9 '13799':5 '2026':2,10 '2b':6 '32':15 '35':14 'p':7 't08':13",,2B,13799,1230,57193,2026-06-13
2026-06-12T08:35:32,1,1630,T,"'-06':3,12 '-12':13 '-13':4 '1':1 '12083':5 '1330':8 '1630':9 '2026':2,11 '32':16 '35':15 '3b':6 'dm':10 't08':14",Dm,3B,12083,1330,57194,2026-06-13
2026-06-12T08:35:32,1,2030,P,"'-06':3,11 '-12':12 '-13':4 '1':1 '1700':8 '2026':2,10 '2030':9 '22300':5 '32':15 '35':14 '3c':6 'p':7 't08':13",,3C,22300,1700,57195,2026-06-13
2026-06-12T08:35:32,1,2230,P,"'-06':3,12 '-12':13 '-13':4 '1':1 '2026':2,11 '2100':8 '2230':9 '23349':5 '32':16 '35':15 '4b':6 'em':10 'p':7 't08':14",EM,4B,23349,2100,57196,2026-06-13
2026-06-12T08:35:32,1,2400,F,"'-06':3,11 '-12':12 '-13':4 '1':1 '2026':2,10 '20582':5 '2400':8,9 '32':15 '35':14 '4c':6 'f':7 't08':13",,4C,20582,2400,57197,2026-06-13
2026-06-13T08:33:42,1,30,F,"'-06':3,11 '-13':12 '-14':4 '1':1 '1f':6 '2026':2,10 '20290':5 '30':8,9 '33':14 '42':15 'f':7 't08':13",,1F,20290,30,57198,2026-06-14
2026-06-13T08:33:42,1,130,T,"'-06':3,11 '-13':12 '-14':4 '1':1 '100':8 '130':9 '19107':5 '1s':6 '2026':2,10 '33':14 '42':15 't08':13",,1S,19107,100,57199,2026-06-14
2026-06-13T08:33:42,1,230,P,"'-06':3,11 '-13':12 '-14':4 '1':1 '19045':5 '1a':6 '200':8 '2026':2,10 '230':9 '33':14 '42':15 'p':7 't08':13",,1A,19045,200,57200,2026-06-14
2026-06-13T08:33:42,1,400,F,"'-06':3,11 '-13':12 '-14':4 '1':1 '17795':5 '2026':2,10 '33':14 '4':6 '400':8,9 '42':15 'f':7 't08':13",,4,17795,400,57201,2026-06-14
2026-06-13T08:33:42,1,730,T,"'-06':3,12 '-13':13 '-14':4 '1':1 '15941':5 '1b':6 '2026':2,11 '33':15 '42':16 '430':8 '730':9 'om':10 't08':14",Om,1B,15941,430,57202,2026-06-14
2026-06-13T08:33:42,1,800,F,"'-06':3,11 '-13':12 '-14':4 '1':1 '16203':5 '2026':2,10 '2f':6 '33':14 '42':15 '800':8,9 'f':7 't08':13",,2F,16203,800,57203,2026-06-14
2026-06-13T08:33:42,1,1200,P,"'-06':3,12 '-13':13 '-14':4 '1':1 '1200':9 '17025':5 '2026':2,11 '2a':6 '33':15 '42':16 '830':8 'dm':10 'p':7 't08':14",DM,2A,17025,830,57204,2026-06-14
2026-06-13T08:33:42,1,1300,P,"'-06':3,11 '-13':12 '-14':4 '1':1 '1230':8 '1300':9 '16225':5 '2026':2,10 '2b':6 '33':14 '42':15 'p':7 't08':13",,2B,16225,1230,57205,2026-06-14
2026-06-13T08:33:42,1,1630,T,"'-06':3,12 '-13':13 '-14':4 '1':1 '1330':8 '15339':5 '1630':9 '2026':2,11 '33':15 '3b':6 '42':16 'dm':10 't08':14",Dm,3B,15339,1330,57206,2026-06-14
2026-06-13T08:33:42,1,2030,P,"'-06':3,11 '-13':12 '-14':4 '1':1 '1700':8 '2026':2,10 '2030':9 '24362':5 '33':14 '3c':6 '42':15 'p':7 't08':13",,3C,24362,1700,57207,2026-06-14
2026-06-13T08:33:42,1,2230,P,"'-06':3,12 '-13':13 '-14':4 '1':1 '2026':2,11 '2100':8 '2230':9 '25197':5 '33':15 '42':16 '4b':6 'em':10 'p':7 't08':14",EM,4B,25197,2100,57208,2026-06-14
2026-06-13T08:33:42,1,2400,F,"'-06':3,11 '-13':12 '-14':4 '1':1 '2026':2,10 '21422':5 '2400':8,9 '33':14 '42':15 '4c':6 'f':7 't08':13",,4C,21422,2400,57209,2026-06-14
2026-06-14T08:34:07,1,30,F,"'-06':3,11 '-14':12 '-15':4 '07':15 '1':1 '1f':6 '2026':2,10 '21176':5 '30':8,9 '34':14 'f':7 't08':13",,1F,21176,30,57210,2026-06-15
2026-06-14T08:34:07,1,130,T,"'-06':3,11 '-14':12 '-15':4 '07':15 '1':1 '100':8 '130':9 '1s':6 '2026':2,10 '20333':5 '34':14 't08':13",,1S,20333,100,57211,2026-06-15
2026-06-14T08:34:07,1,230,P,"'-06':3,11 '-14':12 '-15':4 '07':15 '1':1 '1a':6 '200':8 '2026':2,10 '20285':5 '230':9 '34':14 'p':7 't08':13",,1A,20285,200,57212,2026-06-15
2026-06-14T08:34:07,1,400,F,"'-06':3,11 '-14':12 '-15':4 '07':15 '1':1 '18942':5 '2026':2,10 '34':14 '4':6 '400':8,9 'f':7 't08':13",,4,18942,400,57213,2026-06-15
2026-06-14T08:34:07,1,730,T,"'-06':3,12 '-14':13 '-15':4 '07':16 '1':1 '18649':5 '1b':6 '2026':2,11 '34':15 '430':8 '730':9 'om':10 't08':14",Om,1B,18649,430,57214,2026-06-15
2026-06-14T08:34:07,1,800,F,"'-06':3,11 '-14':12 '-15':4 '07':15 '1':1 '2026':2,10 '23086':5 '2f':6 '34':14 '800':8,9 'f':7 't08':13",,2F,23086,800,57215,2026-06-15
2026-06-14T08:34:07,1,1200,P,"'-06':3,12 '-14':13 '-15':4 '07':16 '1':1 '1200':9 '2026':2,11 '23664':5 '2a':6 '34':15 '830':8 'dm':10 'p':7 't08':14",DM,2A,23664,830,57216,2026-06-15
2026-06-14T08:34:07,1,1300,P,"'-06':3,11 '-14':12 '-15':4 '07':15 '1':1 '1230':8 '1300':9 '19671':5 '2026':2,10 '2b':6 '34':14 'p':7 't08':13",,2B,19671,1230,57217,2026-06-15
2026-06-14T08:34:07,1,1630,T,"'-06':3,12 '-14':13 '-15':4 '07':16 '1':1 '1330':8 '1630':9 '19469':5 '2026':2,11 '34':15 '3b':6 'dm':10 't08':14",Dm,3B,19469,1330,57218,2026-06-15
2026-06-14T08:34:07,1,2030,P,"'-06':3,12 '-14':13 '-15':4 '07':16 '1':1 '1700':8 '2026':2,11 '2030':9 '27733':5 '34':15 '3c':6 'em':10 'p':7 't08':14",EM,3C,27733,1700,57219,2026-06-15
2026-06-14T08:34:07,1,2230,P,"'-06':3,11 '-14':12 '-15':4 '07':15 '1':1 '2026':2,10 '2100':8 '2230':9 '27247':5 '34':14 '4b':6 'p':7 't08':13",,4B,27247,2100,57220,2026-06-15
2026-06-14T08:34:07,1,2400,F,"'-06':3,11 '-14':12 '-15':4 '07':15 '1':1 '2026':2,10 '21855':5 '2400':8,9 '34':14 '4c':6 'f':7 't08':13",,4C,21855,2400,57221,2026-06-15
2026-06-15T08:31:22,1,30,F,"'-06':3,11 '-15':12 '-16':4 '1':1 '1f':6 '2026':2,10 '22':15 '22435':5 '30':8,9 '31':14 'f':7 't08':13",,1F,22435,30,57222,2026-06-16
2026-06-15T08:31:22,1,130,T,"'-06':3,11 '-15':12 '-16':4 '1':1 '100':8 '130':9 '1s':6 '2026':2,10 '21591':5 '22':15 '31':14 't08':13",,1S,21591,100,57223,2026-06-16
2026-06-15T08:31:22,1,230,P,"'-06':3,11 '-15':12 '-16':4 '1':1 '1a':6 '200':8 '2026':2,10 '21471':5 '22':15 '230':9 '31':14 'p':7 't08':13",,1A,21471,200,57224,2026-06-16
2026-06-15T08:31:22,1,400,F,"'-06':3,11 '-15':12 '-16':4 '1':1 '20188':5 '2026':2,10 '22':15 '31':14 '4':6 '400':8,9 'f':7 't08':13",,4,20188,400,57225,2026-06-16
2026-06-15T08:31:22,1,730,T,"'-06':3,12 '-15':13 '-16':4 '1':1 '19570':5 '1b':6 '2026':2,11 '22':16 '31':15 '430':8 '730':9 'om':10 't08':14",Om,1B,19570,430,57226,2026-06-16
2026-06-15T08:31:22,1,800,F,"'-06':3,11 '-15':12 '-16':4 '1':1 '2026':2,10 '22':15 '24666':5 '2f':6 '31':14 '800':8,9 'f':7 't08':13",,2F,24666,800,57227,2026-06-16
2026-06-15T08:31:22,1,1200,P,"'-06':3,12 '-15':13 '-16':4 '1':1 '1200':9 '2026':2,11 '22':16 '25406':5 '2a':6 '31':15 '830':8 'dm':10 'p':7 't08':14",DM,2A,25406,830,57228,2026-06-16
2026-06-15T08:31:22,1,1300,P,"'-06':3,11 '-15':12 '-16':4 '1':1 '1230':8 '1300':9 '2026':2,10 '22':15 '22828':5 '2b':6 '31':14 'p':7 't08':13",,2B,22828,1230,57229,2026-06-16
2026-06-15T08:31:22,1,1630,T,"'-06':3,12 '-15':13 '-16':4 '1':1 '1330':8 '1630':9 '2026':2,11 '22':16 '22642':5 '31':15 '3b':6 'dm':10 't08':14",Dm,3B,22642,1330,57230,2026-06-16
2026-06-15T08:31:22,1,2030,P,"'-06':3,12 '-15':13 '-16':4 '1':1 '1700':8 '2026':2,11 '2030':9 '22':16 '28761':5 '31':15 '3c':6 'em':10 'p':7 't08':14",EM,3C,28761,1700,57231,2026-06-16
2026-06-15T08:31:22,1,2230,P,"'-06':3,11 '-15':12 '-16':4 '1':1 '2026':2,10 '2100':8 '22':15 '2230':9 '27655':5 '31':14 '4b':6 'p':7 't08':13",,4B,27655,2100,57232,2026-06-16
2026-06-15T08:31:22,1,2400,F,"'-06':3,11 '-15':12 '-16':4 '1':1 '2026':2,10 '22':15 '22620':5 '2400':8,9 '31':14 '4c':6 'f':7 't08':13",,4C,22620,2400,57233,2026-06-16
2026-06-16T10:47:23,1,30,F,"'-06':3,11 '-16':12 '-17':4 '1':1 '1f':6 '2026':2,10 '22385':5 '23':15 '30':8,9 '47':14 'f':7 't10':13",,1F,22385,30,57234,2026-06-17
2026-06-16T10:47:23,1,130,T,"'-06':3,11 '-16':12 '-17':4 '1':1 '100':8 '130':9 '1s':6 '2026':2,10 '21425':5 '23':15 '47':14 't10':13",,1S,21425,100,57235,2026-06-17
2026-06-16T10:47:23,1,230,P,"'-06':3,11 '-16':12 '-17':4 '1':1 '1a':6 '200':8 '2026':2,10 '21370':5 '23':15 '230':9 '47':14 'p':7 't10':13",,1A,21370,200,57236,2026-06-17
2026-06-16T10:47:23,1,400,F,"'-06':3,11 '-16':12 '-17':4 '1':1 '20225':5 '2026':2,10 '23':15 '4':6 '400':8,9 '47':14 'f':7 't10':13",,4,20225,400,57237,2026-06-17
2026-06-16T10:47:23,1,730,T,"'-06':3,12 '-16':13 '-17':4 '1':1 '19218':5 '1b':6 '2026':2,11 '23':16 '430':8 '47':15 '730':9 'om':10 't10':14",Om,1B,19218,430,57238,2026-06-17
2026-06-16T10:47:23,1,800,F,"'-06':3,11 '-16':12 '-17':4 '1':1 '2026':2,10 '23':15 '25673':5 '2f':6 '47':14 '800':8,9 'f':7 't10':13",,2F,25673,800,57239,2026-06-17
2026-06-16T10:47:23,1,1200,P,"'-06':3,12 '-16':13 '-17':4 '1':1 '1200':9 '2026':2,11 '23':16 '26641':5 '2a':6 '47':15 '830':8 'dm':10 'p':7 't10':14",DM,2A,26641,830,57240,2026-06-17
2026-06-16T10:47:23,1,1300,P,"'-06':3,11 '-16':12 '-17':4 '1':1 '1230':8 '1300':9 '2026':2,10 '23':15 '24576':5 '2b':6 '47':14 'p':7 't10':13",,2B,24576,1230,57241,2026-06-17
2026-06-16T10:47:23,1,1630,T,"'-06':3,12 '-16':13 '-17':4 '1':1 '1330':8 '1630':9 '2026':2,11 '23':16 '23481':5 '3b':6 '47':15 'dm':10 't10':14",Dm,3B,23481,1330,57242,2026-06-17
2026-06-16T10:47:23,1,2030,P,"'-06':3,11 '-16':12 '-17':4 '1':1 '1700':8 '2026':2,10 '2030':9 '23':15 '28174':5 '3c':6 '47':14 'p':7 't10':13",,3C,28174,1700,57243,2026-06-17
2026-06-16T10:47:23,1,2230,P,"'-06':3,12 '-16':13 '-17':4 '1':1 '2026':2,11 '2100':8 '2230':9 '23':16 '28241':5 '47':15 '4b':6 'em':10 'p':7 't10':14",EM,4B,28241,2100,57244,2026-06-17
2026-06-16T10:47:23,1,2400,F,"'-06':3,11 '-16':12 '-17':4 '1':1 '2026':2,10 '22779':5 '23':15 '2400':8,9 '47':14 '4c':6 'f':7 't10':13",,4C,22779,2400,57245,2026-06-17
2026-06-17T08:18:11,1,30,F,"'-06':3,11 '-17':12 '-18':4 '1':1 '11':15 '18':14 '1f':6 '2026':2,10 '22728':5 '30':8,9 'f':7 't08':13",,1F,22728,30,57246,2026-06-18
2026-06-17T08:18:11,1,130,T,"'-06':3,11 '-17':12 '-18':4 '1':1 '100':8 '11':15 '130':9 '18':14 '1s':6 '2026':2,10 '21541':5 't08':13",,1S,21541,100,57247,2026-06-18
2026-06-17T08:18:11,1,230,P,"'-06':3,11 '-17':12 '-18':4 '1':1 '11':15 '18':14 '1a':6 '200':8 '2026':2,10 '21251':5 '230':9 'p':7 't08':13",,1A,21251,200,57248,2026-06-18
2026-06-17T08:18:11,1,400,F,"'-06':3,11 '-17':12 '-18':4 '1':1 '11':15 '18':14 '20010':5 '2026':2,10 '4':6 '400':8,9 'f':7 't08':13",,4,20010,400,57249,2026-06-18
2026-06-17T08:18:11,1,730,T,"'-06':3,12 '-17':13 '-18':4 '1':1 '11':16 '18':15 '19237':5 '1b':6 '2026':2,11 '430':8 '730':9 'om':10 't08':14",Om,1B,19237,430,57250,2026-06-18
2026-06-17T08:18:11,1,800,F,"'-06':3,11 '-17':12 '-18':4 '1':1 '11':15 '18':14 '2026':2,10 '25086':5 '2f':6 '800':8,9 'f':7 't08':13",,2F,25086,800,57251,2026-06-18
2026-06-17T08:18:11,1,1200,P,"'-06':3,12 '-17':13 '-18':4 '1':1 '11':16 '1200':9 '18':15 '2026':2,11 '25670':5 '2a':6 '830':8 'dm':10 'p':7 't08':14",DM,2A,25670,830,57252,2026-06-18
2026-06-17T08:18:11,1,1300,P,"'-06':3,11 '-17':12 '-18':4 '1':1 '11':15 '1230':8 '1300':9 '18':14 '2026':2,10 '21210':5 '2b':6 'p':7 't08':13",,2B,21210,1230,57253,2026-06-18
2026-06-17T08:18:11,1,1630,T,"'-06':3,12 '-17':13 '-18':4 '1':1 '11':16 '1330':8 '1630':9 '18':15 '19245':5 '2026':2,11 '3b':6 'dm':10 't08':14",Dm,3B,19245,1330,57254,2026-06-18
2026-06-17T08:18:11,1,2030,P,"'-06':3,11 '-17':12 '-18':4 '1':1 '11':15 '1700':8 '18':14 '2026':2,10 '2030':9 '27734':5 '3c':6 'p':7 't08':13",,3C,27734,1700,57255,2026-06-18
2026-06-17T08:18:11,1,2230,P,"'-06':3,12 '-17':13 '-18':4 '1':1 '11':16 '18':15 '2026':2,11 '2100':8 '2230':9 '28146':5 '4b':6 'em':10 'p':7 't08':14",EM,4B,28146,2100,57256,2026-06-18
2026-06-17T08:18:11,1,2400,F,"'-06':3,11 '-17':12 '-18':4 '1':1 '11':15 '18':14 '2026':2,10 '23179':5 '2400':8,9 '4c':6 'f':7 't08':13",,4C,23179,2400,57257,2026-06-18
2026-06-18T08:26:22,1,30,F,"'-06':3,11 '-18':12 '-19':4 '1':1 '1f':6 '2026':2,10 '22':15 '23581':5 '26':14 '30':8,9 'f':7 't08':13",,1F,23581,30,57258,2026-06-19
2026-06-18T08:26:22,1,130,T,"'-06':3,11 '-18':12 '-19':4 '1':1 '100':8 '130':9 '1s':6 '2026':2,10 '22':15 '22233':5 '26':14 't08':13",,1S,22233,100,57259,2026-06-19
2026-06-18T08:26:22,1,230,P,"'-06':3,11 '-18':12 '-19':4 '1':1 '1a':6 '200':8 '2026':2,10 '21430':5 '22':15 '230':9 '26':14 'p':7 't08':13",,1A,21430,200,57260,2026-06-19
2026-06-18T08:26:22,1,400,F,"'-06':3,11 '-18':12 '-19':4 '1':1 '20012':5 '2026':2,10 '22':15 '26':14 '4':6 '400':8,9 'f':7 't08':13",,4,20012,400,57261,2026-06-19
2026-06-18T08:26:22,1,730,T,"'-06':3,12 '-18':13 '-19':4 '1':1 '18443':5 '1b':6 '2026':2,11 '22':16 '26':15 '430':8 '730':9 'om':10 't08':14",Om,1B,18443,430,57262,2026-06-19
2026-06-18T08:26:22,1,800,F,"'-06':3,11 '-18':12 '-19':4 '1':1 '2026':2,10 '22':15 '22906':5 '26':14 '2f':6 '800':8,9 'f':7 't08':13",,2F,22906,800,57263,2026-06-19
2026-06-18T08:26:22,1,1200,P,"'-06':3,12 '-18':13 '-19':4 '1':1 '1200':9 '2026':2,11 '22':16 '23284':5 '26':15 '2a':6 '830':8 'dm':10 'p':7 't08':14",DM,2A,23284,830,57264,2026-06-19
2026-06-18T08:26:22,1,1300,P,"'-06':3,11 '-18':12 '-19':4 '1':1 '1230':8 '1300':9 '19904':5 '2026':2,10 '22':15 '26':14 '2b':6 'p':7 't08':13",,2B,19904,1230,57265,2026-06-19
2026-06-18T08:26:22,1,1630,T,"'-06':3,12 '-18':13 '-19':4 '1':1 '1330':8 '1630':9 '18103':5 '2026':2,11 '22':16 '26':15 '3b':6 'dm':10 't08':14",Dm,3B,18103,1330,57266,2026-06-19
2026-06-18T08:26:22,1,2030,P,"'-06':3,11 '-18':12 '-19':4 '1':1 '1700':8 '2026':2,10 '2030':9 '22':15 '26':14 '26723':5 '3c':6 'p':7 't08':13",,3C,26723,1700,57267,2026-06-19
2026-06-18T08:26:22,1,2230,P,"'-06':3,12 '-18':13 '-19':4 '1':1 '2026':2,11 '2100':8 '22':16 '2230':9 '26':15 '27231':5 '4b':6 'em':10 'p':7 't08':14",EM,4B,27231,2100,57268,2026-06-19
2026-06-18T08:26:22,1,2400,F,"'-06':3,11 '-18':12 '-19':4 '1':1 '2026':2,10 '22':15 '23226':5 '2400':8,9 '26':14 '4c':6 'f':7 't08':13",,4C,23226,2400,57269,2026-06-19
2026-06-19T08:43:42,1,30,F,"'-06':3,11 '-19':12 '-20':4 '1':1 '1f':6 '2026':2,10 '23006':5 '30':8,9 '42':15 '43':14 'f':7 't08':13",,1F,23006,30,57270,2026-06-20
2026-06-19T08:43:42,1,200,F,"'-06':3,11 '-19':12 '-20':4 '1':1 '1a':6 '200':8,9 '2026':2,10 '21342':5 '42':15 '43':14 'f':7 't08':13",,1A,21342,200,57271,2026-06-20
2026-06-19T08:43:42,1,400,F,"'-06':3,11 '-19':12 '-20':4 '1':1 '19442':5 '2026':2,10 '4':6 '400':8,9 '42':15 '43':14 'f':7 't08':13",,4,19442,400,57272,2026-06-20
2026-06-19T08:43:42,1,730,T,"'-06':3,12 '-19':13 '-20':4 '1':1 '18630':5 '1b':6 '2026':2,11 '42':16 '43':15 '430':8 '730':9 'om':10 't08':14",Om,1B,18630,430,57273,2026-06-20
2026-06-19T08:43:42,1,800,F,"'-06':3,11 '-19':12 '-20':4 '1':1 '2026':2,10 '20532':5 '2f':6 '42':15 '43':14 '800':8,9 'f':7 't08':13",,2F,20532,800,57274,2026-06-20
2026-06-19T08:43:42,1,1200,P,"'-06':3,12 '-19':13 '-20':4 '1':1 '1200':9 '2026':2,11 '20839':5 '2a':6 '42':16 '43':15 '830':8 'dm':10 'p':7 't08':14",DM,2A,20839,830,57275,2026-06-20
2026-06-19T08:43:42,1,1300,P,"'-06':3,11 '-19':12 '-20':4 '1':1 '1230':8 '1300':9 '18309':5 '2026':2,10 '2b':6 '42':15 '43':14 'p':7 't08':13",,2B,18309,1230,57276,2026-06-20
2026-06-19T08:43:42,1,1630,T,"'-06':3,12 '-19':13 '-20':4 '1':1 '1330':8 '1630':9 '17019':5 '2026':2,11 '3b':6 '42':16 '43':15 'dm':10 't08':14",Dm,3B,17019,1330,57277,2026-06-20
2026-06-19T08:43:42,1,2030,P,"'-06':3,11 '-19':12 '-20':4 '1':1 '1700':8 '2026':2,10 '2030':9 '24811':5 '3c':6 '42':15 '43':14 'p':7 't08':13",,3C,24811,1700,57278,2026-06-20
2026-06-19T08:43:42,1,2230,P,"'-06':3,12 '-19':13 '-20':4 '1':1 '2026':2,11 '2100':8 '2230':9 '25308':5 '42':16 '43':15 '4b':6 'em':10 'p':7 't08':14",EM,4B,25308,2100,57279,2026-06-20
2026-06-19T08:43:42,1,2400,F,"'-06':3,11 '-19':12 '-20':4 '1':1 '2026':2,10 '22636':5 '2400':8,9 '42':15 '43':14 '4c':6 'f':7 't08':13",,4C,22636,2400,57280,2026-06-20
2026-06-20T08:46:49,1,30,F,"'-06':3,11 '-20':12 '-21':4 '1':1 '1f':6 '2026':2,10 '22596':5 '30':8,9 '46':14 '49':15 'f':7 't08':13",,1F,22596,30,57281,2026-06-21
2026-06-20T08:46:49,1,200,F,"'-06':3,11 '-20':12 '-21':4 '1':1 '1a':6 '200':8,9 '2026':2,10 '21196':5 '46':14 '49':15 'f':7 't08':13",,1A,21196,200,57282,2026-06-21
2026-06-20T08:46:49,1,400,F,"'-06':3,11 '-20':12 '-21':4 '1':1 '19354':5 '2026':2,10 '4':6 '400':8,9 '46':14 '49':15 'f':7 't08':13",,4,19354,400,57283,2026-06-21
2026-06-20T08:46:49,1,730,T,"'-06':3,12 '-20':13 '-21':4 '1':1 '17273':5 '1b':6 '2026':2,11 '430':8 '46':15 '49':16 '730':9 'om':10 't08':14",Om,1B,17273,430,57284,2026-06-21
2026-06-20T08:46:49,1,800,F,"'-06':3,11 '-20':12 '-21':4 '1':1 '17929':5 '2026':2,10 '2f':6 '46':14 '49':15 '800':8,9 'f':7 't08':13",,2F,17929,800,57285,2026-06-21
2026-06-20T08:46:49,1,1200,P,"'-06':3,12 '-20':13 '-21':4 '1':1 '1200':9 '18118':5 '2026':2,11 '2a':6 '46':15 '49':16 '830':8 'dm':10 'p':7 't08':14",DM,2A,18118,830,57286,2026-06-21
2026-06-20T08:46:49,1,1300,P,"'-06':3,11 '-20':12 '-21':4 '1':1 '1230':8 '1300':9 '17036':5 '2026':2,10 '2b':6 '46':14 '49':15 'p':7 't08':13",,2B,17036,1230,57287,2026-06-21
2026-06-20T08:46:49,1,1630,T,"'-06':3,12 '-20':13 '-21':4 '1':1 '1330':8 '1630':9 '17261':5 '2026':2,11 '3b':6 '46':15 '49':16 'dm':10 't08':14",Dm,3B,17261,1330,57288,2026-06-21
2026-06-20T08:46:49,1,2030,P,"'-06':3,11 '-20':12 '-21':4 '1':1 '1700':8 '2026':2,10 '2030':9 '25863':5 '3c':6 '46':14 '49':15 'p':7 't08':13",,3C,25863,1700,57289,2026-06-21
2026-06-20T08:46:49,1,2230,P,"'-06':3,12 '-20':13 '-21':4 '1':1 '2026':2,11 '2100':8 '2230':9 '26254':5 '46':15 '49':16 '4b':6 'em':10 'p':7 't08':14",EM,4B,26254,2100,57290,2026-06-21
2026-06-20T08:46:49,1,2400,F,"'-06':3,11 '-20':12 '-21':4 '1':1 '2026':2,10 '22893':5 '2400':8,9 '46':14 '49':15 '4c':6 'f':7 't08':13",,4C,22893,2400,57291,2026-06-21
2026-06-21T08:45:20,1,30,F,"'-06':3,11 '-21':12 '-22':4 '1':1 '1f':6 '20':15 '2026':2,10 '22859':5 '30':8,9 '45':14 'f':7 't08':13",,1F,22859,30,57292,2026-06-22
2026-06-21T08:45:20,1,200,F,"'-06':3,11 '-21':12 '-22':4 '1':1 '1a':6 '20':15 '200':8,9 '2026':2,10 '21387':5 '45':14 'f':7 't08':13",,1A,21387,200,57293,2026-06-22
2026-06-21T08:45:20,1,400,F,"'-06':3,11 '-21':12 '-22':4 '1':1 '20':15 '20098':5 '2026':2,10 '4':6 '400':8,9 '45':14 'f':7 't08':13",,4,20098,400,57294,2026-06-22
2026-06-21T08:45:20,1,730,T,"'-06':3,12 '-21':13 '-22':4 '1':1 '19374':5 '1b':6 '20':16 '2026':2,11 '430':8 '45':15 '730':9 'om':10 't08':14",Om,1B,19374,430,57295,2026-06-22
2026-06-21T08:45:20,1,800,F,"'-06':3,11 '-21':12 '-22':4 '1':1 '20':15 '2026':2,10 '23821':5 '2f':6 '45':14 '800':8,9 'f':7 't08':13",,2F,23821,800,57296,2026-06-22
2026-06-21T08:45:20,1,1200,P,"'-06':3,12 '-21':13 '-22':4 '1':1 '1200':9 '20':16 '2026':2,11 '24158':5 '2a':6 '45':15 '830':8 'dm':10 'p':7 't08':14",DM,2A,24158,830,57297,2026-06-22
2026-06-21T08:45:20,1,1300,P,"'-06':3,11 '-21':12 '-22':4 '1':1 '1230':8 '1300':9 '20':15 '2026':2,10 '21094':5 '2b':6 '45':14 'p':7 't08':13",,2B,21094,1230,57298,2026-06-22
2026-06-21T08:45:20,1,1630,T,"'-06':3,12 '-21':13 '-22':4 '1':1 '1330':8 '1630':9 '20':16 '2026':2,11 '21148':5 '3b':6 '45':15 'dm':10 't08':14",Dm,3B,21148,1330,57299,2026-06-22
2026-06-21T08:45:20,1,2030,P,"'-06':3,11 '-21':12 '-22':4 '1':1 '1700':8 '20':15 '2026':2,10 '2030':9 '29162':5 '3c':6 '45':14 'p':7 't08':13",,3C,29162,1700,57300,2026-06-22
2026-06-21T08:45:20,1,2230,P,"'-06':3,12 '-21':13 '-22':4 '1':1 '20':16 '2026':2,11 '2100':8 '2230':9 '29455':5 '45':15 '4b':6 'em':10 'p':7 't08':14",EM,4B,29455,2100,57301,2026-06-22
2026-06-21T08:45:20,1,2400,F,"'-06':3,11 '-21':12 '-22':4 '1':1 '20':15 '2026':2,10 '2400':8,9 '24720':5 '45':14 '4c':6 'f':7 't08':13",,4C,24720,2400,57302,2026-06-22
2026-06-22T08:30:25,1,30,F,"'-06':3,11 '-22':12 '-23':4 '1':1 '1f':6 '2026':2,10 '23837':5 '25':15 '30':8,9,14 'f':7 't08':13",,1F,23837,30,57303,2026-06-23
2026-06-22T08:30:25,1,200,F,"'-06':3,11 '-22':12 '-23':4 '1':1 '1a':6 '200':8,9 '2026':2,10 '22617':5 '25':15 '30':14 'f':7 't08':13",,1A,22617,200,57304,2026-06-23
2026-06-22T08:30:25,1,400,F,"'-06':3,11 '-22':12 '-23':4 '1':1 '2026':2,10 '21411':5 '25':15 '30':14 '4':6 '400':8,9 'f':7 't08':13",,4,21411,400,57305,2026-06-23
2026-06-22T08:30:25,1,730,T,"'-06':3,12 '-22':13 '-23':4 '1':1 '1b':6 '2026':2,11 '20668':5 '25':16 '30':15 '430':8 '730':9 'om':10 't08':14",Om,1B,20668,430,57306,2026-06-23
2026-06-22T08:30:25,1,800,F,"'-06':3,11 '-22':12 '-23':4 '1':1 '2026':2,10 '25':15 '25409':5 '2f':6 '30':14 '800':8,9 'f':7 't08':13",,2F,25409,800,57307,2026-06-23
2026-06-22T08:30:25,1,1200,P,"'-06':3,12 '-22':13 '-23':4 '1':1 '1200':9 '2026':2,11 '25':16 '25420':5 '2a':6 '30':15 '830':8 'dm':10 'p':7 't08':14",DM,2A,25420,830,57308,2026-06-23
2026-06-22T08:30:25,1,1300,P,"'-06':3,11 '-22':12 '-23':4 '1':1 '1230':8 '1300':9 '2026':2,10 '20977':5 '25':15 '2b':6 '30':14 'p':7 't08':13",,2B,20977,1230,57309,2026-06-23
2026-06-22T08:30:25,1,1630,T,"'-06':3,12 '-22':13 '-23':4 '1':1 '1330':8 '1630':9 '2026':2,11 '20376':5 '25':16 '30':15 '3b':6 'dm':10 't08':14",Dm,3B,20376,1330,57310,2026-06-23
2026-06-22T08:30:25,1,2030,P,"'-06':3,12 '-22':13 '-23':4 '1':1 '1700':8 '2026':2,11 '2030':9 '25':16 '29703':5 '30':15 '3c':6 'em':10 'p':7 't08':14",EM,3C,29703,1700,57311,2026-06-23
2026-06-22T08:30:25,1,2230,P,"'-06':3,11 '-22':12 '-23':4 '1':1 '2026':2,10 '2100':8 '2230':9 '25':15 '29563':5 '30':14 '4b':6 'p':7 't08':13",,4B,29563,2100,57312,2026-06-23
2026-06-22T08:30:25,1,2400,F,"'-06':3,11 '-22':12 '-23':4 '1':1 '2026':2,10 '2400':8,9 '25':15 '25015':5 '30':14 '4c':6 'f':7 't08':13",,4C,25015,2400,57313,2026-06-23
2026-06-23T08:17:27,1,30,F,"'-06':3,11 '-23':12 '-24':4 '1':1 '17':14 '1f':6 '2026':2,10 '24546':5 '27':15 '30':8,9 'f':7 't08':13",,1F,24546,30,57314,2026-06-24
2026-06-23T08:17:27,1,200,F,"'-06':3,11 '-23':12 '-24':4 '1':1 '17':14 '1a':6 '200':8,9 '2026':2,10 '23142':5 '27':15 'f':7 't08':13",,1A,23142,200,57315,2026-06-24
2026-06-23T08:17:27,1,400,F,"'-06':3,11 '-23':12 '-24':4 '1':1 '17':14 '2026':2,10 '22126':5 '27':15 '4':6 '400':8,9 'f':7 't08':13",,4,22126,400,57316,2026-06-24
2026-06-23T08:17:27,1,730,T,"'-06':3,12 '-23':13 '-24':4 '1':1 '17':15 '1b':6 '2026':2,11 '21492':5 '27':16 '430':8 '730':9 'om':10 't08':14",Om,1B,21492,430,57317,2026-06-24
2026-06-23T08:17:27,1,800,F,"'-06':3,12 '-23':13 '-24':4 '1':1 '17':15 '2026':2,11 '25712':5 '27':16 '2f':6 '800':8,9 'dm':10 'f':7 't08':14",DM,2F,25712,800,57318,2026-06-24
2026-06-23T08:17:27,1,1200,P,"'-06':3,11 '-23':12 '-24':4 '1':1 '1200':9 '17':14 '2026':2,10 '25598':5 '27':15 '2a':6 '830':8 'p':7 't08':13",,2A,25598,830,57319,2026-06-24
2026-06-23T08:17:27,1,1300,P,"'-06':3,11 '-23':12 '-24':4 '1':1 '1230':8 '1300':9 '17':14 '2026':2,10 '21581':5 '27':15 '2b':6 'p':7 't08':13",,2B,21581,1230,57320,2026-06-24
2026-06-23T08:17:27,1,1630,T,"'-06':3,12 '-23':13 '-24':4 '1':1 '1330':8 '1630':9 '17':15 '2026':2,11 '20795':5 '27':16 '3b':6 'dm':10 't08':14",Dm,3B,20795,1330,57321,2026-06-24
2026-06-23T08:17:27,1,2030,P,"'-06':3,12 '-23':13 '-24':4 '1':1 '17':15 '1700':8 '2026':2,11 '2030':9 '27':16 '30390':5 '3c':6 'em':10 'p':7 't08':14",EM,3C,30390,1700,57322,2026-06-24
2026-06-23T08:17:27,1,2230,P,"'-06':3,11 '-23':12 '-24':4 '1':1 '17':14 '2026':2,10 '2100':8 '2230':9 '27':15 '30235':5 '4b':6 'p':7 't08':13",,4B,30235,2100,57323,2026-06-24
2026-06-23T08:17:27,1,2400,F,"'-06':3,11 '-23':12 '-24':4 '1':1 '17':14 '2026':2,10 '2400':8,9 '25869':5 '27':15 '4c':6 'f':7 't08':13",,4C,25869,2400,57324,2026-06-24
2026-06-24T08:24:15,1,30,F,"'-06':3,11 '-24':12 '-25':4 '1':1 '15':15 '1f':6 '2026':2,10 '24':14 '25734':5 '30':8,9 'f':7 't08':13",,1F,25734,30,57325,2026-06-25
2026-06-24T08:24:15,1,200,F,"'-06':3,11 '-24':12 '-25':4 '1':1 '15':15 '1a':6 '200':8,9 '2026':2,10 '24':14 '24301':5 'f':7 't08':13",,1A,24301,200,57326,2026-06-25
2026-06-24T08:24:15,1,400,F,"'-06':3,11 '-24':12 '-25':4 '1':1 '15':15 '2026':2,10 '23225':5 '24':14 '4':6 '400':8,9 'f':7 't08':13",,4,23225,400,57327,2026-06-25
2026-06-24T08:24:15,1,730,T,"'-06':3,12 '-24':13 '-25':4 '1':1 '15':16 '1b':6 '2026':2,11 '21961':5 '24':15 '430':8 '730':9 'om':10 't08':14",Om,1B,21961,430,57328,2026-06-25
2026-06-24T08:24:15,1,800,F,"'-06':3,11 '-24':12 '-25':4 '1':1 '15':15 '2026':2,10 '24':14 '25768':5 '2f':6 '800':8,9 'f':7 't08':13",,2F,25768,800,57329,2026-06-25
2026-06-24T08:24:15,1,1200,P,"'-06':3,12 '-24':13 '-25':4 '1':1 '1200':9 '15':16 '2026':2,11 '24':15 '25909':5 '2a':6 '830':8 'dm':10 'p':7 't08':14",DM,2A,25909,830,57330,2026-06-25
2026-06-24T08:24:15,1,1300,P,"'-06':3,11 '-24':12 '-25':4 '1':1 '1230':8 '1300':9 '15':15 '2026':2,10 '21202':5 '24':14 '2b':6 'p':7 't08':13",,2B,21202,1230,57331,2026-06-25
2026-06-24T08:24:15,1,1630,T,"'-06':3,12 '-24':13 '-25':4 '1':1 '1330':8 '15':16 '1630':9 '2026':2,11 '20823':5 '24':15 '3b':6 'dm':10 't08':14",Dm,3B,20823,1330,57332,2026-06-25
2026-06-24T08:24:15,1,2030,P,"'-06':3,11 '-24':12 '-25':4 '1':1 '15':15 '1700':8 '2026':2,10 '2030':9 '24':14 '29660':5 '3c':6 'p':7 't08':13",,3C,29660,1700,57333,2026-06-25
2026-06-24T08:24:15,1,2230,P,"'-06':3,12 '-24':13 '-25':4 '1':1 '15':16 '2026':2,11 '2100':8 '2230':9 '24':15 '30038':5 '4b':6 'em':10 'p':7 't08':14",EM,4B,30038,2100,57334,2026-06-25
2026-06-24T08:24:15,1,2400,F,"'-06':3,11 '-24':12 '-25':4 '1':1 '15':15 '2026':2,10 '24':14 '2400':8,9 '25752':5 '4c':6 'f':7 't08':13",,4C,25752,2400,57335,2026-06-25
2026-06-25T11:23:44,1,30,F,"'-06':3,11 '-25':12 '-26':4 '1':1 '1f':6 '2026':2,10 '23':14 '25881':5 '30':8,9 '44':15 'f':7 't11':13",,1F,25881,30,57336,2026-06-26
2026-06-25T11:23:44,1,200,F,"'-06':3,11 '-25':12 '-26':4 '1':1 '1a':6 '200':8,9 '2026':2,10 '23':14 '24764':5 '44':15 'f':7 't11':13",,1A,24764,200,57337,2026-06-26
2026-06-25T11:23:44,1,400,F,"'-06':3,11 '-25':12 '-26':4 '1':1 '2026':2,10 '23':14 '23255':5 '4':6 '400':8,9 '44':15 'f':7 't11':13",,4,23255,400,57338,2026-06-26
2026-06-25T11:23:44,1,730,T,"'-06':3,12 '-25':13 '-26':4 '1':1 '1b':6 '2026':2,11 '22788':5 '23':15 '430':8 '44':16 '730':9 'om':10 't11':14",Om,1B,22788,430,57339,2026-06-26
2026-06-25T11:23:44,1,800,F,"'-06':3,11 '-25':12 '-26':4 '1':1 '2026':2,10 '23':14 '27040':5 '2f':6 '44':15 '800':8,9 'f':7 't11':13",,2F,27040,800,57340,2026-06-26
2026-06-25T11:23:44,1,1200,P,"'-06':3,12 '-25':13 '-26':4 '1':1 '1200':9 '2026':2,11 '23':15 '27884':5 '2a':6 '44':16 '830':8 'dm':10 'p':7 't11':14",DM,2A,27884,830,57341,2026-06-26
2026-06-25T11:23:44,1,1300,P,"'-06':3,11 '-25':12 '-26':4 '1':1 '1230':8 '1300':9 '2026':2,10 '23':14 '24392':5 '2b':6 '44':15 'p':7 't11':13",,2B,24392,1230,57342,2026-06-26
2026-06-25T11:23:44,1,1630,T,"'-06':3,12 '-25':13 '-26':4 '1':1 '1330':8 '1630':9 '2026':2,11 '22860':5 '23':15 '3b':6 '44':16 'dm':10 't11':14",Dm,3B,22860,1330,57343,2026-06-26
2026-06-25T11:23:44,1,2030,P,"'-06':3,11 '-25':12 '-26':4 '1':1 '1700':8 '2026':2,10 '2030':9 '23':14 '29053':5 '3c':6 '44':15 'p':7 't11':13",,3C,29053,1700,57344,2026-06-26
2026-06-25T11:23:44,1,2230,P,"'-06':3,12 '-25':13 '-26':4 '1':1 '2026':2,11 '2100':8 '2230':9 '23':15 '29779':5 '44':16 '4b':6 'em':10 'p':7 't11':14",EM,4B,29779,2100,57345,2026-06-26
2026-06-25T11:23:44,1,2400,F,"'-06':3,11 '-25':12 '-26':4 '1':1 '2026':2,10 '23':14 '2400':8,9 '25421':5 '44':15 '4c':6 'f':7 't11':13",,4C,25421,2400,57346,2026-06-26
2026-06-26T08:48:27,1,30,F,"'-06':3,11 '-26':12 '-27':4 '1':1 '1f':6 '2026':2,10 '24342':5 '27':15 '30':8,9 '48':14 'f':7 't08':13",,1F,24342,30,57347,2026-06-27
2026-06-26T08:48:27,1,200,F,"'-06':3,11 '-26':12 '-27':4 '1':1 '1a':6 '200':8,9 '2026':2,10 '22876':5 '27':15 '48':14 'f':7 't08':13",,1A,22876,200,57348,2026-06-27
2026-06-26T08:48:27,1,400,F,"'-06':3,11 '-26':12 '-27':4 '1':1 '2026':2,10 '20988':5 '27':15 '4':6 '400':8,9 '48':14 'f':7 't08':13",,4,20988,400,57349,2026-06-27
2026-06-26T08:48:27,1,730,T,"'-06':3,12 '-26':13 '-27':4 '1':1 '19988':5 '1b':6 '2026':2,11 '27':16 '430':8 '48':15 '730':9 'om':10 't08':14",Om,1B,19988,430,57350,2026-06-27
2026-06-26T08:48:27,1,800,F,"'-06':3,11 '-26':12 '-27':4 '1':1 '2026':2,10 '21218':5 '27':15 '2f':6 '48':14 '800':8,9 'f':7 't08':13",,2F,21218,800,57351,2026-06-27
2026-06-26T08:48:27,1,1200,P,"'-06':3,12 '-26':13 '-27':4 '1':1 '1200':9 '2026':2,11 '21446':5 '27':16 '2a':6 '48':15 '830':8 'dm':10 'p':7 't08':14",DM,2A,21446,830,57352,2026-06-27
2026-06-26T08:48:27,1,1300,P,"'-06':3,11 '-26':12 '-27':4 '1':1 '1230':8 '1300':9 '19418':5 '2026':2,10 '27':15 '2b':6 '48':14 'p':7 't08':13",,2B,19418,1230,57353,2026-06-27
2026-06-26T08:48:27,1,1630,T,"'-06':3,12 '-26':13 '-27':4 '1':1 '1330':8 '1630':9 '19173':5 '2026':2,11 '27':16 '3b':6 '48':15 'dm':10 't08':14",Dm,3B,19173,1330,57354,2026-06-27
2026-06-26T08:48:27,1,2030,P,"'-06':3,11 '-26':12 '-27':4 '1':1 '1700':8 '2026':2,10 '2030':9 '25282':5 '27':15 '3c':6 '48':14 'p':7 't08':13",,3C,25282,1700,57355,2026-06-27
2026-06-26T08:48:27,1,2230,P,"'-06':3,12 '-26':13 '-27':4 '1':1 '2026':2,11 '2100':8 '2230':9 '26305':5 '27':16 '48':15 '4b':6 'em':10 'p':7 't08':14",EM,4B,26305,2100,57356,2026-06-27
2026-06-26T08:48:27,1,2400,F,"'-06':3,11 '-26':12 '-27':4 '1':1 '2026':2,10 '23474':5 '2400':8,9 '27':15 '48':14 '4c':6 'f':7 't08':13",,4C,23474,2400,57357,2026-06-27
2026-06-27T08:41:45,1,30,F,"'-06':3,11 '-27':12 '-28':4 '1':1 '1f':6 '2026':2,10 '22225':5 '30':8,9 '41':14 '45':15 'f':7 't08':13",,1F,22225,30,57358,2026-06-28
2026-06-27T08:41:45,1,200,F,"'-06':3,11 '-27':12 '-28':4 '1':1 '1a':6 '200':8,9 '2026':2,10 '20797':5 '41':14 '45':15 'f':7 't08':13",,1A,20797,200,57359,2026-06-28
2026-06-27T08:41:45,1,400,F,"'-06':3,11 '-27':12 '-28':4 '1':1 '18986':5 '2026':2,10 '4':6 '400':8,9 '41':14 '45':15 'f':7 't08':13",,4,18986,400,57360,2026-06-28
2026-06-27T08:41:45,1,730,T,"'-06':3,12 '-27':13 '-28':4 '1':1 '17443':5 '1b':6 '2026':2,11 '41':15 '430':8 '45':16 '730':9 'om':10 't08':14",Om,1B,17443,430,57361,2026-06-28
2026-06-27T08:41:45,1,800,F,"'-06':3,11 '-27':12 '-28':4 '1':1 '18566':5 '2026':2,10 '2f':6 '41':14 '45':15 '800':8,9 'f':7 't08':13",,2F,18566,800,57362,2026-06-28
2026-06-27T08:41:45,1,1200,P,"'-06':3,12 '-27':13 '-28':4 '1':1 '1200':9 '19741':5 '2026':2,11 '2a':6 '41':15 '45':16 '830':8 'dm':10 'p':7 't08':14",DM,2A,19741,830,57363,2026-06-28
2026-06-27T08:41:45,1,1300,P,"'-06':3,11 '-27':12 '-28':4 '1':1 '1230':8 '1300':9 '18297':5 '2026':2,10 '2b':6 '41':14 '45':15 'p':7 't08':13",,2B,18297,1230,57364,2026-06-28
2026-06-27T08:41:45,1,1630,T,"'-06':3,12 '-27':13 '-28':4 '1':1 '1330':8 '15665':5 '1630':9 '2026':2,11 '3b':6 '41':15 '45':16 'dm':10 't08':14",Dm,3B,15665,1330,57365,2026-06-28
2026-06-27T08:41:45,1,2030,P,"'-06':3,11 '-27':12 '-28':4 '1':1 '1700':8 '2026':2,10 '2030':9 '24051':5 '3c':6 '41':14 '45':15 'p':7 't08':13",,3C,24051,1700,57366,2026-06-28
2026-06-27T08:41:45,1,2230,P,"'-06':3,12 '-27':13 '-28':4 '1':1 '2026':2,11 '2100':8 '2230':9 '25087':5 '41':15 '45':16 '4b':6 'em':10 'p':7 't08':14",EM,4B,25087,2100,57367,2026-06-28
2026-06-27T08:41:45,1,2400,F,"'-06':3,11 '-27':12 '-28':4 '1':1 '2026':2,10 '21630':5 '2400':8,9 '41':14 '45':15 '4c':6 'f':7 't08':13",,4C,21630,2400,57368,2026-06-28
2026-06-28T08:41:28,1,30,F,"'-06':3,11 '-28':12 '-29':4 '1':1 '1f':6 '2026':2,10 '21537':5 '28':15 '30':8,9 '41':14 'f':7 't08':13",,1F,21537,30,57369,2026-06-29
2026-06-28T08:41:28,1,200,F,"'-06':3,11 '-28':12 '-29':4 '1':1 '1a':6 '200':8,9 '2026':2,10 '20580':5 '28':15 '41':14 'f':7 't08':13",,1A,20580,200,57370,2026-06-29
2026-06-28T08:41:28,1,400,F,"'-06':3,11 '-28':12 '-29':4 '1':1 '19255':5 '2026':2,10 '28':15 '4':6 '400':8,9 '41':14 'f':7 't08':13",,4,19255,400,57371,2026-06-29
2026-06-28T08:41:28,1,730,T,"'-06':3,12 '-28':13 '-29':4 '1':1 '18535':5 '1b':6 '2026':2,11 '28':16 '41':15 '430':8 '730':9 'om':10 't08':14",Om,1B,18535,430,57372,2026-06-29
2026-06-28T08:41:28,1,800,F,"'-06':3,11 '-28':12 '-29':4 '1':1 '2026':2,10 '22981':5 '28':15 '2f':6 '41':14 '800':8,9 'f':7 't08':13",,2F,22981,800,57373,2026-06-29
2026-06-28T08:41:28,1,1200,P,"'-06':3,12 '-28':13 '-29':4 '1':1 '1200':9 '2026':2,11 '23370':5 '28':16 '2a':6 '41':15 '830':8 'dm':10 'p':7 't08':14",DM,2A,23370,830,57374,2026-06-29
2026-06-28T08:41:28,1,1300,P,"'-06':3,11 '-28':12 '-29':4 '1':1 '1230':8 '1300':9 '2026':2,10 '22150':5 '28':15 '2b':6 '41':14 'p':7 't08':13",,2B,22150,1230,57375,2026-06-29
2026-06-28T08:41:28,1,1630,T,"'-06':3,12 '-28':13 '-29':4 '1':1 '1330':8 '1630':9 '2026':2,11 '21155':5 '28':16 '3b':6 '41':15 'dm':10 't08':14",Dm,3B,21155,1330,57376,2026-06-29
2026-06-28T08:41:28,1,2030,P,"'-06':3,11 '-28':12 '-29':4 '1':1 '1700':8 '2026':2,10 '2030':9 '28':15 '28408':5 '3c':6 '41':14 'p':7 't08':13",,3C,28408,1700,57377,2026-06-29
2026-06-28T08:41:28,1,2230,P,"'-06':3,12 '-28':13 '-29':4 '1':1 '2026':2,11 '2100':8 '2230':9 '28':16 '28655':5 '41':15 '4b':6 'em':10 'p':7 't08':14",EM,4B,28655,2100,57378,2026-06-29
2026-06-28T08:41:28,1,2400,F,"'-06':3,11 '-28':12 '-29':4 '1':1 '2026':2,10 '23519':5 '2400':8,9 '28':15 '41':14 '4c':6 'f':7 't08':13",,4C,23519,2400,57379,2026-06-29
2026-06-29T08:41:10,1,30,F,"'-06':3,11 '-29':12 '-30':4 '1':1 '10':15 '1f':6 '2026':2,10 '22871':5 '30':8,9 '41':14 'f':7 't08':13",,1F,22871,30,57380,2026-06-30
2026-06-29T08:41:10,1,200,F,"'-06':3,11 '-29':12 '-30':4 '1':1 '10':15 '1a':6 '200':8,9 '2026':2,10 '22540':5 '41':14 'f':7 't08':13",,1A,22540,200,57381,2026-06-30
2026-06-29T08:41:10,1,400,F,"'-06':3,11 '-29':12 '-30':4 '1':1 '10':15 '2026':2,10 '20819':5 '4':6 '400':8,9 '41':14 'f':7 't08':13",,4,20819,400,57382,2026-06-30
2026-06-29T08:41:10,1,730,T,"'-06':3,12 '-29':13 '-30':4 '1':1 '10':16 '1b':6 '20027':5 '2026':2,11 '41':15 '430':8 '730':9 'om':10 't08':14",Om,1B,20027,430,57383,2026-06-30
2026-06-29T08:41:10,1,800,F,"'-06':3,12 '-29':13 '-30':4 '1':1 '10':16 '2026':2,11 '26086':5 '2f':6 '41':15 '800':8,9 'dm':10 'f':7 't08':14",DM,2F,26086,800,57384,2026-06-30
2026-06-29T08:41:10,1,1200,P,"'-06':3,11 '-29':12 '-30':4 '1':1 '10':15 '1200':9 '2026':2,10 '25882':5 '2a':6 '41':14 '830':8 'p':7 't08':13",,2A,25882,830,57385,2026-06-30
2026-06-29T08:41:10,1,1300,P,"'-06':3,11 '-29':12 '-30':4 '1':1 '10':15 '1230':8 '1300':9 '2026':2,10 '24686':5 '2b':6 '41':14 'p':7 't08':13",,2B,24686,1230,57386,2026-06-30
2026-06-29T08:41:10,1,1630,T,"'-06':3,12 '-29':13 '-30':4 '1':1 '10':16 '1330':8 '1630':9 '2026':2,11 '24066':5 '3b':6 '41':15 'dm':10 't08':14",Dm,3B,24066,1330,57387,2026-06-30
2026-06-29T08:41:10,1,2030,P,"'-06':3,12 '-29':13 '-30':4 '1':1 '10':16 '1700':8 '2026':2,11 '2030':9 '29425':5 '3c':6 '41':15 'em':10 'p':7 't08':14",EM,3C,29425,1700,57388,2026-06-30
2026-06-29T08:41:10,1,2230,P,"'-06':3,11 '-29':12 '-30':4 '1':1 '10':15 '2026':2,10 '2100':8 '2230':9 '29085':5 '41':14 '4b':6 'p':7 't08':13",,4B,29085,2100,57389,2026-06-30
2026-06-29T08:41:10,1,2400,F,"'-06':3,11 '-29':12 '-30':4 '1':1 '10':15 '2026':2,10 '23855':5 '2400':8,9 '41':14 '4c':6 'f':7 't08':13",,4C,23855,2400,57390,2026-06-30
2026-06-30T08:45:11,1,30,F,"'-01':4 '-06':11 '-07':3 '-30':12 '1':1 '11':15 '1f':6 '2026':2,10 '23224':5 '30':8,9 '45':14 'f':7 't08':13",,1F,23224,30,57391,2026-07-01
2026-06-30T08:45:11,1,200,F,"'-01':4 '-06':11 '-07':3 '-30':12 '1':1 '11':15 '1a':6 '200':8,9 '2026':2,10 '22440':5 '45':14 'f':7 't08':13",,1A,22440,200,57392,2026-07-01
2026-06-30T08:45:11,1,400,F,"'-01':4 '-06':11 '-07':3 '-30':12 '1':1 '11':15 '2026':2,10 '21496':5 '4':6 '400':8,9 '45':14 'f':7 't08':13",,4,21496,400,57393,2026-07-01
2026-06-30T08:45:11,1,730,T,"'-01':4 '-06':12 '-07':3 '-30':13 '1':1 '11':16 '1b':6 '20035':5 '2026':2,11 '430':8 '45':15 '730':9 'om':10 't08':14",Om,1B,20035,430,57394,2026-07-01
2026-06-30T08:45:11,1,800,F,"'-01':4 '-06':11 '-07':3 '-30':12 '1':1 '11':15 '2026':2,10 '24418':5 '2f':6 '45':14 '800':8,9 'f':7 't08':13",,2F,24418,800,57395,2026-07-01
2026-06-30T08:45:11,1,1200,P,"'-01':4 '-06':12 '-07':3 '-30':13 '1':1 '11':16 '1200':9 '2026':2,11 '24703':5 '2a':6 '45':15 '830':8 'dm':10 'p':7 't08':14",DM,2A,24703,830,57396,2026-07-01
2026-06-30T08:45:11,1,1300,P,"'-01':4 '-06':11 '-07':3 '-30':12 '1':1 '11':15 '1230':8 '1300':9 '2026':2,10 '23651':5 '2b':6 '45':14 'p':7 't08':13",,2B,23651,1230,57397,2026-07-01
2026-06-30T08:45:11,1,1630,T,"'-01':4 '-06':12 '-07':3 '-30':13 '1':1 '11':16 '1330':8 '1630':9 '2026':2,11 '21061':5 '3b':6 '45':15 'dm':10 't08':14",Dm,3B,21061,1330,57398,2026-07-01
2026-06-30T08:45:11,1,2030,P,"'-01':4 '-06':11 '-07':3 '-30':12 '1':1 '11':15 '1700':8 '2026':2,10 '2030':9 '27117':5 '3c':6 '45':14 'p':7 't08':13",,3C,27117,1700,57399,2026-07-01
2026-06-30T08:45:11,1,2230,P,"'-01':4 '-06':12 '-07':3 '-30':13 '1':1 '11':16 '2026':2,11 '2100':8 '2230':9 '27516':5 '45':15 '4b':6 'em':10 'p':7 't08':14",EM,4B,27516,2100,57400,2026-07-01
2026-06-30T08:45:11,1,2400,F,"'-01':4 '-06':11 '-07':3 '-30':12 '1':1 '11':15 '2026':2,10 '22273':5 '2400':8,9 '45':14 '4c':6 'f':7 't08':13",,4C,22273,2400,57401,2026-07-01
2026-06-30T11:46:25,1,30,F,"'-01':4 '-06':11 '-07':3 '-30':12 '1':1 '1f':6 '2026':2,10 '23144':5 '25':15 '30':8,9 '46':14 'f':7 't11':13",,1F,23144,30,57402,2026-07-01
2026-06-30T11:46:25,1,200,F,"'-01':4 '-06':11 '-07':3 '-30':12 '1':1 '1a':6 '200':8,9 '2026':2,10 '22433':5 '25':15 '46':14 'f':7 't11':13",,1A,22433,200,57403,2026-07-01
2026-06-30T11:46:25,1,400,F,"'-01':4 '-06':11 '-07':3 '-30':12 '1':1 '2026':2,10 '21529':5 '25':15 '4':6 '400':8,9 '46':14 'f':7 't11':13",,4,21529,400,57404,2026-07-01
2026-06-30T11:46:25,1,730,T,"'-01':4 '-06':12 '-07':3 '-30':13 '1':1 '1b':6 '20099':5 '2026':2,11 '25':16 '430':8 '46':15 '730':9 'om':10 't11':14",Om,1B,20099,430,57405,2026-07-01
2026-06-30T11:46:25,1,800,F,"'-01':4 '-06':11 '-07':3 '-30':12 '1':1 '2026':2,10 '24646':5 '25':15 '2f':6 '46':14 '800':8,9 'f':7 't11':13",,2F,24646,800,57406,2026-07-01
2026-06-30T11:46:25,1,1200,P,"'-01':4 '-06':12 '-07':3 '-30':13 '1':1 '1200':9 '2026':2,11 '24972':5 '25':16 '2a':6 '46':15 '830':8 'dm':10 'p':7 't11':14",DM,2A,24972,830,57407,2026-07-01
2026-06-30T11:46:25,1,1300,P,"'-01':4 '-06':11 '-07':3 '-30':12 '1':1 '1230':8 '1300':9 '2026':2,10 '23733':5 '25':15 '2b':6 '46':14 'p':7 't11':13",,2B,23733,1230,57408,2026-07-01
2026-06-30T11:46:25,1,1630,T,"'-01':4 '-06':12 '-07':3 '-30':13 '1':1 '1330':8 '1630':9 '2026':2,11 '21112':5 '25':16 '3b':6 '46':15 'dm':10 't11':14",Dm,3B,21112,1330,57409,2026-07-01
2026-06-30T11:46:25,1,2030,P,"'-01':4 '-06':11 '-07':3 '-30':12 '1':1 '1700':8 '2026':2,10 '2030':9 '25':15 '27243':5 '3c':6 '46':14 'p':7 't11':13",,3C,27243,1700,57410,2026-07-01
2026-06-30T11:46:25,1,2230,P,"'-01':4 '-06':12 '-07':3 '-30':13 '1':1 '2026':2,11 '2100':8 '2230':9 '25':16 '27620':5 '46':15 '4b':6 'em':10 'p':7 't11':14",EM,4B,27620,2100,57411,2026-07-01
2026-06-30T11:46:25,1,2400,F,"'-01':4 '-06':11 '-07':3 '-30':12 '1':1 '2026':2,10 '22193':5 '2400':8,9 '25':15 '46':14 '4c':6 'f':7 't11':13",,4C,22193,2400,57412,2026-07-01
2026-07-01T08:31:03,1,30,F,"'-01':12 '-02':4 '-07':3,11 '03':15 '1':1 '19694':5 '1f':6 '2026':2,10 '30':8,9 '31':14 'f':7 't08':13",,1F,19694,30,57413,2026-07-02
2026-07-01T08:31:03,1,200,F,"'-01':12 '-02':4 '-07':3,11 '03':15 '1':1 '18555':5 '1a':6 '200':8,9 '2026':2,10 '31':14 'f':7 't08':13",,1A,18555,200,57414,2026-07-02
2026-07-01T08:31:03,1,400,F,"'-01':12 '-02':4 '-07':3,11 '03':15 '1':1 '16941':5 '2026':2,10 '31':14 '4':6 '400':8,9 'f':7 't08':13",,4,16941,400,57415,2026-07-02
2026-07-01T08:31:03,1,730,T,"'-01':13 '-02':4 '-07':3,12 '03':16 '1':1 '16239':5 '1b':6 '2026':2,11 '31':15 '430':8 '730':9 'om':10 't08':14",Om,1B,16239,430,57416,2026-07-02
2026-07-01T08:31:03,1,800,F,"'-01':12 '-02':4 '-07':3,11 '03':15 '1':1 '2026':2,10 '22451':5 '2f':6 '31':14 '800':8,9 'f':7 't08':13",,2F,22451,800,57417,2026-07-02
2026-07-01T08:31:03,1,1200,P,"'-01':13 '-02':4 '-07':3,12 '03':16 '1':1 '1200':9 '2026':2,11 '22500':5 '2a':6 '31':15 '830':8 'dm':10 'p':7 't08':14",DM,2A,22500,830,57418,2026-07-02
2026-07-01T08:31:03,1,1300,P,"'-01':12 '-02':4 '-07':3,11 '03':15 '1':1 '1230':8 '1300':9 '16481':5 '2026':2,10 '2b':6 '31':14 'p':7 't08':13",,2B,16481,1230,57419,2026-07-02
2026-07-01T08:31:03,1,1630,T,"'-01':13 '-02':4 '-07':3,12 '03':16 '1':1 '1330':8 '15355':5 '1630':9 '2026':2,11 '31':15 '3b':6 'dm':10 't08':14",Dm,3B,15355,1330,57420,2026-07-02
2026-07-01T08:31:03,1,2030,P,"'-01':12 '-02':4 '-07':3,11 '03':15 '1':1 '1700':8 '2026':2,10 '2030':9 '25671':5 '31':14 '3c':6 'p':7 't08':13",,3C,25671,1700,57421,2026-07-02
2026-07-01T08:31:03,1,2230,P,"'-01':13 '-02':4 '-07':3,12 '03':16 '1':1 '2026':2,11 '2100':8 '2230':9 '26433':5 '31':15 '4b':6 'em':10 'p':7 't08':14",EM,4B,26433,2100,57422,2026-07-02
2026-07-01T08:31:03,1,2400,F,"'-01':12 '-02':4 '-07':3,11 '03':15 '1':1 '2026':2,10 '22486':5 '2400':8,9 '31':14 '4c':6 'f':7 't08':13",,4C,22486,2400,57423,2026-07-02
2026-07-01T11:52:53,1,30,F,"'-01':12 '-02':4 '-07':3,11 '1':1 '19584':5 '1f':6 '2026':2,10 '30':8,9 '52':14 '53':15 'f':7 't11':13",,1F,19584,30,57424,2026-07-02
2026-07-01T11:52:53,1,200,F,"'-01':12 '-02':4 '-07':3,11 '1':1 '18465':5 '1a':6 '200':8,9 '2026':2,10 '52':14 '53':15 'f':7 't11':13",,1A,18465,200,57425,2026-07-02
2026-07-01T11:52:53,1,400,F,"'-01':12 '-02':4 '-07':3,11 '1':1 '16911':5 '2026':2,10 '4':6 '400':8,9 '52':14 '53':15 'f':7 't11':13",,4,16911,400,57426,2026-07-02
2026-07-01T11:52:53,1,730,T,"'-01':13 '-02':4 '-07':3,12 '1':1 '16239':5 '1b':6 '2026':2,11 '430':8 '52':15 '53':16 '730':9 'om':10 't11':14",Om,1B,16239,430,57427,2026-07-02
2026-07-01T11:52:53,1,800,F,"'-01':12 '-02':4 '-07':3,11 '1':1 '2026':2,10 '22481':5 '2f':6 '52':14 '53':15 '800':8,9 'f':7 't11':13",,2F,22481,800,57428,2026-07-02
2026-07-01T11:52:53,1,1200,P,"'-01':13 '-02':4 '-07':3,12 '1':1 '1200':9 '2026':2,11 '22534':5 '2a':6 '52':15 '53':16 '830':8 'dm':10 'p':7 't11':14",DM,2A,22534,830,57429,2026-07-02
2026-07-01T11:52:53,1,1300,P,"'-01':12 '-02':4 '-07':3,11 '1':1 '1230':8 '1300':9 '17148':5 '2026':2,10 '2b':6 '52':14 '53':15 'p':7 't11':13",,2B,17148,1230,57430,2026-07-02
2026-07-01T11:52:53,1,1630,T,"'-01':13 '-02':4 '-07':3,12 '1':1 '1330':8 '15365':5 '1630':9 '2026':2,11 '3b':6 '52':15 '53':16 'dm':10 't11':14",Dm,3B,15365,1330,57431,2026-07-02
2026-07-01T11:52:53,1,2030,P,"'-01':12 '-02':4 '-07':3,11 '1':1 '1700':8 '2026':2,10 '2030':9 '25502':5 '3c':6 '52':14 '53':15 'p':7 't11':13",,3C,25502,1700,57432,2026-07-02
2026-07-01T11:52:53,1,2230,P,"'-01':13 '-02':4 '-07':3,12 '1':1 '2026':2,11 '2100':8 '2230':9 '26243':5 '4b':6 '52':15 '53':16 'em':10 'p':7 't11':14",EM,4B,26243,2100,57433,2026-07-02
2026-07-01T11:52:53,1,2400,F,"'-01':12 '-02':4 '-07':3,11 '1':1 '2026':2,10 '22486':5 '2400':8,9 '4c':6 '52':14 '53':15 'f':7 't11':13",,4C,22486,2400,57434,2026-07-02
2026-07-02T11:27:31,1,30,F,"'-02':12 '-03':4 '-07':3,11 '1':1 '1f':6 '2026':2,10 '21520':5 '27':14 '30':8,9 '31':15 'f':7 't11':13",,1F,21520,30,57435,2026-07-03
2026-07-02T11:27:31,1,200,F,"'-02':12 '-03':4 '-07':3,11 '1':1 '1a':6 '200':8,9 '2026':2,10 '20573':5 '27':14 '31':15 'f':7 't11':13",,1A,20573,200,57436,2026-07-03
2026-07-02T11:27:31,1,400,F,"'-02':12 '-03':4 '-07':3,11 '1':1 '19295':5 '2026':2,10 '27':14 '31':15 '4':6 '400':8,9 'f':7 't11':13",,4,19295,400,57437,2026-07-03
2026-07-02T11:27:31,1,730,T,"'-02':13 '-03':4 '-07':3,12 '1':1 '18500':5 '1b':6 '2026':2,11 '27':15 '31':16 '430':8 '730':9 'om':10 't11':14",Om,1B,18500,430,57438,2026-07-03
2026-07-02T11:27:31,1,800,F,"'-02':12 '-03':4 '-07':3,11 '1':1 '2026':2,10 '22184':5 '27':14 '2f':6 '31':15 '800':8,9 'f':7 't11':13",,2F,22184,800,57439,2026-07-03
2026-07-02T11:27:31,1,1200,P,"'-02':13 '-03':4 '-07':3,12 '1':1 '1200':9 '2026':2,11 '22356':5 '27':15 '2a':6 '31':16 '830':8 'dm':10 'p':7 't11':14",DM,2A,22356,830,57440,2026-07-03
2026-07-02T11:27:31,1,1300,P,"'-02':12 '-03':4 '-07':3,11 '1':1 '1230':8 '1300':9 '18011':5 '2026':2,10 '27':14 '2b':6 '31':15 'p':7 't11':13",,2B,18011,1230,57441,2026-07-03
2026-07-02T11:27:31,1,1630,T,"'-02':13 '-03':4 '-07':3,12 '1':1 '1330':8 '1630':9 '16366':5 '2026':2,11 '27':15 '31':16 '3b':6 'dm':10 't11':14",Dm,3B,16366,1330,57442,2026-07-03
2026-07-02T11:27:31,1,2030,P,"'-02':12 '-03':4 '-07':3,11 '1':1 '1700':8 '2026':2,10 '2030':9 '24910':5 '27':14 '31':15 '3c':6 'p':7 't11':13",,3C,24910,1700,57443,2026-07-03
2026-07-02T11:27:31,1,2230,P,"'-02':13 '-03':4 '-07':3,12 '1':1 '2026':2,11 '2100':8 '2230':9 '25497':5 '27':15 '31':16 '4b':6 'em':10 'p':7 't11':14",EM,4B,25497,2100,57444,2026-07-03
2026-07-02T11:27:31,1,2400,F,"'-02':12 '-03':4 '-07':3,11 '1':1 '2026':2,10 '21919':5 '2400':8,9 '27':14 '31':15 '4c':6 'f':7 't11':13",,4C,21919,2400,57445,2026-07-03
2026-07-03T08:57:03,1,30,F,"'-03':12 '-04':4 '-07':3,11 '03':15 '1':1 '1f':6 '2026':2,10 '21400':5 '30':8,9 '57':14 'f':7 't08':13",,1F,21400,30,57446,2026-07-04
2026-07-03T08:57:03,1,200,F,"'-03':12 '-04':4 '-07':3,11 '03':15 '1':1 '19690':5 '1a':6 '200':8,9 '2026':2,10 '57':14 'f':7 't08':13",,1A,19690,200,57447,2026-07-04
2026-07-03T08:57:03,1,400,F,"'-03':12 '-04':4 '-07':3,11 '03':15 '1':1 '17870':5 '2026':2,10 '4':6 '400':8,9 '57':14 'f':7 't08':13",,4,17870,400,57448,2026-07-04
2026-07-03T08:57:03,1,730,T,"'-03':13 '-04':4 '-07':3,12 '03':16 '1':1 '16770':5 '1b':6 '2026':2,11 '430':8 '57':15 '730':9 'om':10 't08':14",Om,1B,16770,430,57449,2026-07-04
2026-07-03T08:57:03,1,800,F,"'-03':12 '-04':4 '-07':3,11 '03':15 '1':1 '18380':5 '2026':2,10 '2f':6 '57':14 '800':8,9 'f':7 't08':13",,2F,18380,800,57450,2026-07-04
2026-07-03T08:57:03,1,1200,P,"'-03':13 '-04':4 '-07':3,12 '03':16 '1':1 '1200':9 '19150':5 '2026':2,11 '2a':6 '57':15 '830':8 'dm':10 'p':7 't08':14",DM,2A,19150,830,57451,2026-07-04
2026-07-03T08:57:03,1,1300,P,"'-03':12 '-04':4 '-07':3,11 '03':15 '1':1 '1230':8 '1300':9 '17300':5 '2026':2,10 '2b':6 '57':14 'p':7 't08':13",,2B,17300,1230,57452,2026-07-04
2026-07-03T08:57:03,1,1630,T,"'-03':13 '-04':4 '-07':3,12 '03':16 '1':1 '1330':8 '1630':9 '16560':5 '2026':2,11 '3b':6 '57':15 'dm':10 't08':14",Dm,3B,16560,1330,57453,2026-07-04
2026-07-03T08:57:03,1,2030,P,"'-03':12 '-04':4 '-07':3,11 '03':15 '1':1 '1700':8 '2026':2,10 '2030':9 '23500':5 '3c':6 '57':14 'p':7 't08':13",,3C,23500,1700,57454,2026-07-04
2026-07-03T08:57:03,1,2230,P,"'-03':13 '-04':4 '-07':3,12 '03':16 '1':1 '2026':2,11 '2100':8 '2230':9 '23600':5 '4b':6 '57':15 'em':10 'p':7 't08':14",EM,4B,23600,2100,57455,2026-07-04
2026-07-03T08:57:03,1,2400,F,"'-03':12 '-04':4 '-07':3,11 '03':15 '1':1 '2026':2,10 '21180':5 '2400':8,9 '4c':6 '57':14 'f':7 't08':13",,4C,21180,2400,57456,2026-07-04
2026-07-04T08:35:24,1,30,F,"'-04':12 '-05':4 '-07':3,11 '1':1 '1f':6 '2026':2,10 '20878':5 '24':15 '30':8,9 '35':14 'f':7 't08':13",,1F,20878,30,57457,2026-07-05
2026-07-04T08:35:24,1,200,F,"'-04':12 '-05':4 '-07':3,11 '1':1 '19600':5 '1a':6 '200':8,9 '2026':2,10 '24':15 '35':14 'f':7 't08':13",,1A,19600,200,57458,2026-07-05
2026-07-04T08:35:24,1,400,F,"'-04':12 '-05':4 '-07':3,11 '1':1 '17908':5 '2026':2,10 '24':15 '35':14 '4':6 '400':8,9 'f':7 't08':13",,4,17908,400,57459,2026-07-05
2026-07-04T08:35:24,1,730,T,"'-04':13 '-05':4 '-07':3,12 '1':1 '16659':5 '1b':6 '2026':2,11 '24':16 '35':15 '430':8 '730':9 'om':10 't08':14",Om,1B,16659,430,57460,2026-07-05
2026-07-04T08:35:24,1,800,F,"'-04':12 '-05':4 '-07':3,11 '1':1 '16708':5 '2026':2,10 '24':15 '2f':6 '35':14 '800':8,9 'f':7 't08':13",,2F,16708,800,57461,2026-07-05
2026-07-04T08:35:24,1,1200,P,"'-04':13 '-05':4 '-07':3,12 '1':1 '1200':9 '17552':5 '2026':2,11 '24':16 '2a':6 '35':15 '830':8 'dm':10 'p':7 't08':14",DM,2A,17552,830,57462,2026-07-05
2026-07-04T08:35:24,1,1300,P,"'-04':12 '-05':4 '-07':3,11 '1':1 '1230':8 '1300':9 '15609':5 '2026':2,10 '24':15 '2b':6 '35':14 'p':7 't08':13",,2B,15609,1230,57463,2026-07-05
2026-07-04T08:35:24,1,1630,T,"'-04':13 '-05':4 '-07':3,12 '1':1 '1330':8 '14881':5 '1630':9 '2026':2,11 '24':16 '35':15 '3b':6 'dm':10 't08':14",Dm,3B,14881,1330,57464,2026-07-05
2026-07-04T08:35:24,1,2000,P,"'-04':13 '-05':4 '-07':3,12 '1':1 '1700':8 '2000':9 '2026':2,11 '24':16 '24546':5 '35':15 '3c':6 'em':10 'p':7 't08':14",EM,3C,24546,1700,57465,2026-07-05
2026-07-04T08:35:24,1,2200,P,"'-04':12 '-05':4 '-07':3,11 '1':1 '2026':2,10 '2030':8 '2200':9 '23770':5 '24':15 '35':14 '4b':6 'p':7 't08':13",,4B,23770,2030,57466,2026-07-05
2026-07-04T08:35:24,1,2400,F,"'-04':12 '-05':4 '-07':3,11 '1':1 '2026':2,10 '20962':5 '24':15 '2400':8,9 '35':14 '4c':6 'f':7 't08':13",,4C,20962,2400,57467,2026-07-05
2026-07-05T08:37:19,1,30,F,"'-05':12 '-06':4 '-07':3,11 '1':1 '19':15 '1f':6 '2026':2,10 '21042':5 '30':8,9 '37':14 'f':7 't08':13",,1F,21042,30,57468,2026-07-06
2026-07-05T08:37:19,1,200,F,"'-05':12 '-06':4 '-07':3,11 '1':1 '19':15 '19888':5 '1a':6 '200':8,9 '2026':2,10 '37':14 'f':7 't08':13",,1A,19888,200,57469,2026-07-06
2026-07-05T08:37:19,1,400,F,"'-05':12 '-06':4 '-07':3,11 '1':1 '18260':5 '19':15 '2026':2,10 '37':14 '4':6 '400':8,9 'f':7 't08':13",,4,18260,400,57470,2026-07-06
2026-07-05T08:37:19,1,730,T,"'-05':13 '-06':4 '-07':3,12 '1':1 '17905':5 '19':16 '1b':6 '2026':2,11 '37':15 '430':8 '730':9 'om':10 't08':14",Om,1B,17905,430,57471,2026-07-06
2026-07-05T08:37:19,1,800,F,"'-05':12 '-06':4 '-07':3,11 '1':1 '19':15 '2026':2,10 '22864':5 '2f':6 '37':14 '800':8,9 'f':7 't08':13",,2F,22864,800,57472,2026-07-06
2026-07-05T08:37:19,1,1200,P,"'-05':13 '-06':4 '-07':3,12 '1':1 '1200':9 '19':16 '2026':2,11 '23213':5 '2a':6 '37':15 '830':8 'dm':10 'p':7 't08':14",DM,2A,23213,830,57473,2026-07-06
2026-07-05T08:37:19,1,1300,P,"'-05':12 '-06':4 '-07':3,11 '1':1 '1230':8 '1300':9 '18022':5 '19':15 '2026':2,10 '2b':6 '37':14 'p':7 't08':13",,2B,18022,1230,57474,2026-07-06
2026-07-05T08:37:19,1,1630,T,"'-05':13 '-06':4 '-07':3,12 '1':1 '1330':8 '1630':9 '16327':5 '19':16 '2026':2,11 '37':15 '3b':6 'dm':10 't08':14",Dm,3B,16327,1330,57475,2026-07-06
2026-07-05T08:37:19,1,2000,P,"'-05':12 '-06':4 '-07':3,11 '1':1 '1700':8 '19':15 '2000':9 '2026':2,10 '26603':5 '37':14 '3c':6 'p':7 't08':13",,3C,26603,1700,57476,2026-07-06
2026-07-05T08:37:19,1,2200,P,"'-05':13 '-06':4 '-07':3,12 '1':1 '19':16 '2026':2,11 '2030':8 '2200':9 '26609':5 '37':15 '4b':6 'em':10 'p':7 't08':14",EM,4B,26609,2030,57477,2026-07-06
2026-07-05T08:37:19,1,2400,F,"'-05':12 '-06':4 '-07':3,11 '1':1 '19':15 '2026':2,10 '22401':5 '2400':8,9 '37':14 '4c':6 'f':7 't08':13",,4C,22401,2400,57478,2026-07-06
2026-07-06T08:38:42,1,30,F,"'-06':12 '-07':3,4,11 '1':1 '1f':6 '2026':2,10 '22141':5 '30':8,9 '38':14 '42':15 'f':7 't08':13",,1F,22141,30,57479,2026-07-07
2026-07-06T08:38:42,1,200,F,"'-06':12 '-07':3,4,11 '1':1 '1a':6 '200':8,9 '2026':2,10 '20735':5 '38':14 '42':15 'f':7 't08':13",,1A,20735,200,57480,2026-07-07
2026-07-06T08:38:42,1,400,F,"'-06':12 '-07':3,4,11 '1':1 '19355':5 '2026':2,10 '38':14 '4':6 '400':8,9 '42':15 'f':7 't08':13",,4,19355,400,57481,2026-07-07
2026-07-06T08:38:42,1,730,T,"'-06':13 '-07':3,4,12 '1':1 '18860':5 '1b':6 '2026':2,11 '38':15 '42':16 '430':8 '730':9 'om':10 't08':14",Om,1B,18860,430,57482,2026-07-07
2026-07-06T08:38:42,1,800,F,"'-06':13 '-07':3,4,12 '1':1 '2026':2,11 '23880':5 '2f':6 '38':15 '42':16 '800':8,9 'dm':10 'f':7 't08':14",DM,2F,23880,800,57483,2026-07-07
2026-07-06T08:38:42,1,1200,P,"'-06':12 '-07':3,4,11 '1':1 '1200':9 '2026':2,10 '23843':5 '2a':6 '38':14 '42':15 '830':8 'p':7 't08':13",,2A,23843,830,57484,2026-07-07
2026-07-06T08:38:42,1,1300,P,"'-06':12 '-07':3,4,11 '1':1 '1230':8 '1300':9 '19616':5 '2026':2,10 '2b':6 '38':14 '42':15 'p':7 't08':13",,2B,19616,1230,57485,2026-07-07
2026-07-06T08:38:42,1,1630,T,"'-06':13 '-07':3,4,12 '1':1 '1330':8 '1630':9 '19318':5 '2026':2,11 '38':15 '3b':6 '42':16 'dm':10 't08':14",Dm,3B,19318,1330,57486,2026-07-07
2026-07-06T08:38:42,1,2000,P,"'-06':12 '-07':3,4,11 '1':1 '1700':8 '2000':9 '2026':2,10 '28257':5 '38':14 '3c':6 '42':15 'p':7 't08':13",,3C,28257,1700,57487,2026-07-07
2026-07-06T08:38:42,1,2200,P,"'-06':13 '-07':3,4,12 '1':1 '2026':2,11 '2030':8 '2200':9 '28453':5 '38':15 '42':16 '4b':6 'em':10 'p':7 't08':14",EM,4B,28453,2030,57488,2026-07-07
2026-07-06T08:38:42,1,2400,F,"'-06':12 '-07':3,4,11 '1':1 '2026':2,10 '2400':8,9 '24117':5 '38':14 '42':15 '4c':6 'f':7 't08':13",,4C,24117,2400,57489,2026-07-07
2026-07-07T08:39:41,1,30,F,"'-07':3,11,12 '-08':4 '1':1 '1f':6 '2026':2,10 '23595':5 '30':8,9 '39':14 '41':15 'f':7 't08':13",,1F,23595,30,57490,2026-07-08
2026-07-07T08:39:41,1,200,F,"'-07':3,11,12 '-08':4 '1':1 '1a':6 '200':8,9 '2026':2,10 '22436':5 '39':14 '41':15 'f':7 't08':13",,1A,22436,200,57491,2026-07-08
2026-07-07T08:39:41,1,400,F,"'-07':3,11,12 '-08':4 '1':1 '2026':2,10 '20866':5 '39':14 '4':6 '400':8,9 '41':15 'f':7 't08':13",,4,20866,400,57492,2026-07-08
2026-07-07T08:39:41,1,730,T,"'-07':3,12,13 '-08':4 '1':1 '1b':6 '2026':2,11 '20301':5 '39':15 '41':16 '430':8 '730':9 'om':10 't08':14",Om,1B,20301,430,57493,2026-07-08
2026-07-07T08:39:41,1,800,F,"'-07':3,11,12 '-08':4 '1':1 '2026':2,10 '24270':5 '2f':6 '39':14 '41':15 '800':8,9 'f':7 't08':13",,2F,24270,800,57494,2026-07-08
2026-07-07T08:39:41,1,1200,P,"'-07':3,12,13 '-08':4 '1':1 '1200':9 '2026':2,11 '24921':5 '2a':6 '39':15 '41':16 '830':8 'dm':10 'p':7 't08':14",DM,2A,24921,830,57495,2026-07-08
2026-07-07T08:39:41,1,1300,P,"'-07':3,11,12 '-08':4 '1':1 '1230':8 '1300':9 '2026':2,10 '20825':5 '2b':6 '39':14 '41':15 'p':7 't08':13",,2B,20825,1230,57496,2026-07-08
2026-07-07T08:39:41,1,1630,T,"'-07':3,12,13 '-08':4 '1':1 '1330':8 '1630':9 '2026':2,11 '20342':5 '39':15 '3b':6 '41':16 'dm':10 't08':14",Dm,3B,20342,1330,57497,2026-07-08
2026-07-07T08:39:41,1,2000,P,"'-07':3,11,12 '-08':4 '1':1 '1700':8 '2000':9 '2026':2,10 '29031':5 '39':14 '3c':6 '41':15 'p':7 't08':13",,3C,29031,1700,57498,2026-07-08
2026-07-07T08:39:41,1,2200,P,"'-07':3,12,13 '-08':4 '1':1 '2026':2,11 '2030':8 '2200':9 '29584':5 '39':15 '41':16 '4b':6 'em':10 'p':7 't08':14",EM,4B,29584,2030,57499,2026-07-08
2026-07-07T08:39:41,1,2400,F,"'-07':3,11,12 '-08':4 '1':1 '2026':2,10 '2400':8,9 '25386':5 '39':14 '41':15 '4c':6 'f':7 't08':13",,4C,25386,2400,57500,2026-07-08
2026-07-08T08:43:58,1,30,F,"'-07':3,11 '-08':12 '-09':4 '1':1 '1f':6 '2026':2,10 '25113':5 '30':8,9 '43':14 '58':15 'f':7 't08':13",,1F,25113,30,57501,2026-07-09
2026-07-08T08:43:58,1,200,F,"'-07':3,11 '-08':12 '-09':4 '1':1 '1a':6 '200':8,9 '2026':2,10 '23467':5 '43':14 '58':15 'f':7 't08':13",,1A,23467,200,57502,2026-07-09
2026-07-08T08:43:58,1,400,F,"'-07':3,11 '-08':12 '-09':4 '1':1 '2026':2,10 '21713':5 '4':6 '400':8,9 '43':14 '58':15 'f':7 't08':13",,4,21713,400,57503,2026-07-09
2026-07-08T08:43:58,1,730,T,"'-07':3,12 '-08':13 '-09':4 '1':1 '1b':6 '2026':2,11 '20962':5 '43':15 '430':8 '58':16 '730':9 'om':10 't08':14",Om,1B,20962,430,57504,2026-07-09
2026-07-08T08:43:58,1,800,F,"'-07':3,11 '-08':12 '-09':4 '1':1 '2026':2,10 '24827':5 '2f':6 '43':14 '58':15 '800':8,9 'f':7 't08':13",,2F,24827,800,57505,2026-07-09
2026-07-08T08:43:58,1,1200,P,"'-07':3,12 '-08':13 '-09':4 '1':1 '1200':9 '2026':2,11 '25415':5 '2a':6 '43':15 '58':16 '830':8 'dm':10 'p':7 't08':14",DM,2A,25415,830,57506,2026-07-09
2026-07-08T08:43:58,1,1300,P,"'-07':3,11 '-08':12 '-09':4 '1':1 '1230':8 '1300':9 '2026':2,10 '21319':5 '2b':6 '43':14 '58':15 'p':7 't08':13",,2B,21319,1230,57507,2026-07-09
2026-07-08T08:43:58,1,1630,T,"'-07':3,12 '-08':13 '-09':4 '1':1 '1330':8 '1630':9 '2026':2,11 '21042':5 '3b':6 '43':15 '58':16 'dm':10 't08':14",Dm,3B,21042,1330,57508,2026-07-09
2026-07-08T08:43:58,1,2000,P,"'-07':3,11 '-08':12 '-09':4 '1':1 '1700':8 '2000':9 '2026':2,10 '31545':5 '3c':6 '43':14 '58':15 'p':7 't08':13",,3C,31545,1700,57509,2026-07-09
2026-07-08T08:43:58,1,2200,P,"'-07':3,12 '-08':13 '-09':4 '1':1 '2026':2,11 '2030':8 '2200':9 '31766':5 '43':15 '4b':6 '58':16 'em':10 'p':7 't08':14",EM,4B,31766,2030,57510,2026-07-09
2026-07-08T08:43:58,1,2400,F,"'-07':3,11 '-08':12 '-09':4 '1':1 '2026':2,10 '2400':8,9 '25918':5 '43':14 '4c':6 '58':15 'f':7 't08':13",,4C,25918,2400,57511,2026-07-09
2026-07-09T08:42:54,1,30,F,"'-07':3,11 '-09':12 '-10':4 '1':1 '1f':6 '2026':2,10 '25479':5 '30':8,9 '42':14 '54':15 'f':7 't08':13",,1F,25479,30,57512,2026-07-10
2026-07-09T08:42:54,1,200,F,"'-07':3,11 '-09':12 '-10':4 '1':1 '1a':6 '200':8,9 '2026':2,10 '24427':5 '42':14 '54':15 'f':7 't08':13",,1A,24427,200,57513,2026-07-10
2026-07-09T08:42:54,1,400,F,"'-07':3,11 '-09':12 '-10':4 '1':1 '2026':2,10 '22648':5 '4':6 '400':8,9 '42':14 '54':15 'f':7 't08':13",,4,22648,400,57514,2026-07-10
2026-07-09T08:42:54,1,730,T,"'-07':3,12 '-09':13 '-10':4 '1':1 '1b':6 '2026':2,11 '22050':5 '42':15 '430':8 '54':16 '730':9 'om':10 't08':14",Om,1B,22050,430,57515,2026-07-10
2026-07-09T08:42:54,1,800,F,"'-07':3,11 '-09':12 '-10':4 '1':1 '2026':2,10 '25318':5 '2f':6 '42':14 '54':15 '800':8,9 'f':7 't08':13",,2F,25318,800,57516,2026-07-10
2026-07-09T08:42:54,1,1200,P,"'-07':3,12 '-09':13 '-10':4 '1':1 '1200':9 '2026':2,11 '25941':5 '2a':6 '42':15 '54':16 '830':8 'dm':10 'p':7 't08':14",DM,2A,25941,830,57517,2026-07-10
2026-07-09T08:42:54,1,1300,P,"'-07':3,11 '-09':12 '-10':4 '1':1 '1230':8 '1300':9 '2026':2,10 '21750':5 '2b':6 '42':14 '54':15 'p':7 't08':13",,2B,21750,1230,57518,2026-07-10
2026-07-09T08:42:54,1,1630,T,"'-07':3,12 '-09':13 '-10':4 '1':1 '1330':8 '1630':9 '2026':2,11 '21815':5 '3b':6 '42':15 '54':16 'dm':10 't08':14",Dm,3B,21815,1330,57519,2026-07-10
2026-07-09T08:42:54,1,2000,P,"'-07':3,12 '-09':13 '-10':4 '1':1 '1700':8 '2000':9 '2026':2,11 '29649':5 '3c':6 '42':15 '54':16 'em':10 'p':7 't08':14",EM,3C,29649,1700,57520,2026-07-10
2026-07-09T08:42:54,1,2200,P,"'-07':3,11 '-09':12 '-10':4 '1':1 '2026':2,10 '2030':8 '2200':9 '29510':5 '42':14 '4b':6 '54':15 'p':7 't08':13",,4B,29510,2030,57521,2026-07-10
2026-07-09T08:42:54,1,2400,F,"'-07':3,11 '-09':12 '-10':4 '1':1 '2026':2,10 '2400':8,9 '25562':5 '42':14 '4c':6 '54':15 'f':7 't08':13",,4C,25562,2400,57522,2026-07-10
2026-07-10T08:35:33,1,30,F,"'-07':3,11 '-10':12 '-11':4 '1':1 '1f':6 '2026':2,10 '24529':5 '30':8,9 '33':15 '35':14 'f':7 't08':13",,1F,24529,30,57523,2026-07-11
2026-07-10T08:35:33,1,200,F,"'-07':3,11 '-10':12 '-11':4 '1':1 '1a':6 '200':8,9 '2026':2,10 '23712':5 '33':15 '35':14 'f':7 't08':13",,1A,23712,200,57524,2026-07-11
2026-07-10T08:35:33,1,400,F,"'-07':3,11 '-10':12 '-11':4 '1':1 '2026':2,10 '21279':5 '33':15 '35':14 '4':6 '400':8,9 'f':7 't08':13",,4,21279,400,57525,2026-07-11
2026-07-10T08:35:33,1,730,T,"'-07':3,12 '-10':13 '-11':4 '1':1 '19802':5 '1b':6 '2026':2,11 '33':16 '35':15 '430':8 '730':9 'om':10 't08':14",Om,1B,19802,430,57526,2026-07-11
2026-07-10T08:35:33,1,800,F,"'-07':3,12 '-10':13 '-11':4 '1':1 '20211':5 '2026':2,11 '2f':6 '33':16 '35':15 '800':8,9 'dm':10 'f':7 't08':14",DM,2F,20211,800,57527,2026-07-11
2026-07-10T08:35:33,1,1200,P,"'-07':3,11 '-10':12 '-11':4 '1':1 '1200':9 '20061':5 '2026':2,10 '2a':6 '33':15 '35':14 '830':8 'p':7 't08':13",,2A,20061,830,57528,2026-07-11
2026-07-10T08:35:33,1,1300,P,"'-07':3,11 '-10':12 '-11':4 '1':1 '1230':8 '1300':9 '16785':5 '2026':2,10 '2b':6 '33':15 '35':14 'p':7 't08':13",,2B,16785,1230,57529,2026-07-11
2026-07-10T08:35:33,1,1630,T,"'-07':3,12 '-10':13 '-11':4 '1':1 '1330':8 '1630':9 '16619':5 '2026':2,11 '33':16 '35':15 '3b':6 'dm':10 't08':14",Dm,3B,16619,1330,57530,2026-07-11
2026-07-10T08:35:33,1,2000,P,"'-07':3,11 '-10':12 '-11':4 '1':1 '1700':8 '2000':9 '2026':2,10 '26122':5 '33':15 '35':14 '3c':6 'p':7 't08':13",,3C,26122,1700,57531,2026-07-11
2026-07-10T08:35:33,1,2200,P,"'-07':3,12 '-10':13 '-11':4 '1':1 '2026':2,11 '2030':8 '2200':9 '26860':5 '33':16 '35':15 '4b':6 'em':10 'p':7 't08':14",EM,4B,26860,2030,57532,2026-07-11
2026-07-10T08:35:33,1,2400,F,"'-07':3,11 '-10':12 '-11':4 '1':1 '2026':2,10 '2400':8,9 '24103':5 '33':15 '35':14 '4c':6 'f':7 't08':13",,4C,24103,2400,57533,2026-07-11
2026-07-11T08:43:11,1,30,F,"'-07':3,11 '-11':12 '-12':4 '1':1 '11':15 '1f':6 '2026':2,10 '22519':5 '30':8,9 '43':14 'f':7 't08':13",,1F,22519,30,57534,2026-07-12
2026-07-11T08:43:11,1,200,F,"'-07':3,11 '-11':12 '-12':4 '1':1 '11':15 '1a':6 '200':8,9 '2026':2,10 '21802':5 '43':14 'f':7 't08':13",,1A,21802,200,57535,2026-07-12
2026-07-11T08:43:11,1,400,F,"'-07':3,11 '-11':12 '-12':4 '1':1 '11':15 '19922':5 '2026':2,10 '4':6 '400':8,9 '43':14 'f':7 't08':13",,4,19922,400,57536,2026-07-12
2026-07-11T08:43:11,1,730,T,"'-07':3,12 '-11':13 '-12':4 '1':1 '11':16 '17316':5 '1b':6 '2026':2,11 '43':15 '430':8 '730':9 'om':10 't08':14",Om,1B,17316,430,57537,2026-07-12
2026-07-11T08:43:11,1,800,F,"'-07':3,12 '-11':13 '-12':4 '1':1 '11':16 '17100':5 '2026':2,11 '2f':6 '43':15 '800':8,9 'dm':10 'f':7 't08':14",DM,2F,17100,800,57538,2026-07-12
2026-07-11T08:43:11,1,1200,P,"'-07':3,11 '-11':12 '-12':4 '1':1 '11':15 '1200':9 '16992':5 '2026':2,10 '2a':6 '43':14 '830':8 'p':7 't08':13",,2A,16992,830,57539,2026-07-12
2026-07-11T08:43:11,1,1300,P,"'-07':3,11 '-11':12 '-12':4 '1':1 '11':15 '1230':8 '1300':9 '13852':5 '2026':2,10 '2b':6 '43':14 'p':7 't08':13",,2B,13852,1230,57540,2026-07-12
2026-07-11T08:43:11,1,1630,T,"'-07':3,12 '-11':13 '-12':4 '1':1 '11':16 '1330':8 '13517':5 '1630':9 '2026':2,11 '3b':6 '43':15 'dm':10 't08':14",Dm,3B,13517,1330,57541,2026-07-12
2026-07-11T08:43:11,1,2000,P,"'-07':3,12 '-11':13 '-12':4 '1':1 '11':16 '1700':8 '2000':9 '2026':2,11 '25650':5 '3c':6 '43':15 'em':10 'p':7 't08':14",EM,3C,25650,1700,57542,2026-07-12
2026-07-11T08:43:11,1,2200,P,"'-07':3,11 '-11':12 '-12':4 '1':1 '11':15 '2026':2,10 '2030':8 '2200':9 '25528':5 '43':14 '4b':6 'p':7 't08':13",,4B,25528,2030,57543,2026-07-12
2026-07-11T08:43:11,1,2400,F,"'-07':3,11 '-11':12 '-12':4 '1':1 '11':15 '2026':2,10 '22656':5 '2400':8,9 '43':14 '4c':6 'f':7 't08':13",,4C,22656,2400,57544,2026-07-12
2026-07-12T08:30:53,1,30,F,"'-07':3,11 '-12':12 '-13':4 '1':1 '1f':6 '2026':2,10 '21146':5 '30':8,9,14 '53':15 'f':7 't08':13",,1F,21146,30,57545,2026-07-13
2026-07-12T08:30:53,1,200,F,"'-07':3,11 '-12':12 '-13':4 '1':1 '1a':6 '200':8,9 '2026':2,10 '21235':5 '30':14 '53':15 'f':7 't08':13",,1A,21235,200,57546,2026-07-13
2026-07-12T08:30:53,1,400,F,"'-07':3,11 '-12':12 '-13':4 '1':1 '19441':5 '2026':2,10 '30':14 '4':6 '400':8,9 '53':15 'f':7 't08':13",,4,19441,400,57547,2026-07-13
2026-07-12T08:30:53,1,730,T,"'-07':3,12 '-12':13 '-13':4 '1':1 '18273':5 '1b':6 '2026':2,11 '30':15 '430':8 '53':16 '730':9 'om':10 't08':14",Om,1B,18273,430,57548,2026-07-13
2026-07-12T08:30:53,1,800,F,"'-07':3,11 '-12':12 '-13':4 '1':1 '2026':2,10 '22336':5 '2f':6 '30':14 '53':15 '800':8,9 'f':7 't08':13",,2F,22336,800,57549,2026-07-13
2026-07-12T08:30:53,1,1200,P,"'-07':3,12 '-12':13 '-13':4 '1':1 '1200':9 '2026':2,11 '22768':5 '2a':6 '30':15 '53':16 '830':8 'dm':10 'p':7 't08':14",DM,2A,22768,830,57550,2026-07-13
2026-07-12T08:30:53,1,1300,P,"'-07':3,11 '-12':12 '-13':4 '1':1 '1230':8 '1300':9 '18766':5 '2026':2,10 '2b':6 '30':14 '53':15 'p':7 't08':13",,2B,18766,1230,57551,2026-07-13
2026-07-12T08:30:53,1,1630,T,"'-07':3,12 '-12':13 '-13':4 '1':1 '1330':8 '1630':9 '17338':5 '2026':2,11 '30':15 '3b':6 '53':16 'dm':10 't08':14",Dm,3B,17338,1330,57552,2026-07-13
2026-07-12T08:30:53,1,2000,P,"'-07':3,11 '-12':12 '-13':4 '1':1 '1700':8 '2000':9 '2026':2,10 '27135':5 '30':14 '3c':6 '53':15 'p':7 't08':13",,3C,27135,1700,57553,2026-07-13
2026-07-12T08:30:53,1,2200,P,"'-07':3,12 '-12':13 '-13':4 '1':1 '2026':2,11 '2030':8 '2200':9 '27547':5 '30':15 '4b':6 '53':16 'em':10 'p':7 't08':14",EM,4B,27547,2030,57554,2026-07-13
2026-07-12T08:30:53,1,2400,F,"'-07':3,11 '-12':12 '-13':4 '1':1 '2026':2,10 '23492':5 '2400':8,9 '30':14 '4c':6 '53':15 'f':7 't08':13",,4C,23492,2400,57555,2026-07-13
2026-07-13T08:43:27,1,30,F,"'-07':3,11 '-13':12 '-14':4 '1':1 '1f':6 '2026':2,10 '22193':5 '27':15 '30':8,9 '43':14 'f':7 't08':13",,1F,22193,30,57556,2026-07-14
2026-07-13T08:43:27,1,200,F,"'-07':3,11 '-13':12 '-14':4 '1':1 '1a':6 '200':8,9 '2026':2,10 '21342':5 '27':15 '43':14 'f':7 't08':13",,1A,21342,200,57557,2026-07-14
2026-07-13T08:43:27,1,400,F,"'-07':3,11 '-13':12 '-14':4 '1':1 '19480':5 '2026':2,10 '27':15 '4':6 '400':8,9 '43':14 'f':7 't08':13",,4,19480,400,57558,2026-07-14
2026-07-13T08:43:27,1,730,T,"'-07':3,12 '-13':13 '-14':4 '1':1 '19010':5 '1b':6 '2026':2,11 '27':16 '43':15 '430':8 '730':9 'om':10 't08':14",Om,1B,19010,430,57559,2026-07-14
2026-07-13T08:43:27,1,800,F,"'-07':3,12 '-13':13 '-14':4 '1':1 '2026':2,11 '23744':5 '27':16 '2f':6 '43':15 '800':8,9 'dm':10 'f':7 't08':14",DM,2F,23744,800,57560,2026-07-14
2026-07-13T08:43:27,1,1200,P,"'-07':3,11 '-13':12 '-14':4 '1':1 '1200':9 '2026':2,10 '23672':5 '27':15 '2a':6 '43':14 '830':8 'p':7 't08':13",,2A,23672,830,57561,2026-07-14
2026-07-13T08:43:27,1,1300,P,"'-07':3,11 '-13':12 '-14':4 '1':1 '1230':8 '1300':9 '19652':5 '2026':2,10 '27':15 '2b':6 '43':14 'p':7 't08':13",,2B,19652,1230,57562,2026-07-14
2026-07-13T08:43:27,1,1630,T,"'-07':3,12 '-13':13 '-14':4 '1':1 '1330':8 '1630':9 '19011':5 '2026':2,11 '27':16 '3b':6 '43':15 'dm':10 't08':14",Dm,3B,19011,1330,57563,2026-07-14
2026-07-13T08:43:27,1,2000,P,"'-07':3,11 '-13':12 '-14':4 '1':1 '1700':8 '2000':9 '2026':2,10 '27':15 '29867':5 '3c':6 '43':14 'p':7 't08':13",,3C,29867,1700,57564,2026-07-14
2026-07-13T08:43:27,1,2200,P,"'-07':3,12 '-13':13 '-14':4 '1':1 '2026':2,11 '2030':8 '2200':9 '27':16 '30011':5 '43':15 '4b':6 'em':10 'p':7 't08':14",EM,4B,30011,2030,57565,2026-07-14
2026-07-13T08:43:27,1,2400,F,"'-07':3,11 '-13':12 '-14':4 '1':1 '2026':2,10 '2400':8,9 '24352':5 '27':15 '43':14 '4c':6 'f':7 't08':13",,4C,24352,2400,57566,2026-07-14
2026-07-14T08:42:53,1,30,F,"'-07':3,11 '-14':12 '-15':4 '1':1 '1f':6 '2026':2,10 '22894':5 '30':8,9 '42':14 '53':15 'f':7 't08':13",,1F,22894,30,57567,2026-07-15
2026-07-14T08:42:53,1,200,F,"'-07':3,11 '-14':12 '-15':4 '1':1 '1a':6 '200':8,9 '2026':2,10 '22430':5 '42':14 '53':15 'f':7 't08':13",,1A,22430,200,57568,2026-07-15
2026-07-14T08:42:53,1,400,F,"'-07':3,11 '-14':12 '-15':4 '1':1 '2026':2,10 '20532':5 '4':6 '400':8,9 '42':14 '53':15 'f':7 't08':13",,4,20532,400,57569,2026-07-15
2026-07-14T08:42:53,1,730,T,"'-07':3,12 '-14':13 '-15':4 '1':1 '1b':6 '20074':5 '2026':2,11 '42':15 '430':8 '53':16 '730':9 'om':10 't08':14",Om,1B,20074,430,57570,2026-07-15
2026-07-14T08:42:53,1,800,F,"'-07':3,12 '-14':13 '-15':4 '1':1 '2026':2,11 '24611':5 '2f':6 '42':15 '53':16 '800':8,9 'dm':10 'f':7 't08':14",DM,2F,24611,800,57571,2026-07-15
2026-07-14T08:42:53,1,1200,P,"'-07':3,11 '-14':12 '-15':4 '1':1 '1200':9 '2026':2,10 '24419':5 '2a':6 '42':14 '53':15 '830':8 'p':7 't08':13",,2A,24419,830,57572,2026-07-15
2026-07-14T08:42:53,1,1300,P,"'-07':3,11 '-14':12 '-15':4 '1':1 '1230':8 '1300':9 '20250':5 '2026':2,10 '2b':6 '42':14 '53':15 'p':7 't08':13",,2B,20250,1230,57573,2026-07-15
2026-07-14T08:42:53,1,1630,T,"'-07':3,12 '-14':13 '-15':4 '1':1 '1330':8 '1630':9 '19508':5 '2026':2,11 '3b':6 '42':15 '53':16 'dm':10 't08':14",Dm,3B,19508,1330,57574,2026-07-15
2026-07-14T08:42:53,1,2000,P,"'-07':3,11 '-14':12 '-15':4 '1':1 '1700':8 '2000':9 '2026':2,10 '29840':5 '3c':6 '42':14 '53':15 'p':7 't08':13",,3C,29840,1700,57575,2026-07-15
2026-07-14T08:42:53,1,2200,P,"'-07':3,12 '-14':13 '-15':4 '1':1 '2026':2,11 '2030':8 '2200':9 '29878':5 '42':15 '4b':6 '53':16 'em':10 'p':7 't08':14",EM,4B,29878,2030,57576,2026-07-15
2026-07-14T08:42:53,1,2400,F,"'-07':3,11 '-14':12 '-15':4 '1':1 '2026':2,10 '23957':5 '2400':8,9 '42':14 '4c':6 '53':15 'f':7 't08':13",,4C,23957,2400,57577,2026-07-15
2026-07-15T08:45:14,1,30,F,"'-07':3,11 '-15':12 '-16':4 '1':1 '14':15 '1f':6 '2026':2,10 '23712':5 '30':8,9 '45':14 'f':7 't08':13",,1F,23712,30,57578,2026-07-16
2026-07-15T08:45:14,1,200,F,"'-07':3,11 '-15':12 '-16':4 '1':1 '14':15 '1a':6 '200':8,9 '2026':2,10 '22585':5 '45':14 'f':7 't08':13",,1A,22585,200,57579,2026-07-16
2026-07-15T08:45:14,1,400,F,"'-07':3,11 '-15':12 '-16':4 '1':1 '14':15 '2026':2,10 '21084':5 '4':6 '400':8,9 '45':14 'f':7 't08':13",,4,21084,400,57580,2026-07-16
2026-07-15T08:45:14,1,730,T,"'-07':3,12 '-15':13 '-16':4 '1':1 '14':16 '1b':6 '2026':2,11 '20821':5 '430':8 '45':15 '730':9 'om':10 't08':14",Om,1B,20821,430,57581,2026-07-16
2026-07-15T08:45:14,1,800,F,"'-07':3,12 '-15':13 '-16':4 '1':1 '14':16 '2026':2,11 '24816':5 '2f':6 '45':15 '800':8,9 'dm':10 'f':7 't08':14",DM,2F,24816,800,57582,2026-07-16
2026-07-15T08:45:14,1,1200,P,"'-07':3,11 '-15':12 '-16':4 '1':1 '1200':9 '14':15 '2026':2,10 '24517':5 '2a':6 '45':14 '830':8 'p':7 't08':13",,2A,24517,830,57583,2026-07-16
2026-07-15T08:45:14,1,1300,P,"'-07':3,11 '-15':12 '-16':4 '1':1 '1230':8 '1300':9 '14':15 '2026':2,10 '20510':5 '2b':6 '45':14 'p':7 't08':13",,2B,20510,1230,57584,2026-07-16
2026-07-15T08:45:14,1,1630,T,"'-07':3,12 '-15':13 '-16':4 '1':1 '1330':8 '14':16 '1630':9 '20056':5 '2026':2,11 '3b':6 '45':15 'dm':10 't08':14",Dm,3B,20056,1330,57585,2026-07-16
2026-07-15T08:45:14,1,2000,P,"'-07':3,11 '-15':12 '-16':4 '1':1 '14':15 '1700':8 '2000':9 '2026':2,10 '29021':5 '3c':6 '45':14 'p':7 't08':13",,3C,29021,1700,57586,2026-07-16
2026-07-15T08:45:14,1,2200,P,"'-07':3,12 '-15':13 '-16':4 '1':1 '14':16 '2026':2,11 '2030':8 '2200':9 '29046':5 '45':15 '4b':6 'em':10 'p':7 't08':14",EM,4B,29046,2030,57587,2026-07-16
2026-07-15T08:45:14,1,2400,F,"'-07':3,11 '-15':12 '-16':4 '1':1 '14':15 '2026':2,10 '2400':8,9 '24460':5 '45':14 '4c':6 'f':7 't08':13",,4C,24460,2400,57588,2026-07-16
2026-07-16T08:43:46,1,30,F,"'-07':3,11 '-16':12 '-17':4 '1':1 '1f':6 '2026':2,10 '23774':5 '30':8,9 '43':14 '46':15 'f':7 't08':13",,1F,23774,30,57589,2026-07-17
2026-07-16T08:43:46,1,200,F,"'-07':3,11 '-16':12 '-17':4 '1':1 '1a':6 '200':8,9 '2026':2,10 '22935':5 '43':14 '46':15 'f':7 't08':13",,1A,22935,200,57590,2026-07-17
2026-07-16T08:43:46,1,400,F,"'-07':3,11 '-16':12 '-17':4 '1':1 '2026':2,10 '21064':5 '4':6 '400':8,9 '43':14 '46':15 'f':7 't08':13",,4,21064,400,57591,2026-07-17
2026-07-16T08:43:46,1,730,T,"'-07':3,12 '-16':13 '-17':4 '1':1 '1b':6 '2026':2,11 '20442':5 '43':15 '430':8 '46':16 '730':9 'om':10 't08':14",Om,1B,20442,430,57592,2026-07-17
2026-07-16T08:43:46,1,800,F,"'-07':3,11 '-16':12 '-17':4 '1':1 '2026':2,10 '23747':5 '2f':6 '43':14 '46':15 '800':8,9 'f':7 't08':13",,2F,23747,800,57593,2026-07-17
2026-07-16T08:43:46,1,1200,P,"'-07':3,12 '-16':13 '-17':4 '1':1 '1200':9 '2026':2,11 '24307':5 '2a':6 '43':15 '46':16 '830':8 'dm':10 'p':7 't08':14",DM,2A,24307,830,57594,2026-07-17
2026-07-16T08:43:46,1,1300,P,"'-07':3,11 '-16':12 '-17':4 '1':1 '1230':8 '1300':9 '19709':5 '2026':2,10 '2b':6 '43':14 '46':15 'p':7 't08':13",,2B,19709,1230,57595,2026-07-17
2026-07-16T08:43:46,1,1630,T,"'-07':3,12 '-16':13 '-17':4 '1':1 '1330':8 '1630':9 '19286':5 '2026':2,11 '3b':6 '43':15 '46':16 'dm':10 't08':14",Dm,3B,19286,1330,57596,2026-07-17
2026-07-16T08:43:46,1,2000,P,"'-07':3,11 '-16':12 '-17':4 '1':1 '1700':8 '2000':9 '2026':2,10 '26782':5 '3c':6 '43':14 '46':15 'p':7 't08':13",,3C,26782,1700,57597,2026-07-17
2026-07-16T08:43:46,1,2200,P,"'-07':3,12 '-16':13 '-17':4 '1':1 '2026':2,11 '2030':8 '2200':9 '27276':5 '43':15 '46':16 '4b':6 'em':10 'p':7 't08':14",EM,4B,27276,2030,57598,2026-07-17
2026-07-16T08:43:46,1,2400,F,"'-07':3,11 '-16':12 '-17':4 '1':1 '2026':2,10 '23754':5 '2400':8,9 '43':14 '46':15 '4c':6 'f':7 't08':13",,4C,23754,2400,57599,2026-07-17
2026-07-17T08:40:07,1,30,F,"'-07':3,11 '-17':12 '-18':4 '07':15 '1':1 '1f':6 '2026':2,10 '23007':5 '30':8,9 '40':14 'f':7 't08':13",,1F,23007,30,57600,2026-07-18
2026-07-17T08:40:07,1,200,F,"'-07':3,11 '-17':12 '-18':4 '07':15 '1':1 '1a':6 '200':8,9 '2026':2,10 '22076':5 '40':14 'f':7 't08':13",,1A,22076,200,57601,2026-07-18
2026-07-17T08:40:07,1,400,F,"'-07':3,11 '-17':12 '-18':4 '07':15 '1':1 '2026':2,10 '20472':5 '4':6 '40':14 '400':8,9 'f':7 't08':13",,4,20472,400,57602,2026-07-18
2026-07-17T08:40:07,1,730,T,"'-07':3,12 '-17':13 '-18':4 '07':16 '1':1 '18953':5 '1b':6 '2026':2,11 '40':15 '430':8 '730':9 'om':10 't08':14",Om,1B,18953,430,57603,2026-07-18
2026-07-17T08:40:07,1,800,F,"'-07':3,11 '-17':12 '-18':4 '07':15 '1':1 '19281':5 '2026':2,10 '2f':6 '40':14 '800':8,9 'f':7 't08':13",,2F,19281,800,57604,2026-07-18
2026-07-17T08:40:07,1,1200,P,"'-07':3,12 '-17':13 '-18':4 '07':16 '1':1 '1200':9 '19858':5 '2026':2,11 '2a':6 '40':15 '830':8 'dm':10 'p':7 't08':14",DM,2A,19858,830,57605,2026-07-18
2026-07-17T08:40:07,1,1300,P,"'-07':3,11 '-17':12 '-18':4 '07':15 '1':1 '1230':8 '1300':9 '17237':5 '2026':2,10 '2b':6 '40':14 'p':7 't08':13",,2B,17237,1230,57606,2026-07-18
2026-07-17T08:40:07,1,1630,T,"'-07':3,12 '-17':13 '-18':4 '07':16 '1':1 '1330':8 '1630':9 '17174':5 '2026':2,11 '3b':6 '40':15 'dm':10 't08':14",Dm,3B,17174,1330,57607,2026-07-18
2026-07-17T08:40:07,1,2000,P,"'-07':3,11 '-17':12 '-18':4 '07':15 '1':1 '1700':8 '2000':9 '2026':2,10 '23368':5 '3c':6 '40':14 'p':7 't08':13",,3C,23368,1700,57608,2026-07-18
2026-07-17T08:40:07,1,2200,P,"'-07':3,12 '-17':13 '-18':4 '07':16 '1':1 '2026':2,11 '2030':8 '2200':9 '23823':5 '40':15 '4b':6 'em':10 'p':7 't08':14",EM,4B,23823,2030,57609,2026-07-18
2026-07-17T08:40:07,1,2400,F,"'-07':3,11 '-17':12 '-18':4 '07':15 '1':1 '2026':2,10 '22101':5 '2400':8,9 '40':14 '4c':6 'f':7 't08':13",,4C,22101,2400,57610,2026-07-18
2026-07-18T08:33:06,1,1300,P,"'-07':3,11 '-18':12 '-19':4 '06':15 '1':1 '1230':8 '1300':9 '15967':5 '2026':2,10 '2b':6 '33':14 'p':7 't08':13",,2B,15967,1230,57617,2026-07-19
2026-07-18T08:33:06,1,30,F,"'-07':3,11 '-18':12 '-19':4 '06':15 '1':1 '1f':6 '2026':2,10 '21609':5 '30':8,9 '33':14 'f':7 't08':13",,1F,21609,30,57611,2026-07-19
2026-07-18T08:33:06,1,200,F,"'-07':3,11 '-18':12 '-19':4 '06':15 '1':1 '1a':6 '200':8,9 '2026':2,10 '20527':5 '33':14 'f':7 't08':13",,1A,20527,200,57612,2026-07-19
2026-07-18T08:33:06,1,400,F,"'-07':3,11 '-18':12 '-19':4 '06':15 '1':1 '18854':5 '2026':2,10 '33':14 '4':6 '400':8,9 'f':7 't08':13",,4,18854,400,57613,2026-07-19
2026-07-18T08:33:06,1,730,T,"'-07':3,12 '-18':13 '-19':4 '06':16 '1':1 '17132':5 '1b':6 '2026':2,11 '33':15 '430':8 '730':9 'om':10 't08':14",Om,1B,17132,430,57614,2026-07-19
2026-07-18T08:33:06,1,800,F,"'-07':3,11 '-18':12 '-19':4 '06':15 '1':1 '17582':5 '2026':2,10 '2f':6 '33':14 '800':8,9 'f':7 't08':13",,2F,17582,800,57615,2026-07-19
2026-07-18T08:33:06,1,1200,P,"'-07':3,12 '-18':13 '-19':4 '06':16 '1':1 '1200':9 '17817':5 '2026':2,11 '2a':6 '33':15 '830':8 'dm':10 'p':7 't08':14",DM,2A,17817,830,57616,2026-07-19
2026-07-18T08:33:06,1,1630,T,"'-07':3,12 '-18':13 '-19':4 '06':16 '1':1 '1330':8 '15357':5 '1630':9 '2026':2,11 '33':15 '3b':6 'dm':10 't08':14",Dm,3B,15357,1330,57618,2026-07-19
2026-07-18T08:33:06,1,2000,P,"'-07':3,11 '-18':12 '-19':4 '06':15 '1':1 '1700':8 '2000':9 '2026':2,10 '24156':5 '33':14 '3c':6 'p':7 't08':13",,3C,24156,1700,57619,2026-07-19
2026-07-18T08:33:06,1,2200,P,"'-07':3,12 '-18':13 '-19':4 '06':16 '1':1 '2026':2,11 '2030':8 '2200':9 '25128':5 '33':15 '4b':6 'em':10 'p':7 't08':14",EM,4B,25128,2030,57620,2026-07-19
2026-07-18T08:33:06,1,2400,F,"'-07':3,11 '-18':12 '-19':4 '06':15 '1':1 '2026':2,10 '22074':5 '2400':8,9 '33':14 '4c':6 'f':7 't08':13",,4C,22074,2400,57621,2026-07-19
2026-07-19T08:43:58,1,200,F,"'-07':3,11 '-19':12 '-20':4 '1':1 '1a':6 '200':8,9 '2026':2,10 '20278':5 '43':14 '58':15 'f':7 't08':13",,1A,20278,200,57623,2026-07-20
2026-07-19T08:43:58,1,400,F,"'-07':3,11 '-19':12 '-20':4 '1':1 '19153':5 '2026':2,10 '4':6 '400':8,9 '43':14 '58':15 'f':7 't08':13",,4,19153,400,57624,2026-07-20
2026-07-19T08:43:58,1,30,F,"'-07':3,11 '-19':12 '-20':4 '1':1 '1f':6 '2026':2,10 '21204':5 '30':8,9 '43':14 '58':15 'f':7 't08':13",,1F,21204,30,57622,2026-07-20
2026-07-19T08:43:58,1,730,T,"'-07':3,12 '-19':13 '-20':4 '1':1 '18532':5 '1b':6 '2026':2,11 '43':15 '430':8 '58':16 '730':9 'om':10 't08':14",Om,1B,18532,430,57625,2026-07-20
2026-07-19T08:43:58,1,800,F,"'-07':3,11 '-19':12 '-20':4 '1':1 '2026':2,10 '23204':5 '2f':6 '43':14 '58':15 '800':8,9 'f':7 't08':13",,2F,23204,800,57626,2026-07-20
2026-07-19T08:43:58,1,1200,P,"'-07':3,12 '-19':13 '-20':4 '1':1 '1200':9 '2026':2,11 '23717':5 '2a':6 '43':15 '58':16 '830':8 'dm':10 'p':7 't08':14",DM,2A,23717,830,57627,2026-07-20
2026-07-19T08:43:58,1,1300,P,"'-07':3,11 '-19':12 '-20':4 '1':1 '1230':8 '1300':9 '2026':2,10 '20497':5 '2b':6 '43':14 '58':15 'p':7 't08':13",,2B,20497,1230,57628,2026-07-20
2026-07-19T08:43:58,1,1630,T,"'-07':3,12 '-19':13 '-20':4 '1':1 '1330':8 '1630':9 '20045':5 '2026':2,11 '3b':6 '43':15 '58':16 'dm':10 't08':14",Dm,3B,20045,1330,57629,2026-07-20
2026-07-19T08:43:58,1,2000,P,"'-07':3,12 '-19':13 '-20':4 '1':1 '1700':8 '2000':9 '2026':2,11 '27248':5 '3c':6 '43':15 '58':16 'em':10 'p':7 't08':14",EM,3C,27248,1700,57630,2026-07-20
2026-07-19T08:43:58,1,2200,P,"'-07':3,11 '-19':12 '-20':4 '1':1 '2026':2,10 '2030':8 '2200':9 '27206':5 '43':14 '4b':6 '58':15 'p':7 't08':13",,4B,27206,2030,57631,2026-07-20
2026-07-19T08:43:58,1,2400,F,"'-07':3,11 '-19':12 '-20':4 '1':1 '2026':2,10 '22870':5 '2400':8,9 '43':14 '4c':6 '58':15 'f':7 't08':13",,4C,22870,2400,57632,2026-07-20
2026-07-20T08:37:20,1,30,F,"'-07':3,11 '-20':12 '-21':4 '1':1 '1f':6 '20':15 '2026':2,10 '22582':5 '30':8,9 '37':14 'f':7 't08':13",,1F,22582,30,57633,2026-07-21
2026-07-20T08:37:20,1,200,F,"'-07':3,11 '-20':12 '-21':4 '1':1 '1a':6 '20':15 '200':8,9 '2026':2,10 '21327':5 '37':14 'f':7 't08':13",,1A,21327,200,57634,2026-07-21
2026-07-20T08:37:20,1,400,F,"'-07':3,11 '-20':12 '-21':4 '1':1 '19781':5 '20':15 '2026':2,10 '37':14 '4':6 '400':8,9 'f':7 't08':13",,4,19781,400,57635,2026-07-21
2026-07-20T08:37:20,1,730,T,"'-07':3,12 '-20':13 '-21':4 '1':1 '19257':5 '1b':6 '20':16 '2026':2,11 '37':15 '430':8 '730':9 'om':10 't08':14",Om,1B,19257,430,57636,2026-07-21
2026-07-20T08:37:20,1,800,F,"'-07':3,11 '-20':12 '-21':4 '1':1 '20':15 '2026':2,10 '23132':5 '2f':6 '37':14 '800':8,9 'f':7 't08':13",,2F,23132,800,57637,2026-07-21
2026-07-20T08:37:20,1,1200,P,"'-07':3,12 '-20':13 '-21':4 '1':1 '1200':9 '20':16 '2026':2,11 '23695':5 '2a':6 '37':15 '830':8 'dm':10 'p':7 't08':14",DM,2A,23695,830,57638,2026-07-21
2026-07-20T08:37:20,1,1300,P,"'-07':3,11 '-20':12 '-21':4 '1':1 '1230':8 '1300':9 '20':15 '2026':2,10 '20724':5 '2b':6 '37':14 'p':7 't08':13",,2B,20724,1230,57639,2026-07-21
2026-07-20T08:37:20,1,1630,T,"'-07':3,12 '-20':13 '-21':4 '1':1 '1330':8 '1630':9 '20':16 '20210':5 '2026':2,11 '37':15 '3b':6 'dm':10 't08':14",Dm,3B,20210,1330,57640,2026-07-21
2026-07-20T08:37:20,1,2000,P,"'-07':3,11 '-20':12 '-21':4 '1':1 '1700':8 '20':15 '2000':9 '2026':2,10 '26210':5 '37':14 '3c':6 'p':7 't08':13",,3C,26210,1700,57641,2026-07-21
2026-07-20T08:37:20,1,2200,P,"'-07':3,12 '-20':13 '-21':4 '1':1 '20':16 '2026':2,11 '2030':8 '2200':9 '27274':5 '37':15 '4b':6 'em':10 'p':7 't08':14",EM,4B,27274,2030,57642,2026-07-21
2026-07-20T08:37:20,1,2400,F,"'-07':3,11 '-20':12 '-21':4 '1':1 '20':15 '2026':2,10 '22645':5 '2400':8,9 '37':14 '4c':6 'f':7 't08':13",,4C,22645,2400,57643,2026-07-21
2026-07-21T10:21:19,1,30,F,"'-07':3,11 '-21':12 '-22':4 '1':1 '19':15 '1f':6 '2026':2,10 '21':14 '22120':5 '30':8,9 'f':7 't10':13",,1F,22120,30,57644,2026-07-22
2026-07-21T10:21:19,1,200,F,"'-07':3,11 '-21':12 '-22':4 '1':1 '19':15 '1a':6 '200':8,9 '2026':2,10 '20890':5 '21':14 'f':7 't10':13",,1A,20890,200,57645,2026-07-22
2026-07-21T10:21:19,1,400,F,"'-07':3,11 '-21':12 '-22':4 '1':1 '19':15 '19479':5 '2026':2,10 '21':14 '4':6 '400':8,9 'f':7 't10':13",,4,19479,400,57646,2026-07-22
2026-07-21T10:21:19,1,730,T,"'-07':3,12 '-21':13 '-22':4 '1':1 '19':16 '19232':5 '1b':6 '2026':2,11 '21':15 '430':8 '730':9 'om':10 't10':14",Om,1B,19232,430,57647,2026-07-22
2026-07-21T10:21:19,1,800,F,"'-07':3,12 '-21':13 '-22':4 '1':1 '19':16 '2026':2,11 '21':15 '23350':5 '2f':6 '800':8,9 'dm':10 'f':7 't10':14",DM,2F,23350,800,57648,2026-07-22
2026-07-21T10:21:19,1,1200,P,"'-07':3,11 '-21':12 '-22':4 '1':1 '1200':9 '19':15 '2026':2,10 '21':14 '23213':5 '2a':6 '830':8 'p':7 't10':13",,2A,23213,830,57649,2026-07-22
2026-07-21T10:21:19,1,1300,P,"'-07':3,11 '-21':12 '-22':4 '1':1 '1230':8 '1300':9 '19':15 '20141':5 '2026':2,10 '21':14 '2b':6 'p':7 't10':13",,2B,20141,1230,57650,2026-07-22
2026-07-21T10:21:19,1,1630,T,"'-07':3,12 '-21':13 '-22':4 '1':1 '1330':8 '1630':9 '18218':5 '19':16 '2026':2,11 '21':15 '3b':6 'dm':10 't10':14",Dm,3B,18218,1330,57651,2026-07-22
2026-07-21T10:21:19,1,2000,P,"'-07':3,12 '-21':13 '-22':4 '1':1 '1700':8 '19':16 '2000':9 '2026':2,11 '21':15 '26764':5 '3c':6 'em':10 'p':7 't10':14",EM,3C,26764,1700,57652,2026-07-22
2026-07-21T10:21:19,1,2200,P,"'-07':3,11 '-21':12 '-22':4 '1':1 '19':15 '2026':2,10 '2030':8 '21':14 '2200':9 '26573':5 '4b':6 'p':7 't10':13",,4B,26573,2030,57653,2026-07-22
2026-07-21T10:21:19,1,2400,F,"'-07':3,11 '-21':12 '-22':4 '1':1 '19':15 '2026':2,10 '21':14 '23059':5 '2400':8,9 '4c':6 'f':7 't10':13",,4C,23059,2400,57654,2026-07-22
2026-07-22T08:41:51,1,30,F,"'-07':3,11 '-22':12 '-23':4 '1':1 '1f':6 '2026':2,10 '22625':5 '30':8,9 '41':14 '51':15 'f':7 't08':13",,1F,22625,30,57655,2026-07-23
2026-07-22T08:41:51,1,200,F,"'-07':3,11 '-22':12 '-23':4 '1':1 '1a':6 '200':8,9 '2026':2,10 '21367':5 '41':14 '51':15 'f':7 't08':13",,1A,21367,200,57656,2026-07-23
2026-07-22T08:41:51,1,400,F,"'-07':3,11 '-22':12 '-23':4 '1':1 '19920':5 '2026':2,10 '4':6 '400':8,9 '41':14 '51':15 'f':7 't08':13",,4,19920,400,57657,2026-07-23
2026-07-22T08:41:51,1,730,T,"'-07':3,12 '-22':13 '-23':4 '1':1 '19568':5 '1b':6 '2026':2,11 '41':15 '430':8 '51':16 '730':9 'om':10 't08':14",Om,1B,19568,430,57658,2026-07-23
2026-07-22T08:41:51,1,800,F,"'-07':3,11 '-22':12 '-23':4 '1':1 '2026':2,10 '24174':5 '2f':6 '41':14 '51':15 '800':8,9 'f':7 't08':13",,2F,24174,800,57659,2026-07-23
2026-07-22T08:41:51,1,1200,P,"'-07':3,12 '-22':13 '-23':4 '1':1 '1200':9 '2026':2,11 '24942':5 '2a':6 '41':15 '51':16 '830':8 'dm':10 'p':7 't08':14",DM,2A,24942,830,57660,2026-07-23
2026-07-22T08:41:51,1,1300,P,"'-07':3,11 '-22':12 '-23':4 '1':1 '1230':8 '1300':9 '2026':2,10 '22479':5 '2b':6 '41':14 '51':15 'p':7 't08':13",,2B,22479,1230,57661,2026-07-23
2026-07-22T08:41:51,1,1630,T,"'-07':3,12 '-22':13 '-23':4 '1':1 '1330':8 '1630':9 '2026':2,11 '21743':5 '3b':6 '41':15 '51':16 'dm':10 't08':14",Dm,3B,21743,1330,57662,2026-07-23
2026-07-22T08:41:51,1,2000,P,"'-07':3,11 '-22':12 '-23':4 '1':1 '1700':8 '2000':9 '2026':2,10 '26503':5 '3c':6 '41':14 '51':15 'p':7 't08':13",,3C,26503,1700,57663,2026-07-23
2026-07-22T08:41:51,1,2200,P,"'-07':3,12 '-22':13 '-23':4 '1':1 '2026':2,11 '2030':8 '2200':9 '26984':5 '41':15 '4b':6 '51':16 'em':10 'p':7 't08':14",EM,4B,26984,2030,57664,2026-07-23
2026-07-22T08:41:51,1,2400,F,"'-07':3,11 '-22':12 '-23':4 '1':1 '2026':2,10 '22752':5 '2400':8,9 '41':14 '4c':6 '51':15 'f':7 't08':13",,4C,22752,2400,57665,2026-07-23
2026-07-23T08:26:11,1,30,F,"'-07':3,11 '-23':12 '-24':4 '1':1 '11':15 '1f':6 '2026':2,10 '22314':5 '26':14 '30':8,9 'f':7 't08':13",,1F,22314,30,57666,2026-07-24
2026-07-23T08:26:11,1,200,F,"'-07':3,11 '-23':12 '-24':4 '1':1 '11':15 '1a':6 '200':8,9 '2026':2,10 '21089':5 '26':14 'f':7 't08':13",,1A,21089,200,57667,2026-07-24
2026-07-23T08:26:11,1,400,F,"'-07':3,11 '-23':12 '-24':4 '1':1 '11':15 '19728':5 '2026':2,10 '26':14 '4':6 '400':8,9 'f':7 't08':13",,4,19728,400,57668,2026-07-24
2026-07-23T08:26:11,1,730,T,"'-07':3,12 '-23':13 '-24':4 '1':1 '11':16 '19125':5 '1b':6 '2026':2,11 '26':15 '430':8 '730':9 'om':10 't08':14",Om,1B,19125,430,57669,2026-07-24
2026-07-23T08:26:11,1,800,F,"'-07':3,11 '-23':12 '-24':4 '1':1 '11':15 '2026':2,10 '22898':5 '26':14 '2f':6 '800':8,9 'f':7 't08':13",,2F,22898,800,57670,2026-07-24
2026-07-23T08:26:11,1,1200,P,"'-07':3,12 '-23':13 '-24':4 '1':1 '11':16 '1200':9 '2026':2,11 '23942':5 '26':15 '2a':6 '830':8 'dm':10 'p':7 't08':14",DM,2A,23942,830,57671,2026-07-24
2026-07-23T08:26:11,1,1300,P,"'-07':3,11 '-23':12 '-24':4 '1':1 '11':15 '1230':8 '1300':9 '20157':5 '2026':2,10 '26':14 '2b':6 'p':7 't08':13",,2B,20157,1230,57672,2026-07-24
2026-07-23T08:26:11,1,1630,T,"'-07':3,12 '-23':13 '-24':4 '1':1 '11':16 '1330':8 '1630':9 '18758':5 '2026':2,11 '26':15 '3b':6 'dm':10 't08':14",Dm,3B,18758,1330,57673,2026-07-24
2026-07-23T08:26:11,1,2000,P,"'-07':3,11 '-23':12 '-24':4 '1':1 '11':15 '1700':8 '2000':9 '2026':2,10 '24482':5 '26':14 '3c':6 'p':7 't08':13",,3C,24482,1700,57674,2026-07-24
2026-07-23T08:26:11,1,2200,P,"'-07':3,12 '-23':13 '-24':4 '1':1 '11':16 '2026':2,11 '2030':8 '2200':9 '25126':5 '26':15 '4b':6 'em':10 'p':7 't08':14",EM,4B,25126,2030,57675,2026-07-24
2026-07-23T08:26:11,1,2400,F,"'-07':3,11 '-23':12 '-24':4 '1':1 '11':15 '2026':2,10 '21886':5 '2400':8,9 '26':14 '4c':6 'f':7 't08':13",,4C,21886,2400,57676,2026-07-24
2026-07-24T08:37:13,1,30,F,"'-07':3,11 '-24':12 '-25':4 '1':1 '13':15 '1f':6 '2026':2,10 '21001':5 '30':8,9 '37':14 'f':7 't08':13",,1F,21001,30,57677,2026-07-25
2026-07-24T08:37:13,1,200,F,"'-07':3,11 '-24':12 '-25':4 '1':1 '13':15 '19558':5 '1a':6 '200':8,9 '2026':2,10 '37':14 'f':7 't08':13",,1A,19558,200,57678,2026-07-25
2026-07-24T08:37:13,1,400,F,"'-07':3,11 '-24':12 '-25':4 '1':1 '13':15 '17759':5 '2026':2,10 '37':14 '4':6 '400':8,9 'f':7 't08':13",,4,17759,400,57679,2026-07-25
2026-07-24T08:37:13,1,730,T,"'-07':3,12 '-24':13 '-25':4 '1':1 '13':16 '16517':5 '1b':6 '2026':2,11 '37':15 '430':8 '730':9 'om':10 't08':14",Om,1B,16517,430,57680,2026-07-25
2026-07-24T08:37:13,1,800,F,"'-07':3,11 '-24':12 '-25':4 '1':1 '13':15 '16785':5 '2026':2,10 '2f':6 '37':14 '800':8,9 'f':7 't08':13",,2F,16785,800,57681,2026-07-25
2026-07-24T08:37:13,1,1200,P,"'-07':3,12 '-24':13 '-25':4 '1':1 '1200':9 '13':16 '16935':5 '2026':2,11 '2a':6 '37':15 '830':8 'dm':10 'p':7 't08':14",DM,2A,16935,830,57682,2026-07-25
2026-07-24T08:37:13,1,1300,P,"'-07':3,11 '-24':12 '-25':4 '1':1 '1230':8 '12956':5 '13':15 '1300':9 '2026':2,10 '2b':6 '37':14 'p':7 't08':13",,2B,12956,1230,57683,2026-07-25
2026-07-24T08:37:13,1,1630,T,"'-07':3,12 '-24':13 '-25':4 '1':1 '12598':5 '13':16 '1330':8 '1630':9 '2026':2,11 '37':15 '3b':6 'dm':10 't08':14",Dm,3B,12598,1330,57684,2026-07-25
2026-07-24T08:37:13,1,2000,P,"'-07':3,11 '-24':12 '-25':4 '1':1 '13':15 '1700':8 '2000':9 '2026':2,10 '22758':5 '37':14 '3c':6 'p':7 't08':13",,3C,22758,1700,57685,2026-07-25
2026-07-24T08:37:13,1,2200,P,"'-07':3,12 '-24':13 '-25':4 '1':1 '13':16 '2026':2,11 '2030':8 '2200':9 '23953':5 '37':15 '4b':6 'em':10 'p':7 't08':14",EM,4B,23953,2030,57686,2026-07-25
2026-07-24T08:37:13,1,2400,F,"'-07':3,11 '-24':12 '-25':4 '1':1 '13':15 '2026':2,10 '21168':5 '2400':8,9 '37':14 '4c':6 'f':7 't08':13",,4C,21168,2400,57687,2026-07-25
2026-07-25T08:36:04,1,30,F,"'-07':3,11 '-25':12 '-26':4 '04':15 '1':1 '1f':6 '2026':2,10 '21453':5 '30':8,9 '36':14 'f':7 't08':13",,1F,21453,30,57688,2026-07-26
2026-07-25T08:36:04,1,200,F,"'-07':3,11 '-25':12 '-26':4 '04':15 '1':1 '1a':6 '200':8,9 '20243':5 '2026':2,10 '36':14 'f':7 't08':13",,1A,20243,200,57689,2026-07-26
2026-07-25T08:36:04,1,400,F,"'-07':3,11 '-25':12 '-26':4 '04':15 '1':1 '18877':5 '2026':2,10 '36':14 '4':6 '400':8,9 'f':7 't08':13",,4,18877,400,57690,2026-07-26
2026-07-25T08:36:04,1,730,T,"'-07':3,12 '-25':13 '-26':4 '04':16 '1':1 '16862':5 '1b':6 '2026':2,11 '36':15 '430':8 '730':9 'om':10 't08':14",Om,1B,16862,430,57691,2026-07-26
2026-07-25T08:36:04,1,800,F,"'-07':3,11 '-25':12 '-26':4 '04':15 '1':1 '18410':5 '2026':2,10 '2f':6 '36':14 '800':8,9 'f':7 't08':13",,2F,18410,800,57692,2026-07-26
2026-07-25T08:36:04,1,1200,P,"'-07':3,12 '-25':13 '-26':4 '04':16 '1':1 '1200':9 '19979':5 '2026':2,11 '2a':6 '36':15 '830':8 'dm':10 'p':7 't08':14",DM,2A,19979,830,57693,2026-07-26
2026-07-25T08:36:04,1,1300,P,"'-07':3,11 '-25':12 '-26':4 '04':15 '1':1 '1230':8 '1300':9 '17400':5 '2026':2,10 '2b':6 '36':14 'p':7 't08':13",,2B,17400,1230,57694,2026-07-26
2026-07-25T08:36:04,1,1630,T,"'-07':3,12 '-25':13 '-26':4 '04':16 '1':1 '1330':8 '15553':5 '1630':9 '2026':2,11 '36':15 '3b':6 'dm':10 't08':14",Dm,3B,15553,1330,57695,2026-07-26
2026-07-25T08:36:04,1,2000,P,"'-07':3,12 '-25':13 '-26':4 '04':16 '1':1 '1700':8 '2000':9 '2026':2,11 '24066':5 '36':15 '3c':6 'em':10 'p':7 't08':14",EM,3C,24066,1700,57696,2026-07-26
2026-07-25T08:36:04,1,2200,P,"'-07':3,11 '-25':12 '-26':4 '04':15 '1':1 '2026':2,10 '2030':8 '2200':9 '23552':5 '36':14 '4b':6 'p':7 't08':13",,4B,23552,2030,57697,2026-07-26
2026-07-25T08:36:04,1,2400,F,"'-07':3,11 '-25':12 '-26':4 '04':15 '1':1 '2026':2,10 '20608':5 '2400':8,9 '36':14 '4c':6 'f':7 't08':13",,4C,20608,2400,57698,2026-07-26
2026-07-26T08:42:43,1,30,F,"'-07':3,11 '-26':12 '-27':4 '1':1 '1f':6 '20246':5 '2026':2,10 '30':8,9 '42':14 '43':15 'f':7 't08':13",,1F,20246,30,57699,2026-07-27
2026-07-26T08:42:43,1,200,F,"'-07':3,11 '-26':12 '-27':4 '1':1 '19471':5 '1a':6 '200':8,9 '2026':2,10 '42':14 '43':15 'f':7 't08':13",,1A,19471,200,57700,2026-07-27
2026-07-26T08:42:43,1,400,F,"'-07':3,11 '-26':12 '-27':4 '1':1 '18053':5 '2026':2,10 '4':6 '400':8,9 '42':14 '43':15 'f':7 't08':13",,4,18053,400,57701,2026-07-27
2026-07-26T08:42:43,1,730,T,"'-07':3,12 '-26':13 '-27':4 '1':1 '17887':5 '1b':6 '2026':2,11 '42':15 '43':16 '430':8 '730':9 'om':10 't08':14",Om,1B,17887,430,57702,2026-07-27
2026-07-26T08:42:43,1,800,F,"'-07':3,11 '-26':12 '-27':4 '1':1 '2026':2,10 '22899':5 '2f':6 '42':14 '43':15 '800':8,9 'f':7 't08':13",,2F,22899,800,57703,2026-07-27
2026-07-26T08:42:43,1,1200,P,"'-07':3,12 '-26':13 '-27':4 '1':1 '1200':9 '2026':2,11 '24239':5 '2a':6 '42':15 '43':16 '830':8 'dm':10 'p':7 't08':14",DM,2A,24239,830,57704,2026-07-27
2026-07-26T08:42:43,1,1300,P,"'-07':3,11 '-26':12 '-27':4 '1':1 '1230':8 '1300':9 '2026':2,10 '20998':5 '2b':6 '42':14 '43':15 'p':7 't08':13",,2B,20998,1230,57705,2026-07-27
2026-07-26T08:42:43,1,1630,T,"'-07':3,12 '-26':13 '-27':4 '1':1 '1330':8 '1630':9 '18819':5 '2026':2,11 '3b':6 '42':15 '43':16 'dm':10 't08':14",Dm,3B,18819,1330,57706,2026-07-27
2026-07-26T08:42:43,1,2000,P,"'-07':3,12 '-26':13 '-27':4 '1':1 '1700':8 '2000':9 '2026':2,11 '26765':5 '3c':6 '42':15 '43':16 'em':10 'p':7 't08':14",EM,3C,26765,1700,57707,2026-07-27
2026-07-26T08:42:43,1,2200,P,"'-07':3,11 '-26':12 '-27':4 '1':1 '2026':2,10 '2030':8 '2200':9 '26565':5 '42':14 '43':15 '4b':6 'p':7 't08':13",,4B,26565,2030,57708,2026-07-27
2026-07-26T08:42:43,1,2400,F,"'-07':3,11 '-26':12 '-27':4 '1':1 '2026':2,10 '22205':5 '2400':8,9 '42':14 '43':15 '4c':6 'f':7 't08':13",,4C,22205,2400,57709,2026-07-27
2026-07-27T08:35:24,1,30,F,"'-07':3,11 '-27':12 '-28':4 '1':1 '1f':6 '2026':2,10 '22257':5 '24':15 '30':8,9 '35':14 'f':7 't08':13",,1F,22257,30,57710,2026-07-28
2026-07-27T08:35:24,1,200,F,"'-07':3,11 '-27':12 '-28':4 '1':1 '1a':6 '200':8,9 '2026':2,10 '21329':5 '24':15 '35':14 'f':7 't08':13",,1A,21329,200,57711,2026-07-28
2026-07-27T08:35:24,1,400,F,"'-07':3,11 '-27':12 '-28':4 '1':1 '19931':5 '2026':2,10 '24':15 '35':14 '4':6 '400':8,9 'f':7 't08':13",,4,19931,400,57712,2026-07-28
2026-07-27T08:35:24,1,730,T,"'-07':3,12 '-27':13 '-28':4 '1':1 '19358':5 '1b':6 '2026':2,11 '24':16 '35':15 '430':8 '730':9 'om':10 't08':14",Om,1B,19358,430,57713,2026-07-28
2026-07-27T08:35:24,1,800,F,"'-07':3,11 '-27':12 '-28':4 '1':1 '2026':2,10 '23934':5 '24':15 '2f':6 '35':14 '800':8,9 'f':7 't08':13",,2F,23934,800,57714,2026-07-28
2026-07-27T08:35:24,1,1200,P,"'-07':3,12 '-27':13 '-28':4 '1':1 '1200':9 '2026':2,11 '24':16 '24735':5 '2a':6 '35':15 '830':8 'dm':10 'p':7 't08':14",DM,2A,24735,830,57715,2026-07-28
2026-07-27T08:35:24,1,1300,P,"'-07':3,11 '-27':12 '-28':4 '1':1 '1230':8 '1300':9 '2026':2,10 '20969':5 '24':15 '2b':6 '35':14 'p':7 't08':13",,2B,20969,1230,57716,2026-07-28
2026-07-27T08:35:24,1,1630,T,"'-07':3,12 '-27':13 '-28':4 '1':1 '1330':8 '1630':9 '19532':5 '2026':2,11 '24':16 '35':15 '3b':6 'dm':10 't08':14",Dm,3B,19532,1330,57717,2026-07-28
2026-07-27T08:35:24,1,2000,P,"'-07':3,11 '-27':12 '-28':4 '1':1 '1700':8 '2000':9 '2026':2,10 '24':15 '27731':5 '35':14 '3c':6 'p':7 't08':13",,3C,27731,1700,57718,2026-07-28
2026-07-27T08:35:24,1,2200,P,"'-07':3,12 '-27':13 '-28':4 '1':1 '2026':2,11 '2030':8 '2200':9 '24':16 '27991':5 '35':15 '4b':6 'em':10 'p':7 't08':14",EM,4B,27991,2030,57719,2026-07-28
2026-07-27T08:35:24,1,2400,F,"'-07':3,11 '-27':12 '-28':4 '1':1 '2026':2,10 '23708':5 '24':15 '2400':8,9 '35':14 '4c':6 'f':7 't08':13",,4C,23708,2400,57720,2026-07-28
2026-07-28T08:37:20,1,30,F,"'-07':3,11 '-28':12 '-29':4 '1':1 '1f':6 '20':15 '2026':2,10 '22334':5 '30':8,9 '37':14 'f':7 't08':13",,1F,22334,30,57721,2026-07-29
2026-07-28T08:37:20,1,200,F,"'-07':3,11 '-28':12 '-29':4 '1':1 '1a':6 '20':15 '200':8,9 '2026':2,10 '21312':5 '37':14 'f':7 't08':13",,1A,21312,200,57722,2026-07-29
2026-07-28T08:37:20,1,400,F,"'-07':3,11 '-28':12 '-29':4 '1':1 '20':15 '20074':5 '2026':2,10 '37':14 '4':6 '400':8,9 'f':7 't08':13",,4,20074,400,57723,2026-07-29
2026-07-28T08:37:20,1,730,T,"'-07':3,12 '-28':13 '-29':4 '1':1 '19958':5 '1b':6 '20':16 '2026':2,11 '37':15 '430':8 '730':9 'om':10 't08':14",Om,1B,19958,430,57724,2026-07-29
2026-07-28T08:37:20,1,800,F,"'-07':3,12 '-28':13 '-29':4 '1':1 '20':16 '2026':2,11 '24324':5 '2f':6 '37':15 '800':8,9 'dm':10 'f':7 't08':14",DM,2F,24324,800,57725,2026-07-29
2026-07-28T08:37:20,1,1200,P,"'-07':3,11 '-28':12 '-29':4 '1':1 '1200':9 '20':15 '2026':2,10 '24225':5 '2a':6 '37':14 '830':8 'p':7 't08':13",,2A,24225,830,57726,2026-07-29
2026-07-28T08:37:20,1,1300,P,"'-07':3,11 '-28':12 '-29':4 '1':1 '1230':8 '1300':9 '20':15 '2026':2,10 '21225':5 '2b':6 '37':14 'p':7 't08':13",,2B,21225,1230,57727,2026-07-29
2026-07-28T08:37:20,1,1630,T,"'-07':3,12 '-28':13 '-29':4 '1':1 '1330':8 '1630':9 '20':16 '2026':2,11 '20380':5 '37':15 '3b':6 'dm':10 't08':14",Dm,3B,20380,1330,57728,2026-07-29
2026-07-28T08:37:20,1,2000,P,"'-07':3,12 '-28':13 '-29':4 '1':1 '1700':8 '20':16 '2000':9 '2026':2,11 '29097':5 '37':15 '3c':6 'em':10 'p':7 't08':14",EM,3C,29097,1700,57729,2026-07-29
2026-07-28T08:37:20,1,2200,P,"'-07':3,11 '-28':12 '-29':4 '1':1 '20':15 '2026':2,10 '2030':8 '2200':9 '29062':5 '37':14 '4b':6 'p':7 't08':13",,4B,29062,2030,57730,2026-07-29
2026-07-28T08:37:20,1,2400,F,"'-07':3,11 '-28':12 '-29':4 '1':1 '20':15 '2026':2,10 '2400':8,9 '24238':5 '37':14 '4c':6 'f':7 't08':13",,4C,24238,2400,57731,2026-07-29
2026-07-29T08:55:47,1,30,F,"'-07':3,11 '-29':12 '-30':4 '1':1 '1f':6 '2026':2,10 '23486':5 '30':8,9 '47':15 '55':14 'f':7 't08':13",,1F,23486,30,57732,2026-07-30
2026-07-29T08:55:47,1,200,F,"'-07':3,11 '-29':12 '-30':4 '1':1 '1a':6 '200':8,9 '2026':2,10 '22396':5 '47':15 '55':14 'f':7 't08':13",,1A,22396,200,57733,2026-07-30
2026-07-29T08:55:47,1,400,F,"'-07':3,11 '-29':12 '-30':4 '1':1 '2026':2,10 '21085':5 '4':6 '400':8,9 '47':15 '55':14 'f':7 't08':13",,4,21085,400,57734,2026-07-30
2026-07-29T08:55:47,1,730,T,"'-07':3,12 '-29':13 '-30':4 '1':1 '1b':6 '2026':2,11 '20344':5 '430':8 '47':16 '55':15 '730':9 'om':10 't08':14",Om,1B,20344,430,57735,2026-07-30
2026-07-29T08:55:47,1,800,F,"'-07':3,11 '-29':12 '-30':4 '1':1 '2026':2,10 '24308':5 '2f':6 '47':15 '55':14 '800':8,9 'f':7 't08':13",,2F,24308,800,57736,2026-07-30
2026-07-29T08:55:47,1,1200,P,"'-07':3,12 '-29':13 '-30':4 '1':1 '1200':9 '2026':2,11 '24561':5 '2a':6 '47':16 '55':15 '830':8 'dm':10 'p':7 't08':14",DM,2A,24561,830,57737,2026-07-30
2026-07-29T08:55:47,1,1300,P,"'-07':3,11 '-29':12 '-30':4 '1':1 '1230':8 '1300':9 '2026':2,10 '20819':5 '2b':6 '47':15 '55':14 'p':7 't08':13",,2B,20819,1230,57738,2026-07-30
2026-07-29T08:55:47,1,1630,T,"'-07':3,12 '-29':13 '-30':4 '1':1 '1330':8 '1630':9 '2026':2,11 '20324':5 '3b':6 '47':16 '55':15 'dm':10 't08':14",Dm,3B,20324,1330,57739,2026-07-30
2026-07-29T08:55:47,1,2000,P,"'-07':3,11 '-29':12 '-30':4 '1':1 '1700':8 '2000':9 '2026':2,10 '27476':5 '3c':6 '47':15 '55':14 'p':7 't08':13",,3C,27476,1700,57740,2026-07-30
2026-07-29T08:55:47,1,2200,P,"'-07':3,12 '-29':13 '-30':4 '1':1 '2026':2,11 '2030':8 '2200':9 '27740':5 '47':16 '4b':6 '55':15 'em':10 'p':7 't08':14",EM,4B,27740,2030,57741,2026-07-30
2026-07-29T08:55:47,1,2400,F,"'-07':3,11 '-29':12 '-30':4 '1':1 '2026':2,10 '23307':5 '2400':8,9 '47':15 '4c':6 '55':14 'f':7 't08':13",,4C,23307,2400,57742,2026-07-30
2026-07-30T08:45:01,1,30,F,"'-07':3,11 '-30':12 '-31':4 '01':15 '1':1 '1f':6 '2026':2,10 '22732':5 '30':8,9 '45':14 'f':7 't08':13",,1F,22732,30,57743,2026-07-31
2026-07-30T08:45:01,1,200,F,"'-07':3,11 '-30':12 '-31':4 '01':15 '1':1 '1a':6 '200':8,9 '2026':2,10 '21963':5 '45':14 'f':7 't08':13",,1A,21963,200,57744,2026-07-31
2026-07-30T08:45:01,1,400,F,"'-07':3,11 '-30':12 '-31':4 '01':15 '1':1 '2026':2,10 '20774':5 '4':6 '400':8,9 '45':14 'f':7 't08':13",,4,20774,400,57745,2026-07-31
2026-07-30T08:45:01,1,730,T,"'-07':3,12 '-30':13 '-31':4 '01':16 '1':1 '19878':5 '1b':6 '2026':2,11 '430':8 '45':15 '730':9 'om':10 't08':14",Om,1B,19878,430,57746,2026-07-31
2026-07-30T08:45:01,1,800,F,"'-07':3,11 '-30':12 '-31':4 '01':15 '1':1 '2026':2,10 '24036':5 '2f':6 '45':14 '800':8,9 'f':7 't08':13",,2F,24036,800,57747,2026-07-31
2026-07-30T08:45:01,1,1200,P,"'-07':3,12 '-30':13 '-31':4 '01':16 '1':1 '1200':9 '2026':2,11 '24530':5 '2a':6 '45':15 '830':8 'dm':10 'p':7 't08':14",DM,2A,24530,830,57748,2026-07-31
2026-07-30T08:45:01,1,1300,P,"'-07':3,11 '-30':12 '-31':4 '01':15 '1':1 '1230':8 '1300':9 '2026':2,10 '20652':5 '2b':6 '45':14 'p':7 't08':13",,2B,20652,1230,57749,2026-07-31
2026-07-30T08:45:01,1,1630,T,"'-07':3,12 '-30':13 '-31':4 '01':16 '1':1 '1330':8 '1630':9 '19470':5 '2026':2,11 '3b':6 '45':15 'dm':10 't08':14",Dm,3B,19470,1330,57750,2026-07-31
2026-07-30T08:45:01,1,2000,P,"'-07':3,11 '-30':12 '-31':4 '01':15 '1':1 '1700':8 '2000':9 '2026':2,10 '26106':5 '3c':6 '45':14 'p':7 't08':13",,3C,26106,1700,57751,2026-07-31
2026-07-30T08:45:01,1,2200,P,"'-07':3,12 '-30':13 '-31':4 '01':16 '1':1 '2026':2,11 '2030':8 '2200':9 '26561':5 '45':15 '4b':6 'em':10 'p':7 't08':14",EM,4B,26561,2030,57752,2026-07-31
2026-07-30T08:45:01,1,2400,F,"'-07':3,11 '-30':12 '-31':4 '01':15 '1':1 '2026':2,10 '22595':5 '2400':8,9 '45':14 '4c':6 'f':7 't08':13",,4C,22595,2400,57753,2026-07-31
2026-07-31T08:40:14,1,30,F,"'-01':4 '-07':11 '-08':3 '-31':12 '1':1 '14':15 '1f':6 '2026':2,10 '21642':5 '30':8,9 '40':14 'f':7 't08':13",,1F,21642,30,57754,2026-08-01
2026-07-31T08:40:14,1,200,F,"'-01':4 '-07':11 '-08':3 '-31':12 '1':1 '14':15 '1a':6 '200':8,9 '2026':2,10 '20956':5 '40':14 'f':7 't08':13",,1A,20956,200,57755,2026-08-01
2026-07-31T08:40:14,1,400,F,"'-01':4 '-07':11 '-08':3 '-31':12 '1':1 '14':15 '19370':5 '2026':2,10 '4':6 '40':14 '400':8,9 'f':7 't08':13",,4,19370,400,57756,2026-08-01
2026-07-31T08:40:14,1,730,T,"'-01':4 '-07':12 '-08':3 '-31':13 '1':1 '14':16 '17943':5 '1b':6 '2026':2,11 '40':15 '430':8 '730':9 'om':10 't08':14",Om,1B,17943,430,57757,2026-08-01
2026-07-31T08:40:14,1,800,F,"'-01':4 '-07':11 '-08':3 '-31':12 '1':1 '14':15 '18064':5 '2026':2,10 '2f':6 '40':14 '800':8,9 'f':7 't08':13",,2F,18064,800,57758,2026-08-01
2026-07-31T08:40:14,1,1200,P,"'-01':4 '-07':12 '-08':3 '-31':13 '1':1 '1200':9 '14':16 '18438':5 '2026':2,11 '2a':6 '40':15 '830':8 'dm':10 'p':7 't08':14",DM,2A,18438,830,57759,2026-08-01
2026-07-31T08:40:14,1,1300,P,"'-01':4 '-07':11 '-08':3 '-31':12 '1':1 '1230':8 '1300':9 '14':15 '17007':5 '2026':2,10 '2b':6 '40':14 'p':7 't08':13",,2B,17007,1230,57760,2026-08-01
2026-07-31T08:40:14,1,1630,T,"'-01':4 '-07':12 '-08':3 '-31':13 '1':1 '1330':8 '14':16 '1630':9 '16355':5 '2026':2,11 '3b':6 '40':15 'dm':10 't08':14",Dm,3B,16355,1330,57761,2026-08-01
2026-07-31T08:40:14,1,2000,P,"'-01':4 '-07':11 '-08':3 '-31':12 '1':1 '14':15 '1700':8 '2000':9 '2026':2,10 '23940':5 '3c':6 '40':14 'p':7 't08':13",,3C,23940,1700,57762,2026-08-01
2026-07-31T08:40:14,1,2200,P,"'-01':4 '-07':12 '-08':3 '-31':13 '1':1 '14':16 '2026':2,11 '2030':8 '2200':9 '24721':5 '40':15 '4b':6 'em':10 'p':7 't08':14",EM,4B,24721,2030,57763,2026-08-01
2026-07-31T08:40:14,1,2400,F,"'-01':4 '-07':11 '-08':3 '-31':12 '1':1 '14':15 '2026':2,10 '21597':5 '2400':8,9 '40':14 '4c':6 'f':7 't08':13",,4C,21597,2400,57764,2026-08-01
2026-08-01T08:24:44,1,30,F,"'-01':12 '-02':4 '-08':3,11 '1':1 '1f':6 '2026':2,10 '20995':5 '24':14 '30':8,9 '44':15 'f':7 't08':13",,1F,20995,30,57765,2026-08-02
2026-08-01T08:24:44,1,200,F,"'-01':12 '-02':4 '-08':3,11 '1':1 '1a':6 '200':8,9 '20187':5 '2026':2,10 '24':14 '44':15 'f':7 't08':13",,1A,20187,200,57766,2026-08-02
2026-08-01T08:24:44,1,400,F,"'-01':12 '-02':4 '-08':3,11 '1':1 '18222':5 '2026':2,10 '24':14 '4':6 '400':8,9 '44':15 'f':7 't08':13",,4,18222,400,57767,2026-08-02
2026-08-01T08:24:44,1,730,T,"'-01':13 '-02':4 '-08':3,12 '1':1 '16882':5 '1b':6 '2026':2,11 '24':15 '430':8 '44':16 '730':9 'om':10 't08':14",Om,1B,16882,430,57768,2026-08-02
2026-08-01T08:24:44,1,800,F,"'-01':12 '-02':4 '-08':3,11 '1':1 '16775':5 '2026':2,10 '24':14 '2f':6 '44':15 '800':8,9 'f':7 't08':13",,2F,16775,800,57769,2026-08-02
2026-08-01T08:24:44,1,1200,P,"'-01':13 '-02':4 '-08':3,12 '1':1 '1200':9 '17063':5 '2026':2,11 '24':15 '2a':6 '44':16 '830':8 'dm':10 'p':7 't08':14",DM,2A,17063,830,57770,2026-08-02
2026-08-01T08:24:44,1,1300,P,"'-01':12 '-02':4 '-08':3,11 '1':1 '1230':8 '1300':9 '15529':5 '2026':2,10 '24':14 '2b':6 '44':15 'p':7 't08':13",,2B,15529,1230,57771,2026-08-02
2026-08-01T08:24:44,1,1630,T,"'-01':13 '-02':4 '-08':3,12 '1':1 '1330':8 '15396':5 '1630':9 '2026':2,11 '24':15 '3b':6 '44':16 'dm':10 't08':14",Dm,3B,15396,1330,57772,2026-08-02
2026-08-01T08:24:44,1,2000,P,"'-01':12 '-02':4 '-08':3,11 '1':1 '1700':8 '2000':9 '2026':2,10 '24':14 '24289':5 '3c':6 '44':15 'p':7 't08':13",,3C,24289,1700,57773,2026-08-02
2026-08-01T08:24:44,1,2200,P,"'-01':13 '-02':4 '-08':3,12 '1':1 '2026':2,11 '2030':8 '2200':9 '24':15 '25524':5 '44':16 '4b':6 'em':10 'p':7 't08':14",EM,4B,25524,2030,57774,2026-08-02
2026-08-01T08:24:44,1,2400,F,"'-01':12 '-02':4 '-08':3,11 '1':1 '2026':2,10 '21203':5 '24':14 '2400':8,9 '44':15 '4c':6 'f':7 't08':13",,4C,21203,2400,57775,2026-08-02
2026-08-02T08:46:58,1,30,F,"'-02':12 '-03':4 '-08':3,11 '1':1 '1f':6 '2026':2,10 '20900':5 '30':8,9 '46':14 '58':15 'f':7 't08':13",,1F,20900,30,57776,2026-08-03
2026-08-02T08:46:58,1,200,F,"'-02':12 '-03':4 '-08':3,11 '1':1 '1a':6 '200':8,9 '2026':2,10 '20347':5 '46':14 '58':15 'f':7 't08':13",,1A,20347,200,57777,2026-08-03
2026-08-02T08:46:58,1,400,F,"'-02':12 '-03':4 '-08':3,11 '1':1 '18783':5 '2026':2,10 '4':6 '400':8,9 '46':14 '58':15 'f':7 't08':13",,4,18783,400,57778,2026-08-03
2026-08-02T08:46:58,1,730,T,"'-02':13 '-03':4 '-08':3,12 '1':1 '18560':5 '1b':6 '2026':2,11 '430':8 '46':15 '58':16 '730':9 'om':10 't08':14",Om,1B,18560,430,57779,2026-08-03
2026-08-02T08:46:58,1,800,F,"'-02':12 '-03':4 '-08':3,11 '1':1 '2026':2,10 '23110':5 '2f':6 '46':14 '58':15 '800':8,9 'f':7 't08':13",,2F,23110,800,57780,2026-08-03
2026-08-02T08:46:58,1,1200,P,"'-02':13 '-03':4 '-08':3,12 '1':1 '1200':9 '2026':2,11 '23804':5 '2a':6 '46':15 '58':16 '830':8 'dm':10 'p':7 't08':14",DM,2A,23804,830,57781,2026-08-03
2026-08-02T08:46:58,1,1300,P,"'-02':12 '-03':4 '-08':3,11 '1':1 '1230':8 '1300':9 '19030':5 '2026':2,10 '2b':6 '46':14 '58':15 'p':7 't08':13",,2B,19030,1230,57782,2026-08-03
2026-08-02T08:46:58,1,1630,T,"'-02':13 '-03':4 '-08':3,12 '1':1 '1330':8 '1630':9 '18829':5 '2026':2,11 '3b':6 '46':15 '58':16 'dm':10 't08':14",Dm,3B,18829,1330,57783,2026-08-03
2026-08-02T08:46:58,1,2000,P,"'-02':12 '-03':4 '-08':3,11 '1':1 '1700':8 '2000':9 '2026':2,10 '27527':5 '3c':6 '46':14 '58':15 'p':7 't08':13",,3C,27527,1700,57784,2026-08-03
2026-08-02T08:46:58,1,2200,P,"'-02':13 '-03':4 '-08':3,12 '1':1 '2026':2,11 '2030':8 '2200':9 '27595':5 '46':15 '4b':6 '58':16 'em':10 'p':7 't08':14",EM,4B,27595,2030,57785,2026-08-03
2026-08-02T08:46:58,1,2400,F,"'-02':12 '-03':4 '-08':3,11 '1':1 '2026':2,10 '22058':5 '2400':8,9 '46':14 '4c':6 '58':15 'f':7 't08':13",,4C,22058,2400,57786,2026-08-03
2026-08-03T08:57:53,1,30,F,"'-03':12 '-04':4 '-08':3,11 '1':1 '1f':6 '2026':2,10 '22447':5 '30':8,9 '53':15 '57':14 'f':7 't08':13",,1F,22447,30,57787,2026-08-04
2026-08-03T08:57:53,1,200,F,"'-03':12 '-04':4 '-08':3,11 '1':1 '1a':6 '200':8,9 '2026':2,10 '21579':5 '53':15 '57':14 'f':7 't08':13",,1A,21579,200,57788,2026-08-04
2026-08-03T08:57:53,1,400,F,"'-03':12 '-04':4 '-08':3,11 '1':1 '19952':5 '2026':2,10 '4':6 '400':8,9 '53':15 '57':14 'f':7 't08':13",,4,19952,400,57789,2026-08-04
2026-08-03T08:57:53,1,730,T,"'-03':13 '-04':4 '-08':3,12 '1':1 '19332':5 '1b':6 '2026':2,11 '430':8 '53':16 '57':15 '730':9 'om':10 't08':14",Om,1B,19332,430,57790,2026-08-04
2026-08-03T08:57:53,1,800,F,"'-03':12 '-04':4 '-08':3,11 '1':1 '2026':2,10 '25113':5 '2f':6 '53':15 '57':14 '800':8,9 'f':7 't08':13",,2F,25113,800,57791,2026-08-04
2026-08-03T08:57:53,1,1200,P,"'-03':13 '-04':4 '-08':3,12 '1':1 '1200':9 '2026':2,11 '25600':5 '2a':6 '53':16 '57':15 '830':8 'dm':10 'p':7 't08':14",DM,2A,25600,830,57792,2026-08-04
2026-08-03T08:57:53,1,1300,P,"'-03':12 '-04':4 '-08':3,11 '1':1 '1230':8 '1300':9 '2026':2,10 '22090':5 '2b':6 '53':15 '57':14 'p':7 't08':13",,2B,22090,1230,57793,2026-08-04
2026-08-03T08:57:53,1,1630,T,"'-03':13 '-04':4 '-08':3,12 '1':1 '1330':8 '1630':9 '2026':2,11 '20935':5 '3b':6 '53':16 '57':15 'dm':10 't08':14",Dm,3B,20935,1330,57794,2026-08-04
2026-08-03T08:57:53,1,2000,P,"'-03':13 '-04':4 '-08':3,12 '1':1 '1700':8 '2000':9 '2026':2,11 '28124':5 '3c':6 '53':16 '57':15 'em':10 'p':7 't08':14",EM,3C,28124,1700,57795,2026-08-04
2026-08-03T08:57:53,1,2200,P,"'-03':12 '-04':4 '-08':3,11 '1':1 '2026':2,10 '2030':8 '2200':9 '27393':5 '4b':6 '53':15 '57':14 'p':7 't08':13",,4B,27393,2030,57796,2026-08-04
2026-08-03T08:57:53,1,2400,F,"'-03':12 '-04':4 '-08':3,11 '1':1 '2026':2,10 '22358':5 '2400':8,9 '4c':6 '53':15 '57':14 'f':7 't08':13",,4C,22358,2400,57797,2026-08-04
2026-08-04T08:19:53,1,30,F,"'-04':12 '-05':4 '-08':3,11 '1':1 '19':14 '1f':6 '2026':2,10 '21830':5 '30':8,9 '53':15 'f':7 't08':13",,1F,21830,30,57798,2026-08-05
2026-08-04T08:19:53,1,200,F,"'-04':12 '-05':4 '-08':3,11 '1':1 '19':14 '1a':6 '200':8,9 '2026':2,10 '21165':5 '53':15 'f':7 't08':13",,1A,21165,200,57799,2026-08-05
2026-08-04T08:19:53,1,400,F,"'-04':12 '-05':4 '-08':3,11 '1':1 '19':14 '19417':5 '2026':2,10 '4':6 '400':8,9 '53':15 'f':7 't08':13",,4,19417,400,57800,2026-08-05
2026-08-04T08:19:53,1,730,T,"'-04':13 '-05':4 '-08':3,12 '1':1 '18816':5 '19':15 '1b':6 '2026':2,11 '430':8 '53':16 '730':9 'om':10 't08':14",Om,1B,18816,430,57801,2026-08-05
2026-08-04T08:19:53,1,800,F,"'-04':12 '-05':4 '-08':3,11 '1':1 '19':14 '2026':2,10 '22802':5 '2f':6 '53':15 '800':8,9 'f':7 't08':13",,2F,22802,800,57802,2026-08-05
2026-08-04T08:19:53,1,1200,P,"'-04':13 '-05':4 '-08':3,12 '1':1 '1200':9 '19':15 '2026':2,11 '23673':5 '2a':6 '53':16 '830':8 'dm':10 'p':7 't08':14",DM,2A,23673,830,57803,2026-08-05
2026-08-04T08:19:53,1,1300,P,"'-04':12 '-05':4 '-08':3,11 '1':1 '1230':8 '1300':9 '18282':5 '19':14 '2026':2,10 '2b':6 '53':15 'p':7 't08':13",,2B,18282,1230,57804,2026-08-05
2026-08-04T08:19:53,1,1630,T,"'-04':13 '-05':4 '-08':3,12 '1':1 '1330':8 '1630':9 '17769':5 '19':15 '2026':2,11 '3b':6 '53':16 'dm':10 't08':14",Dm,3B,17769,1330,57805,2026-08-05
2026-08-04T08:19:53,1,2000,P,"'-04':12 '-05':4 '-08':3,11 '1':1 '1700':8 '19':14 '2000':9 '2026':2,10 '25001':5 '3c':6 '53':15 'p':7 't08':13",,3C,25001,1700,57806,2026-08-05
2026-08-04T08:19:53,1,2200,P,"'-04':13 '-05':4 '-08':3,12 '1':1 '19':15 '2026':2,11 '2030':8 '2200':9 '25163':5 '4b':6 '53':16 'em':10 'p':7 't08':14",EM,4B,25163,2030,57807,2026-08-05
2026-08-04T08:19:53,1,2400,F,"'-04':12 '-05':4 '-08':3,11 '1':1 '19':14 '2026':2,10 '20389':5 '2400':8,9 '4c':6 '53':15 'f':7 't08':13",,4C,20389,2400,57808,2026-08-05
2026-08-05T08:42:14,1,30,F,"'-05':12 '-06':4 '-08':3,11 '1':1 '14':15 '19263':5 '1f':6 '2026':2,10 '30':8,9 '42':14 'f':7 't08':13",,1F,19263,30,57809,2026-08-06
2026-08-05T08:42:14,1,200,F,"'-05':12 '-06':4 '-08':3,11 '1':1 '14':15 '19312':5 '1a':6 '200':8,9 '2026':2,10 '42':14 'f':7 't08':13",,1A,19312,200,57810,2026-08-06
2026-08-05T08:42:14,1,400,F,"'-05':12 '-06':4 '-08':3,11 '1':1 '14':15 '17933':5 '2026':2,10 '4':6 '400':8,9 '42':14 'f':7 't08':13",,4,17933,400,57811,2026-08-06
2026-08-05T08:42:14,1,730,T,"'-05':13 '-06':4 '-08':3,12 '1':1 '14':16 '17598':5 '1b':6 '2026':2,11 '42':15 '430':8 '730':9 'om':10 't08':14",Om,1B,17598,430,57812,2026-08-06
2026-08-05T08:42:14,1,800,F,"'-05':12 '-06':4 '-08':3,11 '1':1 '14':15 '2026':2,10 '22849':5 '2f':6 '42':14 '800':8,9 'f':7 't08':13",,2F,22849,800,57813,2026-08-06
2026-08-05T08:42:14,1,1200,P,"'-05':13 '-06':4 '-08':3,12 '1':1 '1200':9 '14':16 '2026':2,11 '23635':5 '2a':6 '42':15 '830':8 'dm':10 'p':7 't08':14",DM,2A,23635,830,57814,2026-08-06
2026-08-05T08:42:14,1,1300,P,"'-05':12 '-06':4 '-08':3,11 '1':1 '1230':8 '1300':9 '14':15 '2026':2,10 '21594':5 '2b':6 '42':14 'p':7 't08':13",,2B,21594,1230,57815,2026-08-06
2026-08-05T08:42:14,1,1630,T,"'-05':13 '-06':4 '-08':3,12 '1':1 '1330':8 '14':16 '1630':9 '2026':2,11 '20892':5 '3b':6 '42':15 'dm':10 't08':14",Dm,3B,20892,1330,57816,2026-08-06
2026-08-05T08:42:14,1,2000,P,"'-05':13 '-06':4 '-08':3,12 '1':1 '14':16 '1700':8 '2000':9 '2026':2,11 '27746':5 '3c':6 '42':15 'em':10 'p':7 't08':14",EM,3C,27746,1700,57817,2026-08-06
2026-08-05T08:42:14,1,2200,P,"'-05':12 '-06':4 '-08':3,11 '1':1 '14':15 '2026':2,10 '2030':8 '2200':9 '27671':5 '42':14 '4b':6 'p':7 't08':13",,4B,27671,2030,57818,2026-08-06
2026-08-05T08:42:14,1,2400,F,"'-05':12 '-06':4 '-08':3,11 '1':1 '14':15 '2026':2,10 '22378':5 '2400':8,9 '42':14 '4c':6 'f':7 't08':13",,4C,22378,2400,57819,2026-08-06
2026-08-06T08:34:38,1,30,F,"'-06':12 '-07':4 '-08':3,11 '1':1 '1f':6 '2026':2,10 '21697':5 '30':8,9 '34':14 '38':15 'f':7 't08':13",,1F,21697,30,57820,2026-08-07
2026-08-06T08:34:38,1,200,F,"'-06':12 '-07':4 '-08':3,11 '1':1 '1a':6 '200':8,9 '2026':2,10 '20941':5 '34':14 '38':15 'f':7 't08':13",,1A,20941,200,57821,2026-08-07
2026-08-06T08:34:38,1,400,F,"'-06':12 '-07':4 '-08':3,11 '1':1 '19431':5 '2026':2,10 '34':14 '38':15 '4':6 '400':8,9 'f':7 't08':13",,4,19431,400,57822,2026-08-07
2026-08-06T08:34:38,1,730,T,"'-06':13 '-07':4 '-08':3,12 '1':1 '18978':5 '1b':6 '2026':2,11 '34':15 '38':16 '430':8 '730':9 'om':10 't08':14",Om,1B,18978,430,57823,2026-08-07
2026-08-06T08:34:38,1,800,F,"'-06':12 '-07':4 '-08':3,11 '1':1 '2026':2,10 '22625':5 '2f':6 '34':14 '38':15 '800':8,9 'f':7 't08':13",,2F,22625,800,57824,2026-08-07
2026-08-06T08:34:38,1,1200,P,"'-06':13 '-07':4 '-08':3,12 '1':1 '1200':9 '2026':2,11 '23248':5 '2a':6 '34':15 '38':16 '830':8 'dm':10 'p':7 't08':14",DM,2A,23248,830,57825,2026-08-07
2026-08-06T08:34:38,1,1300,P,"'-06':12 '-07':4 '-08':3,11 '1':1 '1230':8 '1300':9 '2026':2,10 '20476':5 '2b':6 '34':14 '38':15 'p':7 't08':13",,2B,20476,1230,57826,2026-08-07
2026-08-06T08:34:38,1,1630,T,"'-06':13 '-07':4 '-08':3,12 '1':1 '1330':8 '1630':9 '18677':5 '2026':2,11 '34':15 '38':16 '3b':6 'dm':10 't08':14",Dm,3B,18677,1330,57827,2026-08-07
2026-08-06T08:34:38,1,2000,P,"'-06':13 '-07':4 '-08':3,12 '1':1 '1700':8 '2000':9 '2026':2,11 '25981':5 '34':15 '38':16 '3c':6 'em':10 'p':7 't08':14",EM,3C,25981,1700,57828,2026-08-07
2026-08-06T08:34:38,1,2200,P,"'-06':12 '-07':4 '-08':3,11 '1':1 '2026':2,10 '2030':8 '2200':9 '25900':5 '34':14 '38':15 '4b':6 'p':7 't08':13",,4B,25900,2030,57829,2026-08-07
2026-08-06T08:34:38,1,2400,F,"'-06':12 '-07':4 '-08':3,11 '1':1 '2026':2,10 '21727':5 '2400':8,9 '34':14 '38':15 '4c':6 'f':7 't08':13",,4C,21727,2400,57830,2026-08-07
2026-08-07T08:24:19,1,30,F,"'-07':12 '-08':3,4,11 '1':1 '19':15 '1f':6 '2026':2,10 '21351':5 '24':14 '30':8,9 'f':7 't08':13",,1F,21351,30,57831,2026-08-08
2026-08-07T08:24:19,1,200,F,"'-07':12 '-08':3,4,11 '1':1 '19':15 '1a':6 '200':8,9 '20219':5 '2026':2,10 '24':14 'f':7 't08':13",,1A,20219,200,57832,2026-08-08
2026-08-07T08:24:19,1,400,F,"'-07':12 '-08':3,4,11 '1':1 '19':15 '19077':5 '2026':2,10 '24':14 '4':6 '400':8,9 'f':7 't08':13",,4,19077,400,57833,2026-08-08
2026-08-07T08:24:19,1,730,T,"'-07':13 '-08':3,4,12 '1':1 '17646':5 '19':16 '1b':6 '2026':2,11 '24':15 '430':8 '730':9 'om':10 't08':14",Om,1B,17646,430,57834,2026-08-08
2026-08-07T08:24:19,1,800,F,"'-07':13 '-08':3,4,12 '1':1 '18719':5 '19':16 '2026':2,11 '24':15 '2f':6 '800':8,9 'dm':10 'f':7 't08':14",DM,2F,18719,800,57835,2026-08-08
2026-08-07T08:24:19,1,1200,P,"'-07':12 '-08':3,4,11 '1':1 '1200':9 '18705':5 '19':15 '2026':2,10 '24':14 '2a':6 '830':8 'p':7 't08':13",,2A,18705,830,57836,2026-08-08
2026-08-07T08:24:19,1,1300,P,"'-07':12 '-08':3,4,11 '1':1 '1230':8 '1300':9 '14674':5 '19':15 '2026':2,10 '24':14 '2b':6 'p':7 't08':13",,2B,14674,1230,57837,2026-08-08
2026-08-07T08:24:19,1,1630,T,"'-07':13 '-08':3,4,12 '1':1 '1330':8 '13669':5 '1630':9 '19':16 '2026':2,11 '24':15 '3b':6 'dm':10 't08':14",Dm,3B,13669,1330,57838,2026-08-08
2026-08-07T08:24:19,1,2000,P,"'-07':12 '-08':3,4,11 '1':1 '1700':8 '19':15 '2000':9 '2026':2,10 '24':14 '24061':5 '3c':6 'p':7 't08':13",,3C,24061,1700,57839,2026-08-08
2026-08-07T08:24:19,1,2200,P,"'-07':13 '-08':3,4,12 '1':1 '19':16 '2026':2,11 '2030':8 '2200':9 '24':15 '24412':5 '4b':6 'em':10 'p':7 't08':14",EM,4B,24412,2030,57840,2026-08-08
2026-08-07T08:24:19,1,2400,F,"'-07':12 '-08':3,4,11 '1':1 '19':15 '2026':2,10 '21073':5 '24':14 '2400':8,9 '4c':6 'f':7 't08':13",,4C,21073,2400,57841,2026-08-08
2026-08-08T08:27:35,1,30,F,"'-08':3,11,12 '-09':4 '1':1 '1f':6 '2026':2,10 '20936':5 '27':14 '30':8,9 '35':15 'f':7 't08':13",,1F,20936,30,57842,2026-08-09
2026-08-08T08:27:35,1,200,F,"'-08':3,11,12 '-09':4 '1':1 '19944':5 '1a':6 '200':8,9 '2026':2,10 '27':14 '35':15 'f':7 't08':13",,1A,19944,200,57843,2026-08-09
2026-08-08T08:27:35,1,400,F,"'-08':3,11,12 '-09':4 '1':1 '18194':5 '2026':2,10 '27':14 '35':15 '4':6 '400':8,9 'f':7 't08':13",,4,18194,400,57844,2026-08-09
2026-08-08T08:27:35,1,730,T,"'-08':3,12,13 '-09':4 '1':1 '17095':5 '1b':6 '2026':2,11 '27':15 '35':16 '430':8 '730':9 'om':10 't08':14",Om,1B,17095,430,57845,2026-08-09
2026-08-08T08:27:35,1,800,F,"'-08':3,11,12 '-09':4 '1':1 '17472':5 '2026':2,10 '27':14 '2f':6 '35':15 '800':8,9 'f':7 't08':13",,2F,17472,800,57846,2026-08-09
2026-08-08T08:27:35,1,1200,P,"'-08':3,12,13 '-09':4 '1':1 '1200':9 '17611':5 '2026':2,11 '27':15 '2a':6 '35':16 '830':8 'dm':10 'p':7 't08':14",DM,2A,17611,830,57847,2026-08-09
2026-08-08T08:27:35,1,1300,P,"'-08':3,11,12 '-09':4 '1':1 '1230':8 '1300':9 '15230':5 '2026':2,10 '27':14 '2b':6 '35':15 'p':7 't08':13",,2B,15230,1230,57848,2026-08-09
2026-08-08T08:27:35,1,1630,T,"'-08':3,12,13 '-09':4 '1':1 '1330':8 '15688':5 '1630':9 '2026':2,11 '27':15 '35':16 '3b':6 'dm':10 't08':14",Dm,3B,15688,1330,57849,2026-08-09
2026-08-08T08:27:35,1,1930,P,"'-08':3,11,12 '-09':4 '1':1 '1700':8 '1930':9 '2026':2,10 '24811':5 '27':14 '35':15 '3c':6 'p':7 't08':13",,3C,24811,1700,57850,2026-08-09
2026-08-08T08:27:35,1,2130,P,"'-08':3,12,13 '-09':4 '1':1 '2000':8 '2026':2,11 '2130':9 '25715':5 '27':15 '35':16 '4b':6 'em':10 'p':7 't08':14",EM,4B,25715,2000,57851,2026-08-09
2026-08-08T08:27:35,1,2400,F,"'-08':3,11,12 '-09':4 '1':1 '2026':2,10 '21708':5 '2400':8,9 '27':14 '35':15 '4c':6 'f':7 't08':13",,4C,21708,2400,57852,2026-08-09
2026-08-09T08:37:38,1,30,F,"'-08':3,11 '-09':12 '-10':4 '1':1 '1f':6 '2026':2,10 '21350':5 '30':8,9 '37':14 '38':15 'f':7 't08':13",,1F,21350,30,57853,2026-08-10
2026-08-09T08:37:38,1,200,F,"'-08':3,11 '-09':12 '-10':4 '1':1 '1a':6 '200':8,9 '2026':2,10 '20437':5 '37':14 '38':15 'f':7 't08':13",,1A,20437,200,57854,2026-08-10
2026-08-09T08:37:38,1,400,F,"'-08':3,11 '-09':12 '-10':4 '1':1 '18823':5 '2026':2,10 '37':14 '38':15 '4':6 '400':8,9 'f':7 't08':13",,4,18823,400,57855,2026-08-10
2026-08-09T08:37:38,1,730,T,"'-08':3,12 '-09':13 '-10':4 '1':1 '18569':5 '1b':6 '2026':2,11 '37':15 '38':16 '430':8 '730':9 'om':10 't08':14",Om,1B,18569,430,57856,2026-08-10
2026-08-09T08:37:38,1,800,F,"'-08':3,11 '-09':12 '-10':4 '1':1 '2026':2,10 '23176':5 '2f':6 '37':14 '38':15 '800':8,9 'f':7 't08':13",,2F,23176,800,57857,2026-08-10
2026-08-09T08:37:38,1,1200,P,"'-08':3,12 '-09':13 '-10':4 '1':1 '1200':9 '2026':2,11 '23657':5 '2a':6 '37':15 '38':16 '830':8 'dm':10 'p':7 't08':14",DM,2A,23657,830,57858,2026-08-10
2026-08-09T08:37:38,1,1300,P,"'-08':3,11 '-09':12 '-10':4 '1':1 '1230':8 '1300':9 '2026':2,10 '20591':5 '2b':6 '37':14 '38':15 'p':7 't08':13",,2B,20591,1230,57859,2026-08-10
2026-08-09T08:37:38,1,1630,T,"'-08':3,12 '-09':13 '-10':4 '1':1 '1330':8 '1630':9 '20043':5 '2026':2,11 '37':15 '38':16 '3b':6 'dm':10 't08':14",Dm,3B,20043,1330,57860,2026-08-10
2026-08-09T08:37:38,1,1930,P,"'-08':3,11 '-09':12 '-10':4 '1':1 '1700':8 '1930':9 '2026':2,10 '28089':5 '37':14 '38':15 '3c':6 'p':7 't08':13",,3C,28089,1700,57861,2026-08-10
2026-08-09T08:37:38,1,2130,P,"'-08':3,12 '-09':13 '-10':4 '1':1 '2000':8 '2026':2,11 '2130':9 '28216':5 '37':15 '38':16 '4b':6 'em':10 'p':7 't08':14",EM,4B,28216,2000,57862,2026-08-10
2026-08-09T08:37:38,1,2400,F,"'-08':3,11 '-09':12 '-10':4 '1':1 '2026':2,10 '23116':5 '2400':8,9 '37':14 '38':15 '4c':6 'f':7 't08':13",,4C,23116,2400,57863,2026-08-10
2026-08-10T08:42:24,1,30,F,"'-08':3,11 '-10':12 '-11':4 '1':1 '1f':6 '2026':2,10 '22619':5 '24':15 '30':8,9 '42':14 'f':7 't08':13",,1F,22619,30,57864,2026-08-11
2026-08-10T08:42:24,1,200,F,"'-08':3,11 '-10':12 '-11':4 '1':1 '1a':6 '200':8,9 '2026':2,10 '21699':5 '24':15 '42':14 'f':7 't08':13",,1A,21699,200,57865,2026-08-11
2026-08-10T08:42:24,1,400,F,"'-08':3,11 '-10':12 '-11':4 '1':1 '20137':5 '2026':2,10 '24':15 '4':6 '400':8,9 '42':14 'f':7 't08':13",,4,20137,400,57866,2026-08-11
2026-08-10T08:42:24,1,730,T,"'-08':3,12 '-10':13 '-11':4 '1':1 '19588':5 '1b':6 '2026':2,11 '24':16 '42':15 '430':8 '730':9 'om':10 't08':14",Om,1B,19588,430,57867,2026-08-11
2026-08-10T08:42:24,1,800,F,"'-08':3,11 '-10':12 '-11':4 '1':1 '2026':2,10 '23369':5 '24':15 '2f':6 '42':14 '800':8,9 'f':7 't08':13",,2F,23369,800,57868,2026-08-11
2026-08-10T08:42:24,1,1200,P,"'-08':3,12 '-10':13 '-11':4 '1':1 '1200':9 '2026':2,11 '23860':5 '24':16 '2a':6 '42':15 '830':8 'dm':10 'p':7 't08':14",DM,2A,23860,830,57869,2026-08-11
2026-08-10T08:42:24,1,1300,P,"'-08':3,11 '-10':12 '-11':4 '1':1 '1230':8 '1300':9 '18675':5 '2026':2,10 '24':15 '2b':6 '42':14 'p':7 't08':13",,2B,18675,1230,57870,2026-08-11
2026-08-10T08:42:24,1,1630,T,"'-08':3,12 '-10':13 '-11':4 '1':1 '1330':8 '1630':9 '18530':5 '2026':2,11 '24':16 '3b':6 '42':15 'dm':10 't08':14",Dm,3B,18530,1330,57871,2026-08-11
2026-08-10T08:42:24,1,1930,P,"'-08':3,11 '-10':12 '-11':4 '1':1 '1700':8 '1930':9 '2026':2,10 '24':15 '27547':5 '3c':6 '42':14 'p':7 't08':13",,3C,27547,1700,57872,2026-08-11
2026-08-10T08:42:24,1,2130,P,"'-08':3,12 '-10':13 '-11':4 '1':1 '2000':8 '2026':2,11 '2130':9 '24':16 '28266':5 '42':15 '4b':6 'em':10 'p':7 't08':14",EM,4B,28266,2000,57873,2026-08-11
2026-08-10T08:42:24,1,2400,F,"'-08':3,11 '-10':12 '-11':4 '1':1 '2026':2,10 '22809':5 '24':15 '2400':8,9 '42':14 '4c':6 'f':7 't08':13",,4C,22809,2400,57874,2026-08-11
2026-08-11T08:42:18,1,400,F,"'-08':3,11 '-11':12 '-12':4 '1':1 '18':15 '19501':5 '2026':2,10 '4':6 '400':8,9 '42':14 'f':7 't08':13",,4,19501,400,57877,2026-08-12
2026-08-11T08:42:18,1,30,F,"'-08':3,11 '-11':12 '-12':4 '1':1 '18':15 '1f':6 '2026':2,10 '22108':5 '30':8,9 '42':14 'f':7 't08':13",,1F,22108,30,57875,2026-08-12
2026-08-11T08:42:18,1,200,F,"'-08':3,11 '-11':12 '-12':4 '1':1 '18':15 '1a':6 '200':8,9 '2026':2,10 '20929':5 '42':14 'f':7 't08':13",,1A,20929,200,57876,2026-08-12
2026-08-11T08:42:18,1,730,T,"'-08':3,12 '-11':13 '-12':4 '1':1 '18':16 '19075':5 '1b':6 '2026':2,11 '42':15 '430':8 '730':9 'om':10 't08':14",Om,1B,19075,430,57878,2026-08-12
2026-08-11T08:42:18,1,800,F,"'-08':3,11 '-11':12 '-12':4 '1':1 '18':15 '2026':2,10 '23592':5 '2f':6 '42':14 '800':8,9 'f':7 't08':13",,2F,23592,800,57879,2026-08-12
2026-08-11T08:42:18,1,1200,P,"'-08':3,12 '-11':13 '-12':4 '1':1 '1200':9 '18':16 '2026':2,11 '24251':5 '2a':6 '42':15 '830':8 'dm':10 'p':7 't08':14",DM,2A,24251,830,57880,2026-08-12
2026-08-11T08:42:18,1,1300,P,"'-08':3,11 '-11':12 '-12':4 '1':1 '1230':8 '1300':9 '18':15 '19887':5 '2026':2,10 '2b':6 '42':14 'p':7 't08':13",,2B,19887,1230,57881,2026-08-12
2026-08-11T08:42:18,1,1630,T,"'-08':3,12 '-11':13 '-12':4 '1':1 '1330':8 '1630':9 '18':16 '19905':5 '2026':2,11 '3b':6 '42':15 'dm':10 't08':14",Dm,3B,19905,1330,57882,2026-08-12
2026-08-11T08:42:18,1,1930,P,"'-08':3,12 '-11':13 '-12':4 '1':1 '1700':8 '18':16 '1930':9 '2026':2,11 '30969':5 '3c':6 '42':15 'em':10 'p':7 't08':14",EM,3C,30969,1700,57883,2026-08-12
2026-08-11T08:42:18,1,2130,P,"'-08':3,11 '-11':12 '-12':4 '1':1 '18':15 '2000':8 '2026':2,10 '2130':9 '30167':5 '42':14 '4b':6 'p':7 't08':13",,4B,30167,2000,57884,2026-08-12
2026-08-11T08:42:18,1,2400,F,"'-08':3,11 '-11':12 '-12':4 '1':1 '18':15 '2026':2,10 '2400':8,9 '24292':5 '42':14 '4c':6 'f':7 't08':13",,4C,24292,2400,57885,2026-08-12
2026-08-12T08:41:50,1,400,F,"'-08':3,11 '-12':12 '-13':4 '1':1 '2026':2,10 '21167':5 '4':6 '400':8,9 '41':14 '50':15 'f':7 't08':13",,4,21167,400,57888,2026-08-13
2026-08-12T08:41:50,1,730,T,"'-08':3,12 '-12':13 '-13':4 '1':1 '1b':6 '2026':2,11 '20892':5 '41':15 '430':8 '50':16 '730':9 'om':10 't08':14",Om,1B,20892,430,57889,2026-08-13
2026-08-12T08:41:50,1,800,F,"'-08':3,11 '-12':12 '-13':4 '1':1 '2026':2,10 '25320':5 '2f':6 '41':14 '50':15 '800':8,9 'f':7 't08':13",,2F,25320,800,57890,2026-08-13
2026-08-12T08:41:50,1,1200,P,"'-08':3,12 '-12':13 '-13':4 '1':1 '1200':9 '2026':2,11 '25941':5 '2a':6 '41':15 '50':16 '830':8 'dm':10 'p':7 't08':14",DM,2A,25941,830,57891,2026-08-13
2026-08-12T08:41:50,1,200,F,"'-08':3,11 '-12':12 '-13':4 '1':1 '1a':6 '200':8,9 '2026':2,10 '22286':5 '41':14 '50':15 'f':7 't08':13",,1A,22286,200,57887,2026-08-13
2026-08-12T08:41:50,1,1300,P,"'-08':3,11 '-12':12 '-13':4 '1':1 '1230':8 '1300':9 '2026':2,10 '21678':5 '2b':6 '41':14 '50':15 'p':7 't08':13",,2B,21678,1230,57892,2026-08-13
2026-08-12T08:41:50,1,1630,T,"'-08':3,12 '-12':13 '-13':4 '1':1 '1330':8 '1630':9 '2026':2,11 '21551':5 '3b':6 '41':15 '50':16 'dm':10 't08':14",Dm,3B,21551,1330,57893,2026-08-13
2026-08-12T08:41:50,1,1930,P,"'-08':3,11 '-12':12 '-13':4 '1':1 '1700':8 '1930':9 '2026':2,10 '30461':5 '3c':6 '41':14 '50':15 'p':7 't08':13",,3C,30461,1700,57894,2026-08-13
2026-08-12T08:41:50,1,2130,P,"'-08':3,12 '-12':13 '-13':4 '1':1 '2000':8 '2026':2,11 '2130':9 '30937':5 '41':15 '4b':6 '50':16 'em':10 'p':7 't08':14",EM,4B,30937,2000,57895,2026-08-13
2026-08-12T08:41:50,1,30,F,"'-08':3,11 '-12':12 '-13':4 '1':1 '1f':6 '2026':2,10 '24138':5 '30':8,9 '41':14 '50':15 'f':7 't08':13",,1F,24138,30,57886,2026-08-13
2026-08-12T08:41:50,1,2400,F,"'-08':3,11 '-12':12 '-13':4 '1':1 '2026':2,10 '2400':8,9 '24876':5 '41':14 '4c':6 '50':15 'f':7 't08':13",,4C,24876,2400,57896,2026-08-13
2026-08-13T08:43:31,1,2130,P,"'-08':3,11 '-13':12 '-14':4 '1':1 '2000':8 '2026':2,10 '2130':9 '28421':5 '31':15 '43':14 '4b':6 'p':7 't08':13",,4B,28421,2000,57906,2026-08-14
2026-08-13T08:43:31,1,30,F,"'-08':3,11 '-13':12 '-14':4 '1':1 '1f':6 '2026':2,10 '24642':5 '30':8,9 '31':15 '43':14 'f':7 't08':13",,1F,24642,30,57897,2026-08-14
2026-08-13T08:43:31,1,200,F,"'-08':3,11 '-13':12 '-14':4 '1':1 '1a':6 '200':8,9 '2026':2,10 '23499':5 '31':15 '43':14 'f':7 't08':13",,1A,23499,200,57898,2026-08-14
2026-08-13T08:43:31,1,400,F,"'-08':3,11 '-13':12 '-14':4 '1':1 '2026':2,10 '22162':5 '31':15 '4':6 '400':8,9 '43':14 'f':7 't08':13",,4,22162,400,57899,2026-08-14
2026-08-13T08:43:31,1,730,T,"'-08':3,12 '-13':13 '-14':4 '1':1 '1b':6 '2026':2,11 '21280':5 '31':16 '43':15 '430':8 '730':9 'om':10 't08':14",Om,1B,21280,430,57900,2026-08-14
2026-08-13T08:43:31,1,800,F,"'-08':3,11 '-13':12 '-14':4 '1':1 '2026':2,10 '26100':5 '2f':6 '31':15 '43':14 '800':8,9 'f':7 't08':13",,2F,26100,800,57901,2026-08-14
2026-08-13T08:43:31,1,1200,P,"'-08':3,12 '-13':13 '-14':4 '1':1 '1200':9 '2026':2,11 '26694':5 '2a':6 '31':16 '43':15 '830':8 'dm':10 'p':7 't08':14",DM,2A,26694,830,57902,2026-08-14
2026-08-13T08:43:31,1,1300,P,"'-08':3,11 '-13':12 '-14':4 '1':1 '1230':8 '1300':9 '2026':2,10 '22997':5 '2b':6 '31':15 '43':14 'p':7 't08':13",,2B,22997,1230,57903,2026-08-14
2026-08-13T08:43:31,1,1630,T,"'-08':3,12 '-13':13 '-14':4 '1':1 '1330':8 '1630':9 '2026':2,11 '22044':5 '31':16 '3b':6 '43':15 'dm':10 't08':14",Dm,3B,22044,1330,57904,2026-08-14
2026-08-13T08:43:31,1,1930,P,"'-08':3,12 '-13':13 '-14':4 '1':1 '1700':8 '1930':9 '2026':2,11 '28511':5 '31':16 '3c':6 '43':15 'em':10 'p':7 't08':14",EM,3C,28511,1700,57905,2026-08-14
2026-08-13T08:43:31,1,2400,F,"'-08':3,11 '-13':12 '-14':4 '1':1 '2026':2,10 '23881':5 '2400':8,9 '31':15 '43':14 '4c':6 'f':7 't08':13",,4C,23881,2400,57907,2026-08-14
2026-08-14T08:34:46,1,800,F,"'-08':3,11 '-14':12 '-15':4 '1':1 '2026':2,10 '20721':5 '2f':6 '34':14 '46':15 '800':8,9 'f':7 't08':13",,2F,20721,800,57912,2026-08-15
2026-08-14T08:34:46,1,2400,F,"'-08':3,11 '-14':12 '-15':4 '1':1 '2026':2,10 '22332':5 '2400':8,9 '34':14 '46':15 '4c':6 'f':7 't08':13",,4C,22332,2400,57918,2026-08-15
2026-08-14T08:34:46,1,30,F,"'-08':3,11 '-14':12 '-15':4 '1':1 '1f':6 '2026':2,10 '23705':5 '30':8,9 '34':14 '46':15 'f':7 't08':13",,1F,23705,30,57908,2026-08-15
2026-08-14T08:34:46,1,200,F,"'-08':3,11 '-14':12 '-15':4 '1':1 '1a':6 '200':8,9 '2026':2,10 '22593':5 '34':14 '46':15 'f':7 't08':13",,1A,22593,200,57909,2026-08-15
2026-08-14T08:34:46,1,400,F,"'-08':3,11 '-14':12 '-15':4 '1':1 '2026':2,10 '20437':5 '34':14 '4':6 '400':8,9 '46':15 'f':7 't08':13",,4,20437,400,57910,2026-08-15
2026-08-14T08:34:46,1,730,T,"'-08':3,12 '-14':13 '-15':4 '1':1 '19390':5 '1b':6 '2026':2,11 '34':15 '430':8 '46':16 '730':9 'om':10 't08':14",Om,1B,19390,430,57911,2026-08-15
2026-08-14T08:34:46,1,1200,P,"'-08':3,12 '-14':13 '-15':4 '1':1 '1200':9 '2026':2,11 '21490':5 '2a':6 '34':15 '46':16 '830':8 'dm':10 'p':7 't08':14",DM,2A,21490,830,57913,2026-08-15
2026-08-14T08:34:46,1,1300,P,"'-08':3,11 '-14':12 '-15':4 '1':1 '1230':8 '1300':9 '17875':5 '2026':2,10 '2b':6 '34':14 '46':15 'p':7 't08':13",,2B,17875,1230,57914,2026-08-15
2026-08-14T08:34:46,1,1630,T,"'-08':3,12 '-14':13 '-15':4 '1':1 '1330':8 '1630':9 '16765':5 '2026':2,11 '34':15 '3b':6 '46':16 'dm':10 't08':14",Dm,3B,16765,1330,57915,2026-08-15
2026-08-14T08:34:46,1,1930,P,"'-08':3,11 '-14':12 '-15':4 '1':1 '1700':8 '1930':9 '2026':2,10 '25242':5 '34':14 '3c':6 '46':15 'p':7 't08':13",,3C,25242,1700,57916,2026-08-15
2026-08-14T08:34:46,1,2130,P,"'-08':3,12 '-14':13 '-15':4 '1':1 '2000':8 '2026':2,11 '2130':9 '25904':5 '34':15 '46':16 '4b':6 'em':10 'p':7 't08':14",EM,4B,25904,2000,57917,2026-08-15
2026-08-15T08:30:43,1,30,F,"'-08':3,11 '-15':12 '-16':4 '1':1 '1f':6 '2026':2,10 '22005':5 '30':8,9,14 '43':15 'f':7 't08':13",,1F,22005,30,57919,2026-08-16
2026-08-15T08:30:43,1,200,F,"'-08':3,11 '-15':12 '-16':4 '1':1 '1a':6 '200':8,9 '2026':2,10 '21019':5 '30':14 '43':15 'f':7 't08':13",,1A,21019,200,57920,2026-08-16
2026-08-15T08:30:43,1,400,F,"'-08':3,11 '-15':12 '-16':4 '1':1 '19173':5 '2026':2,10 '30':14 '4':6 '400':8,9 '43':15 'f':7 't08':13",,4,19173,400,57921,2026-08-16
2026-08-15T08:30:43,1,730,T,"'-08':3,12 '-15':13 '-16':4 '1':1 '18496':5 '1b':6 '2026':2,11 '30':15 '43':16 '430':8 '730':9 'om':10 't08':14",Om,1B,18496,430,57922,2026-08-16
2026-08-15T08:30:43,1,800,F,"'-08':3,11 '-15':12 '-16':4 '1':1 '19360':5 '2026':2,10 '2f':6 '30':14 '43':15 '800':8,9 'f':7 't08':13",,2F,19360,800,57923,2026-08-16
2026-08-15T08:30:43,1,1200,P,"'-08':3,12 '-15':13 '-16':4 '1':1 '1200':9 '20092':5 '2026':2,11 '2a':6 '30':15 '43':16 '830':8 'dm':10 'p':7 't08':14",DM,2A,20092,830,57924,2026-08-16
2026-08-15T08:30:43,1,1300,P,"'-08':3,11 '-15':12 '-16':4 '1':1 '1230':8 '1300':9 '19082':5 '2026':2,10 '2b':6 '30':14 '43':15 'p':7 't08':13",,2B,19082,1230,57925,2026-08-16
2026-08-15T08:30:43,1,1630,T,"'-08':3,12 '-15':13 '-16':4 '1':1 '1330':8 '1630':9 '18371':5 '2026':2,11 '30':15 '3b':6 '43':16 'dm':10 't08':14",Dm,3B,18371,1330,57926,2026-08-16
2026-08-15T08:30:43,1,1930,P,"'-08':3,11 '-15':12 '-16':4 '1':1 '1700':8 '1930':9 '2026':2,10 '26120':5 '30':14 '3c':6 '43':15 'p':7 't08':13",,3C,26120,1700,57927,2026-08-16
2026-08-15T08:30:43,1,2130,P,"'-08':3,12 '-15':13 '-16':4 '1':1 '2000':8 '2026':2,11 '2130':9 '26905':5 '30':15 '43':16 '4b':6 'em':10 'p':7 't08':14",EM,4B,26905,2000,57928,2026-08-16
2026-08-15T08:30:43,1,2400,F,"'-08':3,11 '-15':12 '-16':4 '1':1 '2026':2,10 '22676':5 '2400':8,9 '30':14 '43':15 '4c':6 'f':7 't08':13",,4C,22676,2400,57929,2026-08-16
2026-08-15T11:11:23,1,30,F,"'-08':3,11 '-15':12 '-16':4 '1':1 '11':14 '1f':6 '2026':2,10 '22013':5 '23':15 '30':8,9 'f':7 't11':13",,1F,22013,30,57930,2026-08-16
2026-08-15T11:11:23,1,200,F,"'-08':3,11 '-15':12 '-16':4 '1':1 '11':14 '1a':6 '200':8,9 '2026':2,10 '20993':5 '23':15 'f':7 't11':13",,1A,20993,200,57931,2026-08-16
2026-08-15T11:11:23,1,400,F,"'-08':3,11 '-15':12 '-16':4 '1':1 '11':14 '19167':5 '2026':2,10 '23':15 '4':6 '400':8,9 'f':7 't11':13",,4,19167,400,57932,2026-08-16
2026-08-15T11:11:23,1,730,T,"'-08':3,12 '-15':13 '-16':4 '1':1 '11':15 '18508':5 '1b':6 '2026':2,11 '23':16 '430':8 '730':9 'om':10 't11':14",Om,1B,18508,430,57933,2026-08-16
2026-08-15T11:11:23,1,800,F,"'-08':3,11 '-15':12 '-16':4 '1':1 '11':14 '19535':5 '2026':2,10 '23':15 '2f':6 '800':8,9 'f':7 't11':13",,2F,19535,800,57934,2026-08-16
2026-08-15T11:11:23,1,1200,P,"'-08':3,12 '-15':13 '-16':4 '1':1 '11':15 '1200':9 '2026':2,11 '20447':5 '23':16 '2a':6 '830':8 'dm':10 'p':7 't11':14",DM,2A,20447,830,57935,2026-08-16
2026-08-15T11:11:23,1,1300,P,"'-08':3,11 '-15':12 '-16':4 '1':1 '11':14 '1230':8 '1300':9 '19323':5 '2026':2,10 '23':15 '2b':6 'p':7 't11':13",,2B,19323,1230,57936,2026-08-16
2026-08-15T11:11:23,1,1630,T,"'-08':3,12 '-15':13 '-16':4 '1':1 '11':15 '1330':8 '1630':9 '18706':5 '2026':2,11 '23':16 '3b':6 'dm':10 't11':14",Dm,3B,18706,1330,57937,2026-08-16
2026-08-15T11:11:23,1,1930,P,"'-08':3,11 '-15':12 '-16':4 '1':1 '11':14 '1700':8 '1930':9 '2026':2,10 '23':15 '26034':5 '3c':6 'p':7 't11':13",,3C,26034,1700,57938,2026-08-16
2026-08-15T11:11:23,1,2130,P,"'-08':3,12 '-15':13 '-16':4 '1':1 '11':15 '2000':8 '2026':2,11 '2130':9 '23':16 '26867':5 '4b':6 'em':10 'p':7 't11':14",EM,4B,26867,2000,57939,2026-08-16
2026-08-15T11:11:23,1,2400,F,"'-08':3,11 '-15':12 '-16':4 '1':1 '11':14 '2026':2,10 '22711':5 '23':15 '2400':8,9 '4c':6 'f':7 't11':13",,4C,22711,2400,57940,2026-08-16
2026-08-16T11:16:14,1,2130,P,"'-08':3,12 '-16':13 '-17':4 '1':1 '14':16 '16':15 '2000':8 '2026':2,11 '2130':9 '29370':5 '4b':6 'em':10 'p':7 't11':14",EM,4B,29370,2000,57961,2026-08-17
2026-08-16T08:34:20,1,30,F,"'-08':3,11 '-16':12 '-17':4 '1':1 '1f':6 '20':15 '2026':2,10 '22315':5 '30':8,9 '34':14 'f':7 't08':13",,1F,22315,30,57941,2026-08-17
2026-08-16T08:34:20,1,200,F,"'-08':3,11 '-16':12 '-17':4 '1':1 '1a':6 '20':15 '200':8,9 '2026':2,10 '21480':5 '34':14 'f':7 't08':13",,1A,21480,200,57942,2026-08-17
2026-08-16T08:34:20,1,400,F,"'-08':3,11 '-16':12 '-17':4 '1':1 '19677':5 '20':15 '2026':2,10 '34':14 '4':6 '400':8,9 'f':7 't08':13",,4,19677,400,57943,2026-08-17
2026-08-16T08:34:20,1,730,T,"'-08':3,12 '-16':13 '-17':4 '1':1 '19615':5 '1b':6 '20':16 '2026':2,11 '34':15 '430':8 '730':9 'om':10 't08':14",Om,1B,19615,430,57944,2026-08-17
2026-08-16T08:34:20,1,800,F,"'-08':3,11 '-16':12 '-17':4 '1':1 '20':15 '2026':2,10 '25196':5 '2f':6 '34':14 '800':8,9 'f':7 't08':13",,2F,25196,800,57945,2026-08-17
2026-08-16T08:34:20,1,1200,P,"'-08':3,12 '-16':13 '-17':4 '1':1 '1200':9 '20':16 '2026':2,11 '26717':5 '2a':6 '34':15 '830':8 'dm':10 'p':7 't08':14",DM,2A,26717,830,57946,2026-08-17
2026-08-16T08:34:20,1,1300,P,"'-08':3,11 '-16':12 '-17':4 '1':1 '1230':8 '1300':9 '20':15 '2026':2,10 '24744':5 '2b':6 '34':14 'p':7 't08':13",,2B,24744,1230,57947,2026-08-17
2026-08-16T08:34:20,1,1630,T,"'-08':3,12 '-16':13 '-17':4 '1':1 '1330':8 '1630':9 '20':16 '2026':2,11 '24389':5 '34':15 '3b':6 'dm':10 't08':14",Dm,3B,24389,1330,57948,2026-08-17
2026-08-16T08:34:20,1,1930,P,"'-08':3,11 '-16':12 '-17':4 '1':1 '1700':8 '1930':9 '20':15 '2026':2,10 '29045':5 '34':14 '3c':6 'p':7 't08':13",,3C,29045,1700,57949,2026-08-17
2026-08-16T08:34:20,1,2130,P,"'-08':3,12 '-16':13 '-17':4 '1':1 '20':16 '2000':8 '2026':2,11 '2130':9 '29364':5 '34':15 '4b':6 'em':10 'p':7 't08':14",EM,4B,29364,2000,57950,2026-08-17
2026-08-16T08:34:20,1,2400,F,"'-08':3,11 '-16':12 '-17':4 '1':1 '20':15 '2026':2,10 '22771':5 '2400':8,9 '34':14 '4c':6 'f':7 't08':13",,4C,22771,2400,57951,2026-08-17
2026-08-16T11:16:14,1,30,F,"'-08':3,11 '-16':12 '-17':4 '1':1 '14':15 '16':14 '1f':6 '2026':2,10 '22303':5 '30':8,9 'f':7 't11':13",,1F,22303,30,57952,2026-08-17
2026-08-16T11:16:14,1,200,F,"'-08':3,11 '-16':12 '-17':4 '1':1 '14':15 '16':14 '1a':6 '200':8,9 '2026':2,10 '21503':5 'f':7 't11':13",,1A,21503,200,57953,2026-08-17
2026-08-16T11:16:14,1,400,F,"'-08':3,11 '-16':12 '-17':4 '1':1 '14':15 '16':14 '19678':5 '2026':2,10 '4':6 '400':8,9 'f':7 't11':13",,4,19678,400,57954,2026-08-17
2026-08-16T11:16:14,1,730,T,"'-08':3,12 '-16':13 '-17':4 '1':1 '14':16 '16':15 '19611':5 '1b':6 '2026':2,11 '430':8 '730':9 'om':10 't11':14",Om,1B,19611,430,57955,2026-08-17
2026-08-16T11:16:14,1,800,F,"'-08':3,11 '-16':12 '-17':4 '1':1 '14':15 '16':14 '2026':2,10 '25197':5 '2f':6 '800':8,9 'f':7 't11':13",,2F,25197,800,57956,2026-08-17
2026-08-16T11:16:14,1,1200,P,"'-08':3,12 '-16':13 '-17':4 '1':1 '1200':9 '14':16 '16':15 '2026':2,11 '26714':5 '2a':6 '830':8 'dm':10 'p':7 't11':14",DM,2A,26714,830,57957,2026-08-17
2026-08-16T11:16:14,1,1300,P,"'-08':3,11 '-16':12 '-17':4 '1':1 '1230':8 '1300':9 '14':15 '16':14 '2026':2,10 '24602':5 '2b':6 'p':7 't11':13",,2B,24602,1230,57958,2026-08-17
2026-08-16T11:16:14,1,1630,T,"'-08':3,12 '-16':13 '-17':4 '1':1 '1330':8 '14':16 '16':15 '1630':9 '2026':2,11 '24330':5 '3b':6 'dm':10 't11':14",Dm,3B,24330,1330,57959,2026-08-17
2026-08-16T11:16:14,1,1930,P,"'-08':3,11 '-16':12 '-17':4 '1':1 '14':15 '16':14 '1700':8 '1930':9 '2026':2,10 '29000':5 '3c':6 'p':7 't11':13",,3C,29000,1700,57960,2026-08-17
2026-08-16T11:16:14,1,2400,F,"'-08':3,11 '-16':12 '-17':4 '1':1 '14':15 '16':14 '2026':2,10 '22805':5 '2400':8,9 '4c':6 'f':7 't11':13",,4C,22805,2400,57962,2026-08-17
2026-08-17T08:31:57,1,30,F,"'-08':3,11 '-17':12 '-18':4 '1':1 '1f':6 '2026':2,10 '22309':5 '30':8,9 '31':14 '57':15 'f':7 't08':13",,1F,22309,30,57963,2026-08-18
2026-08-17T08:31:57,1,200,F,"'-08':3,11 '-17':12 '-18':4 '1':1 '1a':6 '200':8,9 '2026':2,10 '21444':5 '31':14 '57':15 'f':7 't08':13",,1A,21444,200,57964,2026-08-18
2026-08-17T08:31:57,1,400,F,"'-08':3,11 '-17':12 '-18':4 '1':1 '19515':5 '2026':2,10 '31':14 '4':6 '400':8,9 '57':15 'f':7 't08':13",,4,19515,400,57965,2026-08-18
2026-08-17T08:31:57,1,730,T,"'-08':3,12 '-17':13 '-18':4 '1':1 '19072':5 '1b':6 '2026':2,11 '31':15 '430':8 '57':16 '730':9 'om':10 't08':14",Om,1B,19072,430,57966,2026-08-18
2026-08-17T08:31:57,1,800,F,"'-08':3,11 '-17':12 '-18':4 '1':1 '2026':2,10 '24859':5 '2f':6 '31':14 '57':15 '800':8,9 'f':7 't08':13",,2F,24859,800,57967,2026-08-18
2026-08-17T08:31:57,1,1200,P,"'-08':3,12 '-17':13 '-18':4 '1':1 '1200':9 '2026':2,11 '26666':5 '2a':6 '31':15 '57':16 '830':8 'dm':10 'p':7 't08':14",DM,2A,26666,830,57968,2026-08-18
2026-08-17T08:31:57,1,1300,P,"'-08':3,11 '-17':12 '-18':4 '1':1 '1230':8 '1300':9 '2026':2,10 '24510':5 '2b':6 '31':14 '57':15 'p':7 't08':13",,2B,24510,1230,57969,2026-08-18
2026-08-17T08:31:57,1,1630,T,"'-08':3,12 '-17':13 '-18':4 '1':1 '1330':8 '1630':9 '2026':2,11 '23040':5 '31':15 '3b':6 '57':16 'dm':10 't08':14",Dm,3B,23040,1330,57970,2026-08-18
2026-08-17T08:31:57,1,1930,P,"'-08':3,12 '-17':13 '-18':4 '1':1 '1700':8 '1930':9 '2026':2,11 '28621':5 '31':15 '3c':6 '57':16 'em':10 'p':7 't08':14",EM,3C,28621,1700,57971,2026-08-18
2026-08-17T08:31:57,1,2130,P,"'-08':3,11 '-17':12 '-18':4 '1':1 '2000':8 '2026':2,10 '2130':9 '28459':5 '31':14 '4b':6 '57':15 'p':7 't08':13",,4B,28459,2000,57972,2026-08-18
2026-08-17T08:31:57,1,2400,F,"'-08':3,11 '-17':12 '-18':4 '1':1 '2026':2,10 '22433':5 '2400':8,9 '31':14 '4c':6 '57':15 'f':7 't08':13",,4C,22433,2400,57973,2026-08-18
2026-08-18T08:29:41,1,30,F,"'-08':3,11 '-18':12 '-19':4 '1':1 '1f':6 '2026':2,10 '22024':5 '29':14 '30':8,9 '41':15 'f':7 't08':13",,1F,22024,30,57974,2026-08-19
2026-08-18T08:29:41,1,200,F,"'-08':3,11 '-18':12 '-19':4 '1':1 '1a':6 '200':8,9 '2026':2,10 '21227':5 '29':14 '41':15 'f':7 't08':13",,1A,21227,200,57975,2026-08-19
2026-08-18T08:29:41,1,400,F,"'-08':3,11 '-18':12 '-19':4 '1':1 '19787':5 '2026':2,10 '29':14 '4':6 '400':8,9 '41':15 'f':7 't08':13",,4,19787,400,57976,2026-08-19
2026-08-18T08:29:41,1,730,T,"'-08':3,12 '-18':13 '-19':4 '1':1 '19543':5 '1b':6 '2026':2,11 '29':15 '41':16 '430':8 '730':9 'om':10 't08':14",Om,1B,19543,430,57977,2026-08-19
2026-08-18T08:29:41,1,800,F,"'-08':3,11 '-18':12 '-19':4 '1':1 '2026':2,10 '23985':5 '29':14 '2f':6 '41':15 '800':8,9 'f':7 't08':13",,2F,23985,800,57978,2026-08-19
2026-08-18T08:29:41,1,1200,P,"'-08':3,12 '-18':13 '-19':4 '1':1 '1200':9 '2026':2,11 '25895':5 '29':15 '2a':6 '41':16 '830':8 'dm':10 'p':7 't08':14",DM,2A,25895,830,57979,2026-08-19
2026-08-18T08:29:41,1,1300,P,"'-08':3,11 '-18':12 '-19':4 '1':1 '1230':8 '1300':9 '2026':2,10 '23770':5 '29':14 '2b':6 '41':15 'p':7 't08':13",,2B,23770,1230,57980,2026-08-19
2026-08-18T08:29:41,1,1630,T,"'-08':3,12 '-18':13 '-19':4 '1':1 '1330':8 '1630':9 '2026':2,11 '22414':5 '29':15 '3b':6 '41':16 'dm':10 't08':14",Dm,3B,22414,1330,57981,2026-08-19
2026-08-18T08:29:41,1,1930,P,"'-08':3,11 '-18':12 '-19':4 '1':1 '1700':8 '1930':9 '2026':2,10 '27986':5 '29':14 '3c':6 '41':15 'p':7 't08':13",,3C,27986,1700,57982,2026-08-19
2026-08-18T08:29:41,1,2130,P,"'-08':3,12 '-18':13 '-19':4 '1':1 '2000':8 '2026':2,11 '2130':9 '28042':5 '29':15 '41':16 '4b':6 'em':10 'p':7 't08':14",EM,4B,28042,2000,57983,2026-08-19
2026-08-18T08:29:41,1,2400,F,"'-08':3,11 '-18':12 '-19':4 '1':1 '2026':2,10 '22395':5 '2400':8,9 '29':14 '41':15 '4c':6 'f':7 't08':13",,4C,22395,2400,57984,2026-08-19
2026-08-19T08:31:46,1,30,F,"'-08':3,11 '-19':12 '-20':4 '1':1 '1f':6 '2026':2,10 '22007':5 '30':8,9 '31':14 '46':15 'f':7 't08':13",,1F,22007,30,57985,2026-08-20
2026-08-19T08:31:46,1,200,F,"'-08':3,11 '-19':12 '-20':4 '1':1 '1a':6 '200':8,9 '2026':2,10 '20990':5 '31':14 '46':15 'f':7 't08':13",,1A,20990,200,57986,2026-08-20
2026-08-19T08:31:46,1,400,F,"'-08':3,11 '-19':12 '-20':4 '1':1 '19404':5 '2026':2,10 '31':14 '4':6 '400':8,9 '46':15 'f':7 't08':13",,4,19404,400,57987,2026-08-20
2026-08-19T08:31:46,1,730,T,"'-08':3,12 '-19':13 '-20':4 '1':1 '19066':5 '1b':6 '2026':2,11 '31':15 '430':8 '46':16 '730':9 'om':10 't08':14",Om,1B,19066,430,57988,2026-08-20
2026-08-19T08:31:46,1,800,F,"'-08':3,11 '-19':12 '-20':4 '1':1 '2026':2,10 '23298':5 '2f':6 '31':14 '46':15 '800':8,9 'f':7 't08':13",,2F,23298,800,57989,2026-08-20
2026-08-19T08:31:46,1,1200,P,"'-08':3,12 '-19':13 '-20':4 '1':1 '1200':9 '2026':2,11 '25349':5 '2a':6 '31':15 '46':16 '830':8 'dm':10 'p':7 't08':14",DM,2A,25349,830,57990,2026-08-20
2026-08-19T08:31:46,1,1300,P,"'-08':3,11 '-19':12 '-20':4 '1':1 '1230':8 '1300':9 '2026':2,10 '23809':5 '2b':6 '31':14 '46':15 'p':7 't08':13",,2B,23809,1230,57991,2026-08-20
2026-08-19T08:31:46,1,1630,T,"'-08':3,12 '-19':13 '-20':4 '1':1 '1330':8 '1630':9 '2026':2,11 '22491':5 '31':15 '3b':6 '46':16 'dm':10 't08':14",Dm,3B,22491,1330,57992,2026-08-20
2026-08-19T08:31:46,1,1930,P,"'-08':3,11 '-19':12 '-20':4 '1':1 '1700':8 '1930':9 '2026':2,10 '27982':5 '31':14 '3c':6 '46':15 'p':7 't08':13",,3C,27982,1700,57993,2026-08-20
2026-08-19T08:31:46,1,2130,P,"'-08':3,12 '-19':13 '-20':4 '1':1 '2000':8 '2026':2,11 '2130':9 '28041':5 '31':15 '46':16 '4b':6 'em':10 'p':7 't08':14",EM,4B,28041,2000,57994,2026-08-20
2026-08-19T08:31:46,1,2400,F,"'-08':3,11 '-19':12 '-20':4 '1':1 '2026':2,10 '21730':5 '2400':8,9 '31':14 '46':15 '4c':6 'f':7 't08':13",,4C,21730,2400,57995,2026-08-20
2026-08-20T08:39:41,1,30,F,"'-08':3,11 '-20':12 '-21':4 '1':1 '1f':6 '2026':2,10 '21443':5 '30':8,9 '39':14 '41':15 'f':7 't08':13",,1F,21443,30,57996,2026-08-21
2026-08-20T08:39:41,1,200,F,"'-08':3,11 '-20':12 '-21':4 '1':1 '1a':6 '200':8,9 '2026':2,10 '20586':5 '39':14 '41':15 'f':7 't08':13",,1A,20586,200,57997,2026-08-21
2026-08-20T08:39:41,1,400,F,"'-08':3,11 '-20':12 '-21':4 '1':1 '19336':5 '2026':2,10 '39':14 '4':6 '400':8,9 '41':15 'f':7 't08':13",,4,19336,400,57998,2026-08-21
2026-08-20T08:39:41,1,730,T,"'-08':3,12 '-20':13 '-21':4 '1':1 '18692':5 '1b':6 '2026':2,11 '39':15 '41':16 '430':8 '730':9 'om':10 't08':14",Om,1B,18692,430,57999,2026-08-21
2026-08-20T08:39:41,1,800,F,"'-08':3,11 '-20':12 '-21':4 '1':1 '2026':2,10 '23217':5 '2f':6 '39':14 '41':15 '800':8,9 'f':7 't08':13",,2F,23217,800,58000,2026-08-21
2026-08-20T08:39:41,1,1200,P,"'-08':3,12 '-20':13 '-21':4 '1':1 '1200':9 '2026':2,11 '24377':5 '2a':6 '39':15 '41':16 '830':8 'dm':10 'p':7 't08':14",DM,2A,24377,830,58001,2026-08-21
2026-08-20T08:39:41,1,1300,P,"'-08':3,11 '-20':12 '-21':4 '1':1 '1230':8 '1300':9 '2026':2,10 '21176':5 '2b':6 '39':14 '41':15 'p':7 't08':13",,2B,21176,1230,58002,2026-08-21
2026-08-20T08:39:41,1,1630,T,"'-08':3,12 '-20':13 '-21':4 '1':1 '1330':8 '1630':9 '2026':2,11 '20868':5 '39':15 '3b':6 '41':16 'dm':10 't08':14",Dm,3B,20868,1330,58003,2026-08-21
2026-08-20T08:39:41,1,1930,P,"'-08':3,11 '-20':12 '-21':4 '1':1 '1700':8 '1930':9 '2026':2,10 '26357':5 '39':14 '3c':6 '41':15 'p':7 't08':13",,3C,26357,1700,58004,2026-08-21
2026-08-20T08:39:41,1,2130,P,"'-08':3,12 '-20':13 '-21':4 '1':1 '2000':8 '2026':2,11 '2130':9 '27159':5 '39':15 '41':16 '4b':6 'em':10 'p':7 't08':14",EM,4B,27159,2000,58005,2026-08-21
2026-08-20T08:39:41,1,2400,F,"'-08':3,11 '-20':12 '-21':4 '1':1 '2026':2,10 '21588':5 '2400':8,9 '39':14 '41':15 '4c':6 'f':7 't08':13",,4C,21588,2400,58006,2026-08-21
2026-08-21T08:53:37,1,400,F,"'-08':3,11 '-21':12 '-22':4 '1':1 '18571':5 '2026':2,10 '37':15 '4':6 '400':8,9 '53':14 'f':7 't08':13",,4,18571,400,58009,2026-08-22
2026-08-21T08:53:37,1,30,F,"'-08':3,11 '-21':12 '-22':4 '1':1 '1f':6 '2026':2,10 '21581':5 '30':8,9 '37':15 '53':14 'f':7 't08':13",,1F,21581,30,58007,2026-08-22
2026-08-21T08:53:37,1,200,F,"'-08':3,11 '-21':12 '-22':4 '1':1 '1a':6 '200':8,9 '2026':2,10 '20478':5 '37':15 '53':14 'f':7 't08':13",,1A,20478,200,58008,2026-08-22
2026-08-21T08:53:37,1,730,T,"'-08':3,12 '-21':13 '-22':4 '1':1 '18158':5 '1b':6 '2026':2,11 '37':16 '430':8 '53':15 '730':9 'om':10 't08':14",Om,1B,18158,430,58010,2026-08-22
2026-08-21T08:53:37,1,800,F,"'-08':3,11 '-21':12 '-22':4 '1':1 '19099':5 '2026':2,10 '2f':6 '37':15 '53':14 '800':8,9 'f':7 't08':13",,2F,19099,800,58011,2026-08-22
2026-08-21T08:53:37,1,1200,P,"'-08':3,12 '-21':13 '-22':4 '1':1 '1200':9 '19861':5 '2026':2,11 '2a':6 '37':16 '53':15 '830':8 'dm':10 'p':7 't08':14",DM,2A,19861,830,58012,2026-08-22
2026-08-21T08:53:37,1,1300,P,"'-08':3,11 '-21':12 '-22':4 '1':1 '1230':8 '1300':9 '17522':5 '2026':2,10 '2b':6 '37':15 '53':14 'p':7 't08':13",,2B,17522,1230,58013,2026-08-22
2026-08-21T08:53:37,1,1630,T,"'-08':3,12 '-21':13 '-22':4 '1':1 '1330':8 '1630':9 '16987':5 '2026':2,11 '37':16 '3b':6 '53':15 'dm':10 't08':14",Dm,3B,16987,1330,58014,2026-08-22
2026-08-21T08:53:37,1,1930,P,"'-08':3,11 '-21':12 '-22':4 '1':1 '1700':8 '1930':9 '2026':2,10 '24673':5 '37':15 '3c':6 '53':14 'p':7 't08':13",,3C,24673,1700,58015,2026-08-22
2026-08-21T08:53:37,1,2130,P,"'-08':3,12 '-21':13 '-22':4 '1':1 '2000':8 '2026':2,11 '2130':9 '25176':5 '37':16 '4b':6 '53':15 'em':10 'p':7 't08':14",EM,4B,25176,2000,58016,2026-08-22
2026-08-21T08:53:37,1,2400,F,"'-08':3,11 '-21':12 '-22':4 '1':1 '2026':2,10 '21144':5 '2400':8,9 '37':15 '4c':6 '53':14 'f':7 't08':13",,4C,21144,2400,58017,2026-08-22
2026-08-22T08:43:30,1,30,F,"'-08':3,11 '-22':12 '-23':4 '1':1 '1f':6 '2026':2,10 '21052':5 '30':8,9,15 '43':14 'f':7 't08':13",,1F,21052,30,58018,2026-08-23
2026-08-22T08:43:30,1,200,F,"'-08':3,11 '-22':12 '-23':4 '1':1 '19967':5 '1a':6 '200':8,9 '2026':2,10 '30':15 '43':14 'f':7 't08':13",,1A,19967,200,58019,2026-08-23
2026-08-22T08:43:30,1,400,F,"'-08':3,11 '-22':12 '-23':4 '1':1 '18515':5 '2026':2,10 '30':15 '4':6 '400':8,9 '43':14 'f':7 't08':13",,4,18515,400,58020,2026-08-23
2026-08-22T08:43:30,1,730,T,"'-08':3,12 '-22':13 '-23':4 '1':1 '17652':5 '1b':6 '2026':2,11 '30':16 '43':15 '430':8 '730':9 'om':10 't08':14",Om,1B,17652,430,58021,2026-08-23
2026-08-22T08:43:30,1,800,F,"'-08':3,12 '-22':13 '-23':4 '1':1 '17925':5 '2026':2,11 '2f':6 '30':16 '43':15 '800':8,9 'dm':10 'f':7 't08':14",DM,2F,17925,800,58022,2026-08-23
2026-08-22T08:43:30,1,1200,P,"'-08':3,11 '-22':12 '-23':4 '1':1 '1200':9 '17691':5 '2026':2,10 '2a':6 '30':15 '43':14 '830':8 'p':7 't08':13",,2A,17691,830,58023,2026-08-23
2026-08-22T08:43:30,1,1300,P,"'-08':3,11 '-22':12 '-23':4 '1':1 '1230':8 '1300':9 '16398':5 '2026':2,10 '2b':6 '30':15 '43':14 'p':7 't08':13",,2B,16398,1230,58024,2026-08-23
2026-08-22T08:43:30,1,1630,T,"'-08':3,12 '-22':13 '-23':4 '1':1 '1330':8 '1630':9 '16591':5 '2026':2,11 '30':16 '3b':6 '43':15 'dm':10 't08':14",Dm,3B,16591,1330,58025,2026-08-23
2026-08-22T08:43:30,1,1930,P,"'-08':3,11 '-22':12 '-23':4 '1':1 '1700':8 '1930':9 '2026':2,10 '25967':5 '30':15 '3c':6 '43':14 'p':7 't08':13",,3C,25967,1700,58026,2026-08-23
2026-08-22T08:43:30,1,2130,P,"'-08':3,12 '-22':13 '-23':4 '1':1 '2000':8 '2026':2,11 '2130':9 '26029':5 '30':16 '43':15 '4b':6 'em':10 'p':7 't08':14",EM,4B,26029,2000,58027,2026-08-23
2026-08-22T08:43:30,1,2400,F,"'-08':3,11 '-22':12 '-23':4 '1':1 '2026':2,10 '21279':5 '2400':8,9 '30':15 '43':14 '4c':6 'f':7 't08':13",,4C,21279,2400,58028,2026-08-23
2026-08-23T08:45:05,1,30,F,"'-08':3,11 '-23':12 '-24':4 '05':15 '1':1 '1f':6 '2026':2,10 '20943':5 '30':8,9 '45':14 'f':7 't08':13",,1F,20943,30,58029,2026-08-24
2026-08-23T08:45:05,1,200,F,"'-08':3,11 '-23':12 '-24':4 '05':15 '1':1 '1a':6 '200':8,9 '20242':5 '2026':2,10 '45':14 'f':7 't08':13",,1A,20242,200,58030,2026-08-24
2026-08-23T08:45:05,1,400,F,"'-08':3,11 '-23':12 '-24':4 '05':15 '1':1 '18761':5 '2026':2,10 '4':6 '400':8,9 '45':14 'f':7 't08':13",,4,18761,400,58031,2026-08-24
2026-08-23T08:45:05,1,730,T,"'-08':3,12 '-23':13 '-24':4 '05':16 '1':1 '18570':5 '1b':6 '2026':2,11 '430':8 '45':15 '730':9 'om':10 't08':14",Om,1B,18570,430,58032,2026-08-24
2026-08-23T08:45:05,1,800,F,"'-08':3,11 '-23':12 '-24':4 '05':15 '1':1 '2026':2,10 '23389':5 '2f':6 '45':14 '800':8,9 'f':7 't08':13",,2F,23389,800,58033,2026-08-24
2026-08-23T08:45:05,1,1200,P,"'-08':3,12 '-23':13 '-24':4 '05':16 '1':1 '1200':9 '2026':2,11 '24269':5 '2a':6 '45':15 '830':8 'dm':10 'p':7 't08':14",DM,2A,24269,830,58034,2026-08-24
2026-08-23T08:45:05,1,1300,P,"'-08':3,11 '-23':12 '-24':4 '05':15 '1':1 '1230':8 '1300':9 '2026':2,10 '20328':5 '2b':6 '45':14 'p':7 't08':13",,2B,20328,1230,58035,2026-08-24
2026-08-23T08:45:05,1,1630,T,"'-08':3,12 '-23':13 '-24':4 '05':16 '1':1 '1330':8 '1630':9 '19654':5 '2026':2,11 '3b':6 '45':15 'dm':10 't08':14",Dm,3B,19654,1330,58036,2026-08-24
2026-08-23T08:45:05,1,1930,P,"'-08':3,12 '-23':13 '-24':4 '05':16 '1':1 '1700':8 '1930':9 '2026':2,11 '27994':5 '3c':6 '45':15 'em':10 'p':7 't08':14",EM,3C,27994,1700,58037,2026-08-24
2026-08-23T08:45:05,1,2130,P,"'-08':3,11 '-23':12 '-24':4 '05':15 '1':1 '2000':8 '2026':2,10 '2130':9 '27842':5 '45':14 '4b':6 'p':7 't08':13",,4B,27842,2000,58038,2026-08-24
2026-08-23T08:45:05,1,2400,F,"'-08':3,11 '-23':12 '-24':4 '05':15 '1':1 '2026':2,10 '21243':5 '2400':8,9 '45':14 '4c':6 'f':7 't08':13",,4C,21243,2400,58039,2026-08-24
2026-08-24T08:40:40,1,30,F,"'-08':3,11 '-24':12 '-25':4 '1':1 '1f':6 '2026':2,10 '21097':5 '30':8,9 '40':14,15 'f':7 't08':13",,1F,21097,30,58040,2026-08-25
2026-08-24T08:40:40,1,130,T,"'-08':3,11 '-24':12 '-25':4 '1':1 '100':8 '130':9 '1s':6 '2026':2,10 '20476':5 '40':14,15 't08':13",,1S,20476,100,58041,2026-08-25
2026-08-24T08:40:40,1,200,F,"'-08':3,11 '-24':12 '-25':4 '1':1 '1a':6 '200':8,9 '2026':2,10 '20443':5 '40':14,15 'f':7 't08':13",,1A,20443,200,58042,2026-08-25
2026-08-24T08:40:40,1,400,F,"'-08':3,11 '-24':12 '-25':4 '1':1 '18849':5 '2026':2,10 '4':6 '40':14,15 '400':8,9 'f':7 't08':13",,4,18849,400,58043,2026-08-25
2026-08-24T08:40:40,1,730,T,"'-08':3,12 '-24':13 '-25':4 '1':1 '18596':5 '1b':6 '2026':2,11 '40':15,16 '430':8 '730':9 'om':10 't08':14",Om,1B,18596,430,58044,2026-08-25
2026-08-24T08:40:40,1,800,F,"'-08':3,11 '-24':12 '-25':4 '1':1 '2026':2,10 '23543':5 '2f':6 '40':14,15 '800':8,9 'f':7 't08':13",,2F,23543,800,58045,2026-08-25
2026-08-24T08:40:40,1,1200,P,"'-08':3,12 '-24':13 '-25':4 '1':1 '1200':9 '2026':2,11 '24754':5 '2a':6 '40':15,16 '830':8 'dm':10 'p':7 't08':14",DM,2A,24754,830,58046,2026-08-25
2026-08-24T08:40:40,1,1300,P,"'-08':3,11 '-24':12 '-25':4 '1':1 '1230':8 '1300':9 '2026':2,10 '20435':5 '2b':6 '40':14,15 'p':7 't08':13",,2B,20435,1230,58047,2026-08-25
2026-08-24T08:40:40,1,1630,T,"'-08':3,12 '-24':13 '-25':4 '1':1 '1330':8 '1630':9 '20165':5 '2026':2,11 '3b':6 '40':15,16 'dm':10 't08':14",Dm,3B,20165,1330,58048,2026-08-25
2026-08-24T08:40:40,1,1930,P,"'-08':3,12 '-24':13 '-25':4 '1':1 '1700':8 '1930':9 '2026':2,11 '28198':5 '3c':6 '40':15,16 'em':10 'p':7 't08':14",EM,3C,28198,1700,58049,2026-08-25
2026-08-24T08:40:40,1,1930,P,"'-08':3,12 '-24':13 '-25':4 '1':1 '1700':8 '1930':9 '2026':2,11 '28198':5 '40':15,16 'dp':6 'em':10 'p':7 't08':14",EM,DP,28198,1700,58050,2026-08-25
2026-08-24T08:40:40,1,2130,P,"'-08':3,11 '-24':12 '-25':4 '1':1 '2000':8 '2026':2,10 '2130':9 '28151':5 '40':14,15 '4b':6 'p':7 't08':13",,4B,28151,2000,58051,2026-08-25
2026-08-24T08:40:40,1,2400,F,"'-08':3,11 '-24':12 '-25':4 '1':1 '2026':2,10 '21908':5 '2400':8,9 '40':14,15 '4c':6 'f':7 't08':13",,4C,21908,2400,58052,2026-08-25
2026-08-25T08:40:40,1,30,F,"'-08':3,11 '-25':12 '-26':4 '1':1 '1f':6 '2026':2,10 '21866':5 '30':8,9 '40':14,15 'f':7 't08':13",,1F,21866,30,58053,2026-08-26
2026-08-25T08:40:40,1,200,F,"'-08':3,11 '-25':12 '-26':4 '1':1 '1a':6 '200':8,9 '2026':2,10 '20661':5 '40':14,15 'f':7 't08':13",,1A,20661,200,58054,2026-08-26
2026-08-25T08:40:40,1,730,T,"'-08':3,12 '-25':13 '-26':4 '1':1 '19097':5 '1b':6 '2026':2,11 '40':15,16 '430':8 '730':9 'om':10 't08':14",Om,1B,19097,430,58055,2026-08-26
2026-08-25T08:40:40,1,1200,P,"'-08':3,12 '-25':13 '-26':4 '1':1 '1200':9 '2026':2,11 '25982':5 '2a':6 '40':15,16 '830':8 'dm':10 'p':7 't08':14",DM,2A,25982,830,58056,2026-08-26
2026-08-25T08:40:40,1,1300,P,"'-08':3,11 '-25':12 '-26':4 '1':1 '1230':8 '1300':9 '2026':2,10 '23023':5 '2b':6 '40':14,15 'p':7 't08':13",,2B,23023,1230,58057,2026-08-26
2026-08-25T08:40:40,1,1630,T,"'-08':3,12 '-25':13 '-26':4 '1':1 '1330':8 '1630':9 '2026':2,11 '22150':5 '3b':6 '40':15,16 'dm':10 't08':14",Dm,3B,22150,1330,58058,2026-08-26
2026-08-25T08:40:40,1,1930,P,"'-08':3,11 '-25':12 '-26':4 '1':1 '1700':8 '1930':9 '2026':2,10 '29267':5 '3c':6 '40':14,15 'p':7 't08':13",,3C,29267,1700,58059,2026-08-26
2026-08-25T08:40:40,1,2130,P,"'-08':3,12 '-25':13 '-26':4 '1':1 '2000':8 '2026':2,11 '2130':9 '29282':5 '40':15,16 '4b':6 'em':10 'p':7 't08':14",EM,4B,29282,2000,58060,2026-08-26
2026-08-25T08:40:40,1,2400,F,"'-08':3,11 '-25':12 '-26':4 '1':1 '2026':2,10 '22095':5 '2400':8,9 '40':14,15 '4c':6 'f':7 't08':13",,4C,22095,2400,58061,2026-08-26
2026-08-26T08:44:14,1,30,F,"'-08':3,11 '-26':12 '-27':4 '1':1 '14':15 '1f':6 '2026':2,10 '22480':5 '30':8,9 '44':14 'f':7 't08':13",,1F,22480,30,58062,2026-08-27
2026-08-26T08:44:14,1,200,F,"'-08':3,11 '-26':12 '-27':4 '1':1 '14':15 '1a':6 '200':8,9 '2026':2,10 '21142':5 '44':14 'f':7 't08':13",,1A,21142,200,58063,2026-08-27
2026-08-26T08:44:14,1,730,T,"'-08':3,12 '-26':13 '-27':4 '1':1 '14':16 '19775':5 '1b':6 '2026':2,11 '430':8 '44':15 '730':9 'om':10 't08':14",Om,1B,19775,430,58064,2026-08-27
2026-08-26T08:44:14,1,800,F,"'-08':3,11 '-26':12 '-27':4 '1':1 '14':15 '2026':2,10 '25081':5 '2f':6 '44':14 '800':8,9 'f':7 't08':13",,2F,25081,800,58065,2026-08-27
2026-08-26T08:44:14,1,1200,P,"'-08':3,12 '-26':13 '-27':4 '1':1 '1200':9 '14':16 '2026':2,11 '26962':5 '2a':6 '44':15 '830':8 'dm':10 'p':7 't08':14",DM,2A,26962,830,58066,2026-08-27
2026-08-26T08:44:14,1,1300,P,"'-08':3,11 '-26':12 '-27':4 '1':1 '1230':8 '1300':9 '14':15 '2026':2,10 '26343':5 '2b':6 '44':14 'p':7 't08':13",,2B,26343,1230,58067,2026-08-27
2026-08-26T08:44:14,1,1630,T,"'-08':3,12 '-26':13 '-27':4 '1':1 '1330':8 '14':16 '1630':9 '2026':2,11 '24484':5 '3b':6 '44':15 'dm':10 't08':14",Dm,3B,24484,1330,58068,2026-08-27
2026-08-26T08:44:14,1,1930,P,"'-08':3,11 '-26':12 '-27':4 '1':1 '14':15 '1700':8 '1930':9 '2026':2,10 '29114':5 '3c':6 '44':14 'p':7 't08':13",,3C,29114,1700,58069,2026-08-27
2026-08-26T08:44:14,1,2130,P,"'-08':3,12 '-26':13 '-27':4 '1':1 '14':16 '2000':8 '2026':2,11 '2130':9 '29167':5 '44':15 '4b':6 'em':10 'p':7 't08':14",EM,4B,29167,2000,58070,2026-08-27
2026-08-26T08:44:14,1,2400,F,"'-08':3,11 '-26':12 '-27':4 '1':1 '14':15 '2026':2,10 '22299':5 '2400':8,9 '44':14 '4c':6 'f':7 't08':13",,4C,22299,2400,58071,2026-08-27
2026-08-27T08:34:45,1,30,F,"'-08':3,11 '-27':12 '-28':4 '1':1 '1f':6 '2026':2,10 '22969':5 '30':8,9 '34':14 '45':15 'f':7 't08':13",,1F,22969,30,58072,2026-08-28
2026-08-27T08:34:45,1,200,F,"'-08':3,11 '-27':12 '-28':4 '1':1 '1a':6 '200':8,9 '2026':2,10 '21907':5 '34':14 '45':15 'f':7 't08':13",,1A,21907,200,58073,2026-08-28
2026-08-27T08:34:45,1,730,T,"'-08':3,12 '-27':13 '-28':4 '1':1 '19582':5 '1b':6 '2026':2,11 '34':15 '430':8 '45':16 '730':9 'om':10 't08':14",Om,1B,19582,430,58074,2026-08-28
2026-08-27T08:34:45,1,800,F,"'-08':3,11 '-27':12 '-28':4 '1':1 '2026':2,10 '24148':5 '2f':6 '34':14 '45':15 '800':8,9 'f':7 't08':13",,2F,24148,800,58075,2026-08-28
2026-08-27T08:34:45,1,1200,P,"'-08':3,12 '-27':13 '-28':4 '1':1 '1200':9 '2026':2,11 '25646':5 '2a':6 '34':15 '45':16 '830':8 'dm':10 'p':7 't08':14",DM,2A,25646,830,58076,2026-08-28
2026-08-27T08:34:45,1,1300,P,"'-08':3,11 '-27':12 '-28':4 '1':1 '1230':8 '1300':9 '2026':2,10 '24043':5 '2b':6 '34':14 '45':15 'p':7 't08':13",,2B,24043,1230,58077,2026-08-28
2026-08-27T08:34:45,1,1630,T,"'-08':3,12 '-27':13 '-28':4 '1':1 '1330':8 '1630':9 '2026':2,11 '22760':5 '34':15 '3b':6 '45':16 'dm':10 't08':14",Dm,3B,22760,1330,58078,2026-08-28
2026-08-27T08:34:45,1,1930,P,"'-08':3,11 '-27':12 '-28':4 '1':1 '1700':8 '1930':9 '2026':2,10 '26373':5 '34':14 '3c':6 '45':15 'p':7 't08':13",,3C,26373,1700,58079,2026-08-28
2026-08-27T08:34:45,1,2130,P,"'-08':3,12 '-27':13 '-28':4 '1':1 '2000':8 '2026':2,11 '2130':9 '27176':5 '34':15 '45':16 '4b':6 'em':10 'p':7 't08':14",EM,4B,27176,2000,58080,2026-08-28
2026-08-27T08:34:45,1,2400,F,"'-08':3,11 '-27':12 '-28':4 '1':1 '2026':2,10 '21329':5 '2400':8,9 '34':14 '45':15 '4c':6 'f':7 't08':13",,4C,21329,2400,58081,2026-08-28
2026-08-28T08:43:56,1,30,F,"'-08':3,11 '-28':12 '-29':4 '1':1 '1f':6 '2026':2,10 '20919':5 '30':8,9 '43':14 '56':15 'f':7 't08':13",,1F,20919,30,58082,2026-08-29
2026-08-28T08:43:56,1,200,F,"'-08':3,11 '-28':12 '-29':4 '1':1 '19940':5 '1a':6 '200':8,9 '2026':2,10 '43':14 '56':15 'f':7 't08':13",,1A,19940,200,58083,2026-08-29
2026-08-28T08:43:56,1,730,T,"'-08':3,12 '-28':13 '-29':4 '1':1 '18036':5 '1b':6 '2026':2,11 '43':15 '430':8 '56':16 '730':9 'om':10 't08':14",Om,1B,18036,430,58084,2026-08-29
2026-08-28T08:43:56,1,800,F,"'-08':3,11 '-28':12 '-29':4 '1':1 '2026':2,10 '21211':5 '2f':6 '43':14 '56':15 '800':8,9 'f':7 't08':13",,2F,21211,800,58085,2026-08-29
2026-08-28T08:43:56,1,1200,P,"'-08':3,11 '-28':12 '-29':4 '1':1 '1200':9 '2026':2,10 '23426':5 '2a':6 '43':14 '56':15 '830':8 'p':7 't08':13",,2A,23426,830,58086,2026-08-29
2026-08-28T08:43:56,1,1300,P,"'-08':3,12 '-28':13 '-29':4 '1':1 '1230':8 '1300':9 '2026':2,11 '23516':5 '2b':6 '43':15 '56':16 'dm':10 'p':7 't08':14",DM,2B,23516,1230,58087,2026-08-29
2026-08-28T08:43:56,1,1630,T,"'-08':3,12 '-28':13 '-29':4 '1':1 '1330':8 '1630':9 '2026':2,11 '22899':5 '3b':6 '43':15 '56':16 'dm':10 't08':14",Dm,3B,22899,1330,58088,2026-08-29
2026-08-28T08:43:56,1,1930,P,"'-08':3,12 '-28':13 '-29':4 '1':1 '1700':8 '1930':9 '2026':2,11 '26241':5 '3c':6 '43':15 '56':16 'em':10 'p':7 't08':14",EM,3C,26241,1700,58089,2026-08-29
2026-08-28T08:43:56,1,2130,P,"'-08':3,11 '-28':12 '-29':4 '1':1 '2000':8 '2026':2,10 '2130':9 '25646':5 '43':14 '4b':6 '56':15 'p':7 't08':13",,4B,25646,2000,58090,2026-08-29
2026-08-28T08:43:56,1,2400,F,"'-08':3,11 '-28':12 '-29':4 '1':1 '2026':2,10 '20941':5 '2400':8,9 '43':14 '4c':6 '56':15 'f':7 't08':13",,4C,20941,2400,58091,2026-08-29
2026-08-29T08:40:40,1,30,F,"'-08':3,11 '-29':12 '-30':4 '1':1 '1f':6 '2026':2,10 '21486':5 '30':8,9 '40':14,15 'f':7 't08':13",,1F,21486,30,58092,2026-08-30
2026-08-29T08:40:40,1,200,F,"'-08':3,11 '-29':12 '-30':4 '1':1 '1a':6 '200':8,9 '2026':2,10 '20525':5 '40':14,15 'f':7 't08':13",,1A,20525,200,58093,2026-08-30
2026-08-29T08:40:40,1,730,T,"'-08':3,12 '-29':13 '-30':4 '1':1 '17637':5 '1b':6 '2026':2,11 '40':15,16 '430':8 '730':9 'om':10 't08':14",Om,1B,17637,430,58094,2026-08-30
2026-08-29T08:40:40,1,800,F,"'-08':3,11 '-29':12 '-30':4 '1':1 '18619':5 '2026':2,10 '2f':6 '40':14,15 '800':8,9 'f':7 't08':13",,2F,18619,800,58095,2026-08-30
2026-08-29T08:40:40,1,1200,P,"'-08':3,12 '-29':13 '-30':4 '1':1 '1200':9 '20030':5 '2026':2,11 '2a':6 '40':15,16 '830':8 'dm':10 'p':7 't08':14",DM,2A,20030,830,58096,2026-08-30
2026-08-29T08:40:40,1,1300,P,"'-08':3,11 '-29':12 '-30':4 '1':1 '1230':8 '1300':9 '19677':5 '2026':2,10 '2b':6 '40':14,15 'p':7 't08':13",,2B,19677,1230,58097,2026-08-30
2026-08-29T08:40:40,1,1630,T,"'-08':3,12 '-29':13 '-30':4 '1':1 '1330':8 '1630':9 '19162':5 '2026':2,11 '3b':6 '40':15,16 'dm':10 't08':14",Dm,3B,19162,1330,58098,2026-08-30
2026-08-29T08:40:40,1,1900,P,"'-08':3,11 '-29':12 '-30':4 '1':1 '1700':8 '1900':9 '2026':2,10 '25086':5 '3c':6 '40':14,15 'p':7 't08':13",,3C,25086,1700,58099,2026-08-30
2026-08-29T08:40:40,1,2100,P,"'-08':3,12 '-29':13 '-30':4 '1':1 '1930':8 '2026':2,11 '2100':9 '25227':5 '40':15,16 '4b':6 'em':10 'p':7 't08':14",EM,4B,25227,1930,58100,2026-08-30
2026-08-29T08:40:40,1,2400,F,"'-08':3,11 '-29':12 '-30':4 '1':1 '2026':2,10 '20468':5 '2400':8,9 '40':14,15 '4c':6 'f':7 't08':13",,4C,20468,2400,58101,2026-08-30
2026-08-30T08:42:11,1,30,F,"'-08':3,11 '-30':12 '-31':4 '1':1 '11':15 '1f':6 '2026':2,10 '20401':5 '30':8,9 '42':14 'f':7 't08':13",,1F,20401,30,58102,2026-08-31
2026-08-30T08:42:11,1,200,F,"'-08':3,11 '-30':12 '-31':4 '1':1 '11':15 '19814':5 '1a':6 '200':8,9 '2026':2,10 '42':14 'f':7 't08':13",,1A,19814,200,58103,2026-08-31
2026-08-30T08:42:11,1,730,T,"'-08':3,12 '-30':13 '-31':4 '1':1 '11':16 '17192':5 '1b':6 '2026':2,11 '42':15 '430':8 '730':9 'om':10 't08':14",Om,1B,17192,430,58104,2026-08-31
2026-08-30T08:42:11,1,800,F,"'-08':3,11 '-30':12 '-31':4 '1':1 '11':15 '2026':2,10 '20368':5 '2f':6 '42':14 '800':8,9 'f':7 't08':13",,2F,20368,800,58105,2026-08-31
2026-08-30T08:42:11,1,1200,P,"'-08':3,12 '-30':13 '-31':4 '1':1 '11':16 '1200':9 '2026':2,11 '20900':5 '2a':6 '42':15 '830':8 'dm':10 'p':7 't08':14",DM,2A,20900,830,58106,2026-08-31
2026-08-30T08:42:11,1,1300,P,"'-08':3,11 '-30':12 '-31':4 '1':1 '11':15 '1230':8 '1300':9 '19274':5 '2026':2,10 '2b':6 '42':14 'p':7 't08':13",,2B,19274,1230,58107,2026-08-31
2026-08-30T08:42:11,1,1630,T,"'-08':3,12 '-30':13 '-31':4 '1':1 '11':16 '1330':8 '1630':9 '16882':5 '2026':2,11 '3b':6 '42':15 'dm':10 't08':14",Dm,3B,16882,1330,58108,2026-08-31
2026-08-30T08:42:11,1,1900,P,"'-08':3,11 '-30':12 '-31':4 '1':1 '11':15 '1700':8 '1900':9 '2026':2,10 '25013':5 '3c':6 '42':14 'p':7 't08':13",,3C,25013,1700,58109,2026-08-31
2026-08-30T08:42:11,1,2100,P,"'-08':3,12 '-30':13 '-31':4 '1':1 '11':16 '1930':8 '2026':2,11 '2100':9 '25601':5 '42':15 '4b':6 'em':10 'p':7 't08':14",EM,4B,25601,1930,58110,2026-08-31
2026-08-30T08:42:11,1,2400,F,"'-08':3,11 '-30':12 '-31':4 '1':1 '11':15 '2026':2,10 '21002':5 '2400':8,9 '42':14 '4c':6 'f':7 't08':13",,4C,21002,2400,58111,2026-08-31
2026-09-01T08:27:10,1,30,F,"'-01':12 '-02':4 '-09':3,11 '1':1 '10':15 '1f':6 '2026':2,10 '22193':5 '27':14 '30':8,9 'f':7 't08':13",,1F,22193,30,58112,2026-09-02
2026-09-01T08:27:10,1,200,F,"'-01':12 '-02':4 '-09':3,11 '1':1 '10':15 '1a':6 '200':8,9 '2026':2,10 '21293':5 '27':14 'f':7 't08':13",,1A,21293,200,58113,2026-09-02
2026-09-01T08:27:10,1,730,T,"'-01':13 '-02':4 '-09':3,12 '1':1 '10':16 '1b':6 '20007':5 '2026':2,11 '27':15 '430':8 '730':9 'om':10 't08':14",Om,1B,20007,430,58114,2026-09-02
2026-09-01T08:27:10,1,800,F,"'-01':12 '-02':4 '-09':3,11 '1':1 '10':15 '2026':2,10 '26851':5 '27':14 '2f':6 '800':8,9 'f':7 't08':13",,2F,26851,800,58115,2026-09-02
2026-09-01T08:27:10,1,1200,P,"'-01':13 '-02':4 '-09':3,12 '1':1 '10':16 '1200':9 '2026':2,11 '27':15 '27645':5 '2a':6 '830':8 'dm':10 'p':7 't08':14",DM,2A,27645,830,58116,2026-09-02
2026-09-01T08:27:10,1,1300,P,"'-01':12 '-02':4 '-09':3,11 '1':1 '10':15 '1230':8 '1300':9 '2026':2,10 '26686':5 '27':14 '2b':6 'p':7 't08':13",,2B,26686,1230,58117,2026-09-02
2026-09-01T08:27:10,1,1630,T,"'-01':13 '-02':4 '-09':3,12 '1':1 '10':16 '1330':8 '1630':9 '2026':2,11 '25191':5 '27':15 '3b':6 'dm':10 't08':14",Dm,3B,25191,1330,58118,2026-09-02
2026-09-01T08:27:10,1,1900,P,"'-01':12 '-02':4 '-09':3,11 '1':1 '10':15 '1700':8 '1900':9 '2026':2,10 '27':14 '29046':5 '3c':6 'p':7 't08':13",,3C,29046,1700,58119,2026-09-02
2026-09-01T08:27:10,1,2100,P,"'-01':13 '-02':4 '-09':3,12 '1':1 '10':16 '1930':8 '2026':2,11 '2100':9 '27':15 '29842':5 '4b':6 'em':10 'p':7 't08':14",EM,4B,29842,1930,58120,2026-09-02
2026-09-01T08:27:10,1,2400,F,"'-01':12 '-02':4 '-09':3,11 '1':1 '10':15 '2026':2,10 '22269':5 '2400':8,9 '27':14 '4c':6 'f':7 't08':13",,4C,22269,2400,58121,2026-09-02
2026-09-02T08:33:54,1,30,F,"'-02':12 '-03':4 '-09':3,11 '1':1 '1f':6 '2026':2,10 '21178':5 '30':8,9 '33':14 '54':15 'f':7 't08':13",,1F,21178,30,58122,2026-09-03
2026-09-02T08:33:54,1,200,F,"'-02':12 '-03':4 '-09':3,11 '1':1 '19622':5 '1a':6 '200':8,9 '2026':2,10 '33':14 '54':15 'f':7 't08':13",,1A,19622,200,58123,2026-09-03
2026-09-02T08:33:54,1,730,T,"'-02':13 '-03':4 '-09':3,12 '1':1 '18226':5 '1b':6 '2026':2,11 '33':15 '430':8 '54':16 '730':9 'om':10 't08':14",Om,1B,18226,430,58124,2026-09-03
2026-09-02T08:33:54,1,800,F,"'-02':12 '-03':4 '-09':3,11 '1':1 '2026':2,10 '26082':5 '2f':6 '33':14 '54':15 '800':8,9 'f':7 't08':13",,2F,26082,800,58125,2026-09-03
2026-09-02T08:33:54,1,1200,P,"'-02':13 '-03':4 '-09':3,12 '1':1 '1200':9 '2026':2,11 '26363':5 '2a':6 '33':15 '54':16 '830':8 'dm':10 'p':7 't08':14",DM,2A,26363,830,58126,2026-09-03
2026-09-02T08:33:54,1,1300,P,"'-02':12 '-03':4 '-09':3,11 '1':1 '1230':8 '1300':9 '2026':2,10 '23795':5 '2b':6 '33':14 '54':15 'p':7 't08':13",,2B,23795,1230,58127,2026-09-03
2026-09-02T08:33:54,1,1630,T,"'-02':13 '-03':4 '-09':3,12 '1':1 '1330':8 '1630':9 '2026':2,11 '23097':5 '33':15 '3b':6 '54':16 'dm':10 't08':14",Dm,3B,23097,1330,58128,2026-09-03
2026-09-02T08:33:54,1,1900,P,"'-02':12 '-03':4 '-09':3,11 '1':1 '1700':8 '1900':9 '2026':2,10 '29303':5 '33':14 '3c':6 '54':15 'p':7 't08':13",,3C,29303,1700,58129,2026-09-03
2026-09-02T08:33:54,1,2400,F,"'-02':12 '-03':4 '-09':3,11 '1':1 '2026':2,10 '21728':5 '2400':8,9 '33':14 '4c':6 '54':15 'f':7 't08':13",,4C,21728,2400,58131,2026-09-03
2026-09-02T08:33:54,1,2100,P,"'-02':13 '-03':4 '-09':3,12 '1':1 '1930':8 '2026':2,11 '2100':9 '29740':5 '33':15 '4b':6 '54':16 'em':10 'p':7 't08':14",EM,4B,29740,1930,58130,2026-09-03
